forecast_id,forecast_date,asset_type,model_version,ticker,symbol,benchmark,current_price,primary_scenario,primary_probability,secondary_scenario,secondary_probability,risk_scenario,risk_probability,confluence_score,market_context,sector_context,price_structure_score,volume_confirmation_score,relative_strength_score,news_event_score,alpha_score,outperformance_probability_20d,expected_return_60d,max_drawdown_risk_60d,risk_reward_ratio,data_quality,next_day_expected_range,trigger_levels,stock_specific_drivers,expected_price_by_horizon,actual_1d_return,actual_3d_return,actual_5d_return,actual_10d_return,actual_20d_return,actual_60d_return,actual_return_1d,actual_return_3d,actual_return_5d,actual_return_10d,actual_return_20d,actual_return_60d,primary_hit_1d,primary_hit_3d,primary_hit_5d,primary_hit_10d,primary_hit_20d,primary_hit_60d,primary_hit,range_hit,path_error_1d,path_error_3d,path_error_5d,path_error_10d,path_error_20d,path_error_60d,validation_status,status,top_rank,candidate_type,radar_level,final_radar_score,alpha_quality_score,elasticity_score,catalyst_score,risk_score,expected_next_day_range,actual_next_day_return,actual_next_day_high_low_range,whether_top10_candidate
7c6ae44bdab605fc037b,2026-06-15,stock,stock_baseline_v1,AAPL,AAPL,QQQ,295.69000244140625,stock_failed_bounce,0.2673,stock_downside_continuation,0.2254,stock_failed_bounce,0.2673,16.5,risk_off_pressure,,,,,,,,,,,,,,"{""conflicting"": [""大盘背景对个股路径形成压力。"", ""个股相对强弱弱于基准。"", ""财报、估值、公司新闻或个股期权数据缺失，个股置信度受限。""], ""missing"": [""fundamentals"", ""earnings"", ""company_news"", ""single_stock_options""], ""supporting"": [""当前没有足够强的多源支持证据。""]}","{""10d"": 293.14, ""1d"": 295.34, ""20d"": 292.82, ""3d"": 294.7, ""5d"": 294.06, ""60d"": 292.93}",,,,,,,,,,,,,,,,,,,,,,,,,,,not_yet_validated,pending,,,,,,,,,,,,false
f4a6f0c7b4f76950ab31,2026-06-15,stock,stock_baseline_v1,AMD,AMD,QQQ,551.0250244140625,stock_trend_repair,0.2763,stock_failed_bounce,0.2036,stock_failed_bounce,0.2036,42.66,risk_off_pressure,,,,,,,,,,,,,,"{""conflicting"": [""大盘背景对个股路径形成压力。"", ""财报、估值、公司新闻或个股期权数据缺失，个股置信度受限。""], ""missing"": [""fundamentals"", ""earnings"", ""company_news"", ""single_stock_options""], ""supporting"": [""个股相对强弱优于基准。"", ""价格站在 20d 均线上方。""]}","{""10d"": 546.97, ""1d"": 550.35, ""20d"": 548.88, ""3d"": 549.12, ""5d"": 547.96, ""60d"": 554.23}",,,,,,,,,,,,,,,,,,,,,,,,,,,not_yet_validated,pending,,,,,,,,,,,,false
2fdb35f3138c6dd005f4,2026-06-15,stock,stock_baseline_v1,BABA,BABA,QQQ,113.18499755859375,stock_downside_continuation,0.2847,stock_failed_bounce,0.2324,stock_downside_continuation,0.2847,14.73,risk_off_pressure,,,,,,,,,,,,,,"{""conflicting"": [""大盘背景对个股路径形成压力。"", ""价格仍在 50d 均线下方。"", ""财报、估值、公司新闻或个股期权数据缺失，个股置信度受限。""], ""missing"": [""fundamentals"", ""earnings"", ""company_news"", ""single_stock_options""], ""supporting"": [""当前没有足够强的多源支持证据。""]}","{""10d"": 111.89, ""1d"": 113.0, ""20d"": 111.69, ""3d"": 112.67, ""5d"": 112.35, ""60d"": 111.69}",,,,,,,,,,,,,,,,,,,,,,,,,,,not_yet_validated,pending,,,,,,,,,,,,false
521e86d438cee785f47d,2026-06-15,stock,stock_baseline_v1,CEG,CEG,SPY,262.3500061035156,stock_downside_continuation,0.2448,stock_failed_bounce,0.2396,stock_downside_continuation,0.2448,19.92,risk_off_pressure,conflicting,44.15,42.66,14.57,35,,,,,,50.0,"{""expected"": 261.88, ""lower"": 256.62, ""upper"": 267.13}","{""bounce_target_zone"": {""base"": 268.76, ""conservative"": 268.76, ""extended"": 318.99, ""meaning"": ""概率反抽情景参考区间，不是目标价承诺。"", ""not_trading_instruction"": true, ""source"": ""scenario_path + atr + recent_resistance""}, ""breakdown_level"": {""confidence"": ""low"", ""distance_pct"": -0.0832, ""meaning"": ""跌破该价位说明个股跌破结构风险上升"", ""not_trading_instruction"": true, ""price"": 240.51, ""source"": ""recent_low + risk_activation""}, ""breakout_level"": {""confidence"": ""low"", ""distance_pct"": 0.1833, ""meaning"": ""突破该价位说明个股突破情景需要重新评估"", ""not_trading_instruction"": true, ""price"": 310.45, ""source"": ""recent_high + primary_confirmation""}, ""failed_bounce_warning_zone"": {""critical_warning"": 240.51, ""first_warning"": 257.22, ""meaning"": ""跌入该区间说明失败反抽风险上升。"", ""not_trading_instruction"": true, ""source"": ""risk_path + atr + recent_support""}, ""nearest_resistance"": {""confidence"": ""low"", ""distance_pct"": 0.0488, ""meaning"": ""最近阻力代理，来自近期高点和 ATR 区间"", ""not_trading_instruction"": true, ""price"": 275.16, ""source"": ""price_structure + volatility_band""}, ""nearest_support"": {""confidence"": ""low"", ""distance_pct"": -0.0326, ""meaning"": ""最近支撑代理，来自近期低点和 ATR 区间"", ""not_trading_instruction"": true, ""price"": 253.81, ""source"": ""price_structure + volatility_band""}, ""primary_confirmation_level"": {""confidence"": ""low"", ""distance_pct"": 0.1833, ""meaning"": ""站上该价位说明个股主路径正在兑现"", ""not_trading_instruction"": true, ""price"": 310.45, ""source"": ""price_structure + scenario_path""}, ""primary_invalidation_level"": {""confidence"": ""low"", ""distance_pct"": -0.0832, ""meaning"": ""跌破该价位说明个股主路径失效概率上升"", ""not_trading_instruction"": true, ""price"": 240.51, ""source"": ""recent_low + volatility_band""}, ""risk_scenario_activation_level"": {""confidence"": ""low"", ""distance_pct"": -0.0832, ""meaning"": ""跌破该价位说明个股风险路径权重上升"", ""not_trading_instruction"": true, ""price"": 240.51, ""source"": ""volatility_band""}, ""trend_repair_confirmation_level"": {""confidence"": ""low"", ""distance_pct"": 0.1833, ""meaning"": ""突破该价位说明个股趋势修复概率提高"", ""not_trading_instruction"": true, ""price"": 310.45, ""source"": ""recent_high + scenario_path""}}","{""conflicting"": [""大盘风险背景压低个股置信度"", ""个股弱于所属板块"", ""个股相对弱于大盘/benchmark"", ""主路径和第二路径差距较小""], ""market_context"": ""risk_off_pressure"", ""missing"": [""company_news"", ""earnings"", ""fundamentals"", ""fundamentals_earnings"", ""news_event"", ""options_volatility"", ""single_stock_options""], ""price_close"": 262.3500061035156, ""sector_relative_strength_20d"": -0.038, ""supporting"": [""历史相似结构支持主路径""]}","{""10d"": 258.99, ""1d"": 261.88, ""20d"": 258.57, ""3d"": 261.03, ""5d"": 260.2, ""60d"": 258.72}",,,,,,,,,,,,,,,,,,,,,,,,,,,not_yet_validated,pending,,,,,,,,,,,,false
e8d06de028d2e3a067fe,2026-06-15,stock,stock_baseline_v1,JD,JD,QQQ,28.815000534057617,stock_downside_continuation,0.2296,stock_bounce,0.205,stock_downside_continuation,0.2296,0,risk_off_pressure,,,,,,,,,,,,,,"{""conflicting"": [""大盘背景对个股路径形成压力。"", ""个股相对强弱弱于基准。"", ""价格仍在 50d 均线下方。"", ""财报、估值、公司新闻或个股期权数据缺失，个股置信度受限。""], ""missing"": [""fundamentals"", ""earnings"", ""company_news"", ""single_stock_options""], ""supporting"": [""当前没有足够强的多源支持证据。""]}","{""10d"": 28.68, ""1d"": 28.8, ""20d"": 28.68, ""3d"": 28.76, ""5d"": 28.73, ""60d"": 28.72}",,,,,,,,,,,,,,,,,,,,,,,,,,,not_yet_validated,pending,,,,,,,,,,,,false
95e8e71779de9a2ba5b3,2026-06-15,stock,stock_baseline_v1,KC,KC,QQQ,11.295000076293945,stock_downside_continuation,0.2973,stock_bounce,0.2359,stock_downside_continuation,0.2973,0,risk_off_pressure,,,,,,,,,,,,,,"{""conflicting"": [""大盘背景对个股路径形成压力。"", ""价格仍在 50d 均线下方。"", ""财报、估值、公司新闻或个股期权数据缺失，个股置信度受限。""], ""missing"": [""fundamentals"", ""earnings"", ""company_news"", ""single_stock_options""], ""supporting"": [""当前没有足够强的多源支持证据。""]}","{""10d"": 11.17, ""1d"": 11.27, ""20d"": 11.16, ""3d"": 11.24, ""5d"": 11.21, ""60d"": 11.19}",,,,,,,,,,,,,,,,,,,,,,,,,,,not_yet_validated,pending,,,,,,,,,,,,false
fbca51d1baa4e1cb293d,2026-06-15,stock,stock_baseline_v1,META,META,QQQ,590.9099731445312,stock_downside_continuation,0.2563,stock_failed_bounce,0.2516,stock_downside_continuation,0.2563,16.75,risk_off_pressure,,,,,,,,,,,,,,"{""conflicting"": [""大盘背景对个股路径形成压力。"", ""个股相对强弱弱于基准。"", ""价格仍在 50d 均线下方。"", ""财报、估值、公司新闻或个股期权数据缺失，个股置信度受限。""], ""missing"": [""fundamentals"", ""earnings"", ""company_news"", ""single_stock_options""], ""supporting"": [""当前没有足够强的多源支持证据。""]}","{""10d"": 583.17, ""1d"": 589.79, ""20d"": 582.09, ""3d"": 587.82, ""5d"": 585.91, ""60d"": 582.22}",,,,,,,,,,,,,,,,,,,,,,,,,,,not_yet_validated,pending,,,,,,,,,,,,false
7cdca23ef3b4fb2c9a76,2026-06-15,stock,stock_baseline_v1,MSFT,MSFT,QQQ,397.9700012207031,stock_failed_bounce,0.2589,stock_downside_continuation,0.248,stock_failed_bounce,0.2589,12.82,risk_off_pressure,,,,,,,,,,,,,,"{""conflicting"": [""大盘背景对个股路径形成压力。"", ""个股相对强弱弱于基准。"", ""价格仍在 50d 均线下方。"", ""财报、估值、公司新闻或个股期权数据缺失，个股置信度受限。""], ""missing"": [""fundamentals"", ""earnings"", ""company_news"", ""single_stock_options""], ""supporting"": [""当前没有足够强的多源支持证据。""]}","{""10d"": 393.56, ""1d"": 397.36, ""20d"": 393.0, ""3d"": 396.26, ""5d"": 395.17, ""60d"": 393.15}",,,,,,,,,,,,,,,,,,,,,,,,,,,not_yet_validated,pending,,,,,,,,,,,,false
fca1118c0e7a76fc3755,2026-06-15,stock,stock_baseline_v1,NVDA,NVDA,QQQ,209.42999267578125,stock_downside_continuation,0.2065,stock_failed_bounce,0.2042,stock_downside_continuation,0.2065,8.0,risk_off_pressure,,,,,,,,,,,,,,"{""conflicting"": [""大盘背景对个股路径形成压力。"", ""个股相对强弱弱于基准。"", ""财报、估值、公司新闻或个股期权数据缺失，个股置信度受限。""], ""missing"": [""fundamentals"", ""earnings"", ""company_news"", ""single_stock_options""], ""supporting"": [""当前没有足够强的多源支持证据。""]}","{""10d"": 207.89, ""1d"": 209.22, ""20d"": 207.92, ""3d"": 208.83, ""5d"": 208.44, ""60d"": 208.47}",,,,,,,,,,,,,,,,,,,,,,,,,,,not_yet_validated,pending,,,,,,,,,,,,false
9d97048af3744e5d6a1c,2026-06-15,stock,stock_baseline_v1,PLTR,PLTR,QQQ,132.2100067138672,stock_failed_bounce,0.2473,stock_downside_continuation,0.2215,stock_failed_bounce,0.2473,13.87,risk_off_pressure,,,,,,,,,,,,,,"{""conflicting"": [""大盘背景对个股路径形成压力。"", ""个股相对强弱弱于基准。"", ""价格仍在 50d 均线下方。"", ""财报、估值、公司新闻或个股期权数据缺失，个股置信度受限。""], ""missing"": [""fundamentals"", ""earnings"", ""company_news"", ""single_stock_options""], ""supporting"": [""当前没有足够强的多源支持证据。""]}","{""10d"": 130.02, ""1d"": 131.92, ""20d"": 129.79, ""3d"": 131.37, ""5d"": 130.83, ""60d"": 129.97}",,,,,,,,,,,,,,,,,,,,,,,,,,,not_yet_validated,pending,,,,,,,,,,,,false
4bc19f61122974e65815,2026-06-15,stock,stock_baseline_v1,SMCI,SMCI,QQQ,31.360000610351562,stock_failed_bounce,0.3254,stock_downside_continuation,0.1733,stock_failed_bounce,0.3254,25.38,risk_off_pressure,,,,,,,,,,,,,,"{""conflicting"": [""大盘背景对个股路径形成压力。"", ""个股相对强弱弱于基准。"", ""价格仍在 50d 均线下方。"", ""财报、估值、公司新闻或个股期权数据缺失，个股置信度受限。""], ""missing"": [""fundamentals"", ""earnings"", ""company_news"", ""single_stock_options""], ""supporting"": [""当前没有足够强的多源支持证据。""]}","{""10d"": 29.87, ""1d"": 31.19, ""20d"": 29.73, ""3d"": 30.82, ""5d"": 30.45, ""60d"": 29.83}",,,,,,,,,,,,,,,,,,,,,,,,,,,not_yet_validated,pending,,,,,,,,,,,,false
a2929a38786251b47441,2026-06-15,stock,stock_baseline_v1,SMR,SMR,IWM,10.640000343322754,stock_downside_continuation,0.2377,stock_failed_bounce,0.2239,stock_downside_continuation,0.2377,13.84,risk_off_pressure,conflicting,31.66,44.98,2.28,35,,,,,,50.0,"{""expected"": 10.59, ""lower"": 10.01, ""upper"": 11.17}","{""bounce_target_zone"": {""base"": 11.35, ""conservative"": 11.35, ""extended"": 15.25, ""meaning"": ""概率反抽情景参考区间，不是目标价承诺。"", ""not_trading_instruction"": true, ""source"": ""scenario_path + atr + recent_resistance""}, ""breakdown_level"": {""confidence"": ""low"", ""distance_pct"": -0.1429, ""meaning"": ""跌破该价位说明个股跌破结构风险上升"", ""not_trading_instruction"": true, ""price"": 9.12, ""source"": ""recent_low + risk_activation""}, ""breakout_level"": {""confidence"": ""low"", ""distance_pct"": 0.344, ""meaning"": ""突破该价位说明个股突破情景需要重新评估"", ""not_trading_instruction"": true, ""price"": 14.3, ""source"": ""recent_high + primary_confirmation""}, ""failed_bounce_warning_zone"": {""critical_warning"": 9.12, ""first_warning"": 10.07, ""meaning"": ""跌入该区间说明失败反抽风险上升。"", ""not_trading_instruction"": true, ""source"": ""risk_path + atr + recent_support""}, ""nearest_resistance"": {""confidence"": ""low"", ""distance_pct"": 0.1334, ""meaning"": ""最近阻力代理，来自近期高点和 ATR 区间"", ""not_trading_instruction"": true, ""price"": 12.06, ""source"": ""price_structure + volatility_band""}, ""nearest_support"": {""confidence"": ""low"", ""distance_pct"": -0.089, ""meaning"": ""最近支撑代理，来自近期低点和 ATR 区间"", ""not_trading_instruction"": true, ""price"": 9.69, ""source"": ""price_structure + volatility_band""}, ""primary_confirmation_level"": {""confidence"": ""low"", ""distance_pct"": 0.344, ""meaning"": ""站上该价位说明个股主路径正在兑现"", ""not_trading_instruction"": true, ""price"": 14.3, ""source"": ""price_structure + scenario_path""}, ""primary_invalidation_level"": {""confidence"": ""low"", ""distance_pct"": -0.1429, ""meaning"": ""跌破该价位说明个股主路径失效概率上升"", ""not_trading_instruction"": true, ""price"": 9.12, ""source"": ""recent_low + volatility_band""}, ""risk_scenario_activation_level"": {""confidence"": ""low"", ""distance_pct"": -0.1429, ""meaning"": ""跌破该价位说明个股风险路径权重上升"", ""not_trading_instruction"": true, ""price"": 9.12, ""source"": ""volatility_band""}, ""trend_repair_confirmation_level"": {""confidence"": ""low"", ""distance_pct"": 0.344, ""meaning"": ""突破该价位说明个股趋势修复概率提高"", ""not_trading_instruction"": true, ""price"": 14.3, ""source"": ""recent_high + scenario_path""}}","{""conflicting"": [""大盘风险背景压低个股置信度"", ""个股弱于所属板块"", ""价格结构与主路径冲突"", ""个股相对弱于大盘/benchmark"", ""历史相似结构与主路径冲突"", ""主路径和第二路径差距较小""], ""market_context"": ""risk_off_pressure"", ""missing"": [""company_news"", ""earnings"", ""fundamentals"", ""fundamentals_earnings"", ""news_event"", ""options_volatility"", ""single_stock_options""], ""price_close"": 10.640000343322754, ""sector_relative_strength_20d"": -0.0724, ""supporting"": [""当前没有足够强的多源支持证据。""]}","{""10d"": 10.3, ""1d"": 10.59, ""20d"": 10.26, ""3d"": 10.5, ""5d"": 10.42, ""60d"": 10.29}",,,,,,,,,,,,,,,,,,,,,,,,,,,not_yet_validated,pending,,,,,,,,,,,,false
002b035b4b69057a1cb5,2026-06-15,stock,stock_baseline_v1,TSLA,TSLA,QQQ,411.5400085449219,stock_failed_bounce,0.2059,stock_bounce,0.1891,stock_failed_bounce,0.2059,0,risk_off_pressure,,,,,,,,,,,,,,"{""conflicting"": [""大盘背景对个股路径形成压力。"", ""个股相对强弱弱于基准。"", ""财报、估值、公司新闻或个股期权数据缺失，个股置信度受限。""], ""missing"": [""fundamentals"", ""earnings"", ""company_news"", ""single_stock_options""], ""supporting"": [""当前没有足够强的多源支持证据。""]}","{""10d"": 408.73, ""1d"": 411.19, ""20d"": 408.97, ""3d"": 410.47, ""5d"": 409.75, ""60d"": 410.33}",,,,,,,,,,,,,,,,,,,,,,,,,,,not_yet_validated,pending,,,,,,,,,,,,false
81518db5a98b93a7e5d8,2026-06-16,stock,stock_baseline_v1,CEG,CEG,SPY,268.0,stock_failed_bounce,0.2514,stock_downside_continuation,0.238,stock_failed_bounce,0.2514,37.48,risk_off_pressure,neutral,52.33,58.52,32.69,68.66,24.5,0.4837,-0.0122,0.1697,0.45,87.5,"{""expected"": 267.58, ""lower"": 262.48, ""upper"": 272.68}","{""bounce_target_zone"": {""base"": 274.22, ""conservative"": 274.22, ""extended"": 318.74, ""meaning"": ""概率反抽情景参考区间，不是目标价承诺。"", ""not_trading_instruction"": true, ""source"": ""scenario_path + atr + recent_resistance""}, ""breakdown_level"": {""confidence"": ""low"", ""distance_pct"": -0.1026, ""meaning"": ""跌破该价位说明个股跌破结构风险上升"", ""not_trading_instruction"": true, ""price"": 240.51, ""source"": ""recent_low + risk_activation""}, ""breakout_level"": {""confidence"": ""low"", ""distance_pct"": 0.1584, ""meaning"": ""突破该价位说明个股突破情景需要重新评估"", ""not_trading_instruction"": true, ""price"": 310.45, ""source"": ""recent_high + primary_confirmation""}, ""failed_bounce_warning_zone"": {""critical_warning"": 240.51, ""first_warning"": 263.34, ""meaning"": ""跌入该区间说明失败反抽风险上升。"", ""not_trading_instruction"": true, ""source"": ""risk_path + atr + recent_support""}, ""nearest_resistance"": {""confidence"": ""low"", ""distance_pct"": 0.0464, ""meaning"": ""最近阻力代理，来自近期高点和 ATR 区间"", ""not_trading_instruction"": true, ""price"": 280.44, ""source"": ""price_structure + volatility_band""}, ""nearest_support"": {""confidence"": ""low"", ""distance_pct"": -0.0309, ""meaning"": ""最近支撑代理，来自近期低点和 ATR 区间"", ""not_trading_instruction"": true, ""price"": 259.71, ""source"": ""price_structure + volatility_band""}, ""primary_confirmation_level"": {""confidence"": ""low"", ""distance_pct"": 0.1584, ""meaning"": ""站上该价位说明个股主路径正在兑现"", ""not_trading_instruction"": true, ""price"": 310.45, ""source"": ""price_structure + scenario_path""}, ""primary_invalidation_level"": {""confidence"": ""low"", ""distance_pct"": -0.1026, ""meaning"": ""跌破该价位说明个股主路径失效概率上升"", ""not_trading_instruction"": true, ""price"": 240.51, ""source"": ""recent_low + volatility_band""}, ""risk_scenario_activation_level"": {""confidence"": ""low"", ""distance_pct"": -0.1026, ""meaning"": ""跌破该价位说明个股风险路径权重上升"", ""not_trading_instruction"": true, ""price"": 240.51, ""source"": ""volatility_band""}, ""trend_repair_confirmation_level"": {""confidence"": ""low"", ""distance_pct"": 0.1584, ""meaning"": ""突破该价位说明个股趋势修复概率提高"", ""not_trading_instruction"": true, ""price"": 310.45, ""source"": ""recent_high + scenario_path""}}","{""conflicting"": [""大盘风险背景压低个股置信度"", ""个股相对弱于大盘/benchmark"", ""个股 Alpha 评分已接入"", ""主路径和第二路径差距较小""], ""market_context"": ""risk_off_pressure"", ""missing"": [""options_volatility"", ""single_stock_options""], ""price_close"": 268.0, ""sector_relative_strength_20d"": -0.0026, ""supporting"": [""近期公司新闻偏支持"", ""基础财务指标偏支持""]}","{""10d"": 264.87, ""1d"": 267.58, ""20d"": 264.53, ""3d"": 266.8, ""5d"": 266.02, ""60d"": 264.74}",,,,,,,,,,,,,,,,,,,,,,,,,,,not_yet_validated,pending,,,,,,,,,,,,false
b51373ec1a9e8a7a3016,2026-06-16,stock,stock_baseline_v1,NVDA,NVDA,QQQ,207.41000366210938,stock_failed_bounce,0.2658,stock_downside_continuation,0.2434,stock_failed_bounce,0.2658,37.26,risk_off_pressure,conflicting,44.18,33.36,27.05,100,34.5,0.4372,-0.0165,0.1531,0.46,87.5,"{""expected"": 206.97, ""lower"": 202.86, ""upper"": 211.08}","{""bounce_target_zone"": {""base"": 212.43, ""conservative"": 212.43, ""extended"": 238.97, ""meaning"": ""概率反抽情景参考区间，不是目标价承诺。"", ""not_trading_instruction"": true, ""source"": ""scenario_path + atr + recent_resistance""}, ""breakdown_level"": {""confidence"": ""low"", ""distance_pct"": -0.0444, ""meaning"": ""跌破该价位说明个股跌破结构风险上升"", ""not_trading_instruction"": true, ""price"": 198.21, ""source"": ""recent_low + risk_activation""}, ""breakout_level"": {""confidence"": ""low"", ""distance_pct"": 0.1199, ""meaning"": ""突破该价位说明个股突破情景需要重新评估"", ""not_trading_instruction"": true, ""price"": 232.28, ""source"": ""recent_high + primary_confirmation""}, ""failed_bounce_warning_zone"": {""critical_warning"": 199.34, ""first_warning"": 203.65, ""meaning"": ""跌入该区间说明失败反抽风险上升。"", ""not_trading_instruction"": true, ""source"": ""risk_path + atr + recent_support""}, ""nearest_resistance"": {""confidence"": ""low"", ""distance_pct"": 0.0484, ""meaning"": ""最近阻力代理，来自近期高点和 ATR 区间"", ""not_trading_instruction"": true, ""price"": 217.45, ""source"": ""price_structure + volatility_band""}, ""nearest_support"": {""confidence"": ""low"", ""distance_pct"": -0.0323, ""meaning"": ""最近支撑代理，来自近期低点和 ATR 区间"", ""not_trading_instruction"": true, ""price"": 200.72, ""source"": ""price_structure + volatility_band""}, ""primary_confirmation_level"": {""confidence"": ""low"", ""distance_pct"": 0.1199, ""meaning"": ""站上该价位说明个股主路径正在兑现"", ""not_trading_instruction"": true, ""price"": 232.28, ""source"": ""price_structure + scenario_path""}, ""primary_invalidation_level"": {""confidence"": ""low"", ""distance_pct"": -0.0389, ""meaning"": ""跌破该价位说明个股主路径失效概率上升"", ""not_trading_instruction"": true, ""price"": 199.34, ""source"": ""recent_low + volatility_band""}, ""risk_scenario_activation_level"": {""confidence"": ""low"", ""distance_pct"": -0.0444, ""meaning"": ""跌破该价位说明个股风险路径权重上升"", ""not_trading_instruction"": true, ""price"": 198.21, ""source"": ""volatility_band""}, ""trend_repair_confirmation_level"": {""confidence"": ""low"", ""distance_pct"": 0.1199, ""meaning"": ""突破该价位说明个股趋势修复概率提高"", ""not_trading_instruction"": true, ""price"": 232.28, ""source"": ""recent_high + scenario_path""}}","{""conflicting"": [""大盘风险背景压低个股置信度"", ""个股弱于所属板块"", ""成交量不确认当前路径"", ""个股相对弱于大盘/benchmark"", ""公司新闻或财报事件风险上升"", ""个股 Alpha 评分已接入"", ""主路径和第二路径差距较小""], ""market_context"": ""risk_off_pressure"", ""missing"": [""options_volatility"", ""single_stock_options""], ""price_close"": 207.41000366210938, ""sector_relative_strength_20d"": -0.1363, ""supporting"": [""基础财务指标偏支持"", ""历史相似结构支持主路径""]}","{""10d"": 204.34, ""1d"": 206.97, ""20d"": 203.92, ""3d"": 206.19, ""5d"": 205.43, ""60d"": 203.98}",,,,,,,,,,,,,,,,,,,,,,,,,,,not_yet_validated,pending,,,,,,,,,,,,false
87f6590a85eb1aaabfcc,2026-06-16,stock,stock_baseline_v1,SMR,SMR,IWM,9.890000343322754,stock_downside_continuation,0.2419,stock_failed_bounce,0.2075,stock_downside_continuation,0.2419,28.21,risk_off_pressure,conflicting,13.58,40.7,50.0,53.96,0,0.2882,-0.0303,0.4609,0.59,87.5,"{""expected"": 9.85, ""lower"": 9.26, ""upper"": 10.44}","{""bounce_target_zone"": {""base"": 10.61, ""conservative"": 10.61, ""extended"": 15.26, ""meaning"": ""概率反抽情景参考区间，不是目标价承诺。"", ""not_trading_instruction"": true, ""source"": ""scenario_path + atr + recent_resistance""}, ""breakdown_level"": {""confidence"": ""low"", ""distance_pct"": -0.1335, ""meaning"": ""跌破该价位说明个股跌破结构风险上升"", ""not_trading_instruction"": true, ""price"": 8.57, ""source"": ""recent_low + risk_activation""}, ""breakout_level"": {""confidence"": ""low"", ""distance_pct"": 0.4459, ""meaning"": ""突破该价位说明个股突破情景需要重新评估"", ""not_trading_instruction"": true, ""price"": 14.3, ""source"": ""recent_high + primary_confirmation""}, ""failed_bounce_warning_zone"": {""critical_warning"": 8.63, ""first_warning"": 9.31, ""meaning"": ""跌入该区间说明失败反抽风险上升。"", ""not_trading_instruction"": true, ""source"": ""risk_path + atr + recent_support""}, ""nearest_resistance"": {""confidence"": ""low"", ""distance_pct"": 0.1456, ""meaning"": ""最近阻力代理，来自近期高点和 ATR 区间"", ""not_trading_instruction"": true, ""price"": 11.33, ""source"": ""price_structure + volatility_band""}, ""nearest_support"": {""confidence"": ""low"", ""distance_pct"": -0.0779, ""meaning"": ""最近支撑代理，来自近期低点和 ATR 区间"", ""not_trading_instruction"": true, ""price"": 9.12, ""source"": ""price_structure + volatility_band""}, ""primary_confirmation_level"": {""confidence"": ""low"", ""distance_pct"": 0.4459, ""meaning"": ""站上该价位说明个股主路径正在兑现"", ""not_trading_instruction"": true, ""price"": 14.3, ""source"": ""price_structure + scenario_path""}, ""primary_invalidation_level"": {""confidence"": ""low"", ""distance_pct"": -0.0789, ""meaning"": ""跌破该价位说明个股主路径失效概率上升"", ""not_trading_instruction"": true, ""price"": 9.11, ""source"": ""recent_low + volatility_band""}, ""risk_scenario_activation_level"": {""confidence"": ""low"", ""distance_pct"": -0.1335, ""meaning"": ""跌破该价位说明个股风险路径权重上升"", ""not_trading_instruction"": true, ""price"": 8.57, ""source"": ""volatility_band""}, ""trend_repair_confirmation_level"": {""confidence"": ""low"", ""distance_pct"": 0.4459, ""meaning"": ""突破该价位说明个股趋势修复概率提高"", ""not_trading_instruction"": true, ""price"": 14.3, ""source"": ""recent_high + scenario_path""}}","{""conflicting"": [""大盘风险背景压低个股置信度"", ""个股弱于所属板块"", ""价格结构与主路径冲突"", ""成交量不确认当前路径"", ""基础财务指标偏弱"", ""历史相似结构与主路径冲突"", ""个股 Alpha 评分已接入"", ""主路径和第二路径差距较小""], ""market_context"": ""risk_off_pressure"", ""missing"": [""options_volatility"", ""single_stock_options""], ""price_close"": 9.890000343322754, ""sector_relative_strength_20d"": -0.0818, ""supporting"": [""当前没有足够强的多源支持证据。""]}","{""10d"": 9.58, ""1d"": 9.85, ""20d"": 9.56, ""3d"": 9.77, ""5d"": 9.69, ""60d"": 9.59}",,,,,,,,,,,,,,,,,,,,,,,,,,,not_yet_validated,pending,,,,,,,,,,,,false
546628ce69369fa7603f,2026-06-16,stock,stock_baseline_v1,TSLA,TSLA,QQQ,404.6600036621094,stock_failed_bounce,0.2643,stock_downside_continuation,0.2127,stock_failed_bounce,0.2643,33.03,risk_off_pressure,conflicting,49.45,35.95,27.67,100,0,0.3424,-0.0154,0.1672,0.47,87.5,"{""expected"": 403.85, ""lower"": 395.1, ""upper"": 412.61}","{""bounce_target_zone"": {""base"": 415.33, ""conservative"": 415.33, ""extended"": 459.83, ""meaning"": ""概率反抽情景参考区间，不是目标价承诺。"", ""not_trading_instruction"": true, ""source"": ""scenario_path + atr + recent_resistance""}, ""breakdown_level"": {""confidence"": ""low"", ""distance_pct"": -0.0606, ""meaning"": ""跌破该价位说明个股跌破结构风险上升"", ""not_trading_instruction"": true, ""price"": 380.15, ""source"": ""recent_low + risk_activation""}, ""breakout_level"": {""confidence"": ""low"", ""distance_pct"": 0.1012, ""meaning"": ""突破该价位说明个股突破情景需要重新评估"", ""not_trading_instruction"": true, ""price"": 445.6, ""source"": ""recent_high + primary_confirmation""}, ""failed_bounce_warning_zone"": {""critical_warning"": 380.15, ""first_warning"": 396.66, ""meaning"": ""跌入该区间说明失败反抽风险上升。"", ""not_trading_instruction"": true, ""source"": ""risk_path + atr + recent_support""}, ""nearest_resistance"": {""confidence"": ""low"", ""distance_pct"": 0.0527, ""meaning"": ""最近阻力代理，来自近期高点和 ATR 区间"", ""not_trading_instruction"": true, ""price"": 426.0, ""source"": ""price_structure + volatility_band""}, ""nearest_support"": {""confidence"": ""low"", ""distance_pct"": -0.0352, ""meaning"": ""最近支撑代理，来自近期低点和 ATR 区间"", ""not_trading_instruction"": true, ""price"": 390.43, ""source"": ""price_structure + volatility_band""}, ""primary_confirmation_level"": {""confidence"": ""low"", ""distance_pct"": 0.1012, ""meaning"": ""站上该价位说明个股主路径正在兑现"", ""not_trading_instruction"": true, ""price"": 445.6, ""source"": ""price_structure + scenario_path""}, ""primary_invalidation_level"": {""confidence"": ""low"", ""distance_pct"": -0.0606, ""meaning"": ""跌破该价位说明个股主路径失效概率上升"", ""not_trading_instruction"": true, ""price"": 380.15, ""source"": ""recent_low + volatility_band""}, ""risk_scenario_activation_level"": {""confidence"": ""low"", ""distance_pct"": -0.0606, ""meaning"": ""跌破该价位说明个股风险路径权重上升"", ""not_trading_instruction"": true, ""price"": 380.15, ""source"": ""volatility_band""}, ""trend_repair_confirmation_level"": {""confidence"": ""low"", ""distance_pct"": 0.1012, ""meaning"": ""突破该价位说明个股趋势修复概率提高"", ""not_trading_instruction"": true, ""price"": 445.6, ""source"": ""recent_high + scenario_path""}}","{""conflicting"": [""大盘风险背景压低个股置信度"", ""个股弱于所属板块"", ""成交量不确认当前路径"", ""个股相对弱于大盘/benchmark"", ""公司新闻或财报事件风险上升"", ""历史相似结构与主路径冲突"", ""个股 Alpha 评分已接入"", ""主路径和第二路径差距较小""], ""market_context"": ""risk_off_pressure"", ""missing"": [""options_volatility"", ""single_stock_options""], ""price_close"": 404.6600036621094, ""sector_relative_strength_20d"": -0.0314, ""supporting"": [""基础财务指标已接入且收入增长为正。""]}","{""10d"": 398.79, ""1d"": 403.85, ""20d"": 398.11, ""3d"": 402.36, ""5d"": 400.91, ""60d"": 398.44}",,,,,,,,,,,,,,,,,,,,,,,,,,,not_yet_validated,pending,,,,,,,,,,,,false
07a6a1050fd910990c46,2026-06-17,stock,stock_baseline_v1,CEG,CEG,SPY,267.1700134277344,stock_failed_bounce,0.2512,stock_downside_continuation,0.2388,stock_failed_bounce,0.2512,39.12,risk_off_pressure,supportive,56.57,56.31,33.95,72,30.5,0.5141,-0.0121,0.1723,0.45,87.5,"{""expected"": 266.75, ""lower"": 261.69, ""upper"": 271.81}","{""bounce_target_zone"": {""base"": 273.33, ""conservative"": 273.33, ""extended"": 318.67, ""meaning"": ""概率反抽情景参考区间，不是目标价承诺。"", ""not_trading_instruction"": true, ""source"": ""scenario_path + atr + recent_resistance""}, ""breakdown_level"": {""confidence"": ""low"", ""distance_pct"": -0.0998, ""meaning"": ""跌破该价位说明个股跌破结构风险上升"", ""not_trading_instruction"": true, ""price"": 240.51, ""source"": ""recent_low + risk_activation""}, ""breakout_level"": {""confidence"": ""low"", ""distance_pct"": 0.162, ""meaning"": ""突破该价位说明个股突破情景需要重新评估"", ""not_trading_instruction"": true, ""price"": 310.45, ""source"": ""recent_high + primary_confirmation""}, ""failed_bounce_warning_zone"": {""critical_warning"": 240.51, ""first_warning"": 262.55, ""meaning"": ""跌入该区间说明失败反抽风险上升。"", ""not_trading_instruction"": true, ""source"": ""risk_path + atr + recent_support""}, ""nearest_resistance"": {""confidence"": ""low"", ""distance_pct"": 0.0461, ""meaning"": ""最近阻力代理，来自近期高点和 ATR 区间"", ""not_trading_instruction"": true, ""price"": 279.5, ""source"": ""price_structure + volatility_band""}, ""nearest_support"": {""confidence"": ""low"", ""distance_pct"": -0.0308, ""meaning"": ""最近支撑代理，来自近期低点和 ATR 区间"", ""not_trading_instruction"": true, ""price"": 258.95, ""source"": ""price_structure + volatility_band""}, ""primary_confirmation_level"": {""confidence"": ""low"", ""distance_pct"": 0.162, ""meaning"": ""站上该价位说明个股主路径正在兑现"", ""not_trading_instruction"": true, ""price"": 310.45, ""source"": ""price_structure + scenario_path""}, ""primary_invalidation_level"": {""confidence"": ""low"", ""distance_pct"": -0.0998, ""meaning"": ""跌破该价位说明个股主路径失效概率上升"", ""not_trading_instruction"": true, ""price"": 240.51, ""source"": ""recent_low + volatility_band""}, ""risk_scenario_activation_level"": {""confidence"": ""low"", ""distance_pct"": -0.0998, ""meaning"": ""跌破该价位说明个股风险路径权重上升"", ""not_trading_instruction"": true, ""price"": 240.51, ""source"": ""volatility_band""}, ""trend_repair_confirmation_level"": {""confidence"": ""low"", ""distance_pct"": 0.162, ""meaning"": ""突破该价位说明个股趋势修复概率提高"", ""not_trading_instruction"": true, ""price"": 310.45, ""source"": ""recent_high + scenario_path""}}","{""conflicting"": [""大盘风险背景压低个股置信度"", ""个股相对弱于大盘/benchmark"", ""历史相似结构与主路径冲突"", ""个股 Alpha 评分已接入"", ""主路径和第二路径差距较小""], ""market_context"": ""risk_off_pressure"", ""missing"": [""options_volatility"", ""single_stock_options""], ""price_close"": 267.1700134277344, ""sector_relative_strength_20d"": 0.0222, ""supporting"": [""个股跑赢所属板块"", ""近期公司新闻偏支持"", ""基础财务指标偏支持""]}","{""10d"": 264.08, ""1d"": 266.75, ""20d"": 263.74, ""3d"": 265.98, ""5d"": 265.21, ""60d"": 263.95}",,,,,,,,,,,,,,,,,,,,,,,,,,,not_yet_validated,pending,,,,,,,,,,,,false
1087ead084d3ed13ba3c,2026-06-17,stock,stock_baseline_v1,NVDA,NVDA,QQQ,204.64999389648438,stock_failed_bounce,0.2601,stock_downside_continuation,0.2493,stock_failed_bounce,0.2601,36.88,risk_off_pressure,conflicting,44.41,32.5,25.87,100,32.5,0.4282,-0.017,0.1573,0.46,87.5,"{""expected"": 204.21, ""lower"": 200.04, ""upper"": 208.37}","{""bounce_target_zone"": {""base"": 209.73, ""conservative"": 209.73, ""extended"": 239.05, ""meaning"": ""概率反抽情景参考区间，不是目标价承诺。"", ""not_trading_instruction"": true, ""source"": ""scenario_path + atr + recent_resistance""}, ""breakdown_level"": {""confidence"": ""low"", ""distance_pct"": -0.0455, ""meaning"": ""跌破该价位说明个股跌破结构风险上升"", ""not_trading_instruction"": true, ""price"": 195.34, ""source"": ""recent_low + risk_activation""}, ""breakout_level"": {""confidence"": ""low"", ""distance_pct"": 0.135, ""meaning"": ""突破该价位说明个股突破情景需要重新评估"", ""not_trading_instruction"": true, ""price"": 232.28, ""source"": ""recent_high + primary_confirmation""}, ""failed_bounce_warning_zone"": {""critical_warning"": 197.02, ""first_warning"": 200.84, ""meaning"": ""跌入该区间说明失败反抽风险上升。"", ""not_trading_instruction"": true, ""source"": ""risk_path + atr + recent_support""}, ""nearest_resistance"": {""confidence"": ""low"", ""distance_pct"": 0.0497, ""meaning"": ""最近阻力代理，来自近期高点和 ATR 区间"", ""not_trading_instruction"": true, ""price"": 214.81, ""source"": ""price_structure + volatility_band""}, ""nearest_support"": {""confidence"": ""low"", ""distance_pct"": -0.0259, ""meaning"": ""最近支撑代理，来自近期低点和 ATR 区间"", ""not_trading_instruction"": true, ""price"": 199.34, ""source"": ""price_structure + volatility_band""}, ""primary_confirmation_level"": {""confidence"": ""low"", ""distance_pct"": 0.135, ""meaning"": ""站上该价位说明个股主路径正在兑现"", ""not_trading_instruction"": true, ""price"": 232.28, ""source"": ""price_structure + scenario_path""}, ""primary_invalidation_level"": {""confidence"": ""low"", ""distance_pct"": -0.0269, ""meaning"": ""跌破该价位说明个股主路径失效概率上升"", ""not_trading_instruction"": true, ""price"": 199.15, ""source"": ""recent_low + volatility_band""}, ""risk_scenario_activation_level"": {""confidence"": ""low"", ""distance_pct"": -0.0455, ""meaning"": ""跌破该价位说明个股风险路径权重上升"", ""not_trading_instruction"": true, ""price"": 195.34, ""source"": ""volatility_band""}, ""trend_repair_confirmation_level"": {""confidence"": ""low"", ""distance_pct"": 0.135, ""meaning"": ""突破该价位说明个股趋势修复概率提高"", ""not_trading_instruction"": true, ""price"": 232.28, ""source"": ""recent_high + scenario_path""}}","{""conflicting"": [""大盘风险背景压低个股置信度"", ""个股弱于所属板块"", ""成交量不确认当前路径"", ""个股相对弱于大盘/benchmark"", ""公司新闻或财报事件风险上升"", ""个股 Alpha 评分已接入"", ""主路径和第二路径差距较小""], ""market_context"": ""risk_off_pressure"", ""missing"": [""options_volatility"", ""single_stock_options""], ""price_close"": 204.64999389648438, ""sector_relative_strength_20d"": -0.1448, ""supporting"": [""基础财务指标偏支持"", ""历史相似结构支持主路径""]}","{""10d"": 201.56, ""1d"": 204.21, ""20d"": 201.12, ""3d"": 203.41, ""5d"": 202.65, ""60d"": 201.17}",,,,,,,,,,,,,,,,,,,,,,,,,,,not_yet_validated,pending,,,,,,,,,,,,false
2eae000c78414bd95d85,2026-06-17,stock,stock_baseline_v1,SMR,SMR,IWM,10.34000015258789,stock_downside_continuation,0.2165,stock_failed_bounce,0.2129,stock_downside_continuation,0.2165,33.19,risk_off_pressure,supportive,41.7,68.64,17.99,66.86,10.0,0.3928,-0.0174,0.4412,0.65,87.5,"{""expected"": 10.31, ""lower"": 9.72, ""upper"": 10.9}","{""bounce_target_zone"": {""base"": 11.06, ""conservative"": 11.06, ""extended"": 15.26, ""meaning"": ""概率反抽情景参考区间，不是目标价承诺。"", ""not_trading_instruction"": true, ""source"": ""scenario_path + atr + recent_resistance""}, ""breakdown_level"": {""confidence"": ""low"", ""distance_pct"": -0.1277, ""meaning"": ""跌破该价位说明个股跌破结构风险上升"", ""not_trading_instruction"": true, ""price"": 9.02, ""source"": ""recent_low + risk_activation""}, ""breakout_level"": {""confidence"": ""low"", ""distance_pct"": 0.383, ""meaning"": ""突破该价位说明个股突破情景需要重新评估"", ""not_trading_instruction"": true, ""price"": 14.3, ""source"": ""recent_high + primary_confirmation""}, ""failed_bounce_warning_zone"": {""critical_warning"": 9.08, ""first_warning"": 9.76, ""meaning"": ""跌入该区间说明失败反抽风险上升。"", ""not_trading_instruction"": true, ""source"": ""risk_path + atr + recent_support""}, ""nearest_resistance"": {""confidence"": ""low"", ""distance_pct"": 0.1393, ""meaning"": ""最近阻力代理，来自近期高点和 ATR 区间"", ""not_trading_instruction"": true, ""price"": 11.78, ""source"": ""price_structure + volatility_band""}, ""nearest_support"": {""confidence"": ""low"", ""distance_pct"": -0.0929, ""meaning"": ""最近支撑代理，来自近期低点和 ATR 区间"", ""not_trading_instruction"": true, ""price"": 9.38, ""source"": ""price_structure + volatility_band""}, ""primary_confirmation_level"": {""confidence"": ""low"", ""distance_pct"": 0.383, ""meaning"": ""站上该价位说明个股主路径正在兑现"", ""not_trading_instruction"": true, ""price"": 14.3, ""source"": ""price_structure + scenario_path""}, ""primary_invalidation_level"": {""confidence"": ""low"", ""distance_pct"": -0.118, ""meaning"": ""跌破该价位说明个股主路径失效概率上升"", ""not_trading_instruction"": true, ""price"": 9.12, ""source"": ""recent_low + volatility_band""}, ""risk_scenario_activation_level"": {""confidence"": ""low"", ""distance_pct"": -0.1277, ""meaning"": ""跌破该价位说明个股风险路径权重上升"", ""not_trading_instruction"": true, ""price"": 9.02, ""source"": ""volatility_band""}, ""trend_repair_confirmation_level"": {""confidence"": ""low"", ""distance_pct"": 0.383, ""meaning"": ""突破该价位说明个股趋势修复概率提高"", ""not_trading_instruction"": true, ""price"": 14.3, ""source"": ""recent_high + scenario_path""}}","{""conflicting"": [""大盘风险背景压低个股置信度"", ""价格结构与主路径冲突"", ""个股相对弱于大盘/benchmark"", ""基础财务指标偏弱"", ""历史相似结构与主路径冲突"", ""个股 Alpha 评分已接入"", ""主路径和第二路径差距较小""], ""market_context"": ""risk_off_pressure"", ""missing"": [""options_volatility"", ""single_stock_options""], ""price_close"": 10.34000015258789, ""sector_relative_strength_20d"": 0.0251, ""supporting"": [""个股跑赢所属板块"", ""成交量确认当前路径"", ""近期公司新闻偏支持""]}","{""10d"": 10.1, ""1d"": 10.31, ""20d"": 10.09, ""3d"": 10.25, ""5d"": 10.19, ""60d"": 10.16}",,,,,,,,,,,,,,,,,,,,,,,,,,,not_yet_validated,pending,,,,,,,,,,,,false
2cd13b5ddb97252e74da,2026-06-17,stock,stock_baseline_v1,TSLA,TSLA,QQQ,396.3800048828125,stock_failed_bounce,0.261,stock_downside_continuation,0.2183,stock_failed_bounce,0.261,34.89,risk_off_pressure,neutral,46.3,38.58,24.26,100,0,0.3408,-0.0159,0.1737,0.48,87.5,"{""expected"": 395.56, ""lower"": 386.65, ""upper"": 404.47}","{""bounce_target_zone"": {""base"": 407.24, ""conservative"": 407.24, ""extended"": 460.09, ""meaning"": ""概率反抽情景参考区间，不是目标价承诺。"", ""not_trading_instruction"": true, ""source"": ""scenario_path + atr + recent_resistance""}, ""breakdown_level"": {""confidence"": ""low"", ""distance_pct"": -0.0502, ""meaning"": ""跌破该价位说明个股跌破结构风险上升"", ""not_trading_instruction"": true, ""price"": 376.46, ""source"": ""recent_low + risk_activation""}, ""breakout_level"": {""confidence"": ""low"", ""distance_pct"": 0.1242, ""meaning"": ""突破该价位说明个股突破情景需要重新评估"", ""not_trading_instruction"": true, ""price"": 445.6, ""source"": ""recent_high + primary_confirmation""}, ""failed_bounce_warning_zone"": {""critical_warning"": 380.08, ""first_warning"": 388.23, ""meaning"": ""跌入该区间说明失败反抽风险上升。"", ""not_trading_instruction"": true, ""source"": ""risk_path + atr + recent_support""}, ""nearest_resistance"": {""confidence"": ""low"", ""distance_pct"": 0.0548, ""meaning"": ""最近阻力代理，来自近期高点和 ATR 区间"", ""not_trading_instruction"": true, ""price"": 418.11, ""source"": ""price_structure + volatility_band""}, ""nearest_support"": {""confidence"": ""low"", ""distance_pct"": -0.0365, ""meaning"": ""最近支撑代理，来自近期低点和 ATR 区间"", ""not_trading_instruction"": true, ""price"": 381.89, ""source"": ""price_structure + volatility_band""}, ""primary_confirmation_level"": {""confidence"": ""low"", ""distance_pct"": 0.1242, ""meaning"": ""站上该价位说明个股主路径正在兑现"", ""not_trading_instruction"": true, ""price"": 445.6, ""source"": ""price_structure + scenario_path""}, ""primary_invalidation_level"": {""confidence"": ""low"", ""distance_pct"": -0.0409, ""meaning"": ""跌破该价位说明个股主路径失效概率上升"", ""not_trading_instruction"": true, ""price"": 380.15, ""source"": ""recent_low + volatility_band""}, ""risk_scenario_activation_level"": {""confidence"": ""low"", ""distance_pct"": -0.0502, ""meaning"": ""跌破该价位说明个股风险路径权重上升"", ""not_trading_instruction"": true, ""price"": 376.46, ""source"": ""volatility_band""}, ""trend_repair_confirmation_level"": {""confidence"": ""low"", ""distance_pct"": 0.1242, ""meaning"": ""突破该价位说明个股趋势修复概率提高"", ""not_trading_instruction"": true, ""price"": 445.6, ""source"": ""recent_high + scenario_path""}}","{""conflicting"": [""大盘风险背景压低个股置信度"", ""成交量不确认当前路径"", ""个股相对弱于大盘/benchmark"", ""公司新闻或财报事件风险上升"", ""历史相似结构与主路径冲突"", ""个股 Alpha 评分已接入"", ""主路径和第二路径差距较小""], ""market_context"": ""risk_off_pressure"", ""missing"": [""options_volatility"", ""single_stock_options""], ""price_close"": 396.3800048828125, ""sector_relative_strength_20d"": -0.0231, ""supporting"": [""近期公司新闻偏正面。"", ""基础财务指标已接入且收入增长为正。""]}","{""10d"": 390.45, ""1d"": 395.56, ""20d"": 389.76, ""3d"": 394.06, ""5d"": 392.59, ""60d"": 390.09}",,,,,,,,,,,,,,,,,,,,,,,,,,,not_yet_validated,pending,,,,,,,,,,,,false
5dbfbc0c994da67ff87e,2026-06-18,stock,stock_baseline_v1,CEG,CEG,SPY,274.05999755859375,stock_failed_bounce,0.2617,stock_downside_continuation,0.2321,stock_failed_bounce,0.2617,33.02,market_headwind,conflicting,65.06,52.93,24.82,69.5,19.0,0.4296,-0.015,0.1516,0.47,87.5,"{""expected"": 273.53, ""lower"": 268.15, ""upper"": 278.91}","{""bounce_target_zone"": {""base"": 280.63, ""conservative"": 280.63, ""extended"": 319.2, ""meaning"": ""概率反抽情景参考区间，不是目标价承诺。"", ""not_trading_instruction"": true, ""source"": ""scenario_path + atr + recent_resistance""}, ""breakdown_level"": {""confidence"": ""low"", ""distance_pct"": -0.1224, ""meaning"": ""跌破该价位说明个股跌破结构风险上升"", ""not_trading_instruction"": true, ""price"": 240.51, ""source"": ""recent_low + risk_activation""}, ""breakout_level"": {""confidence"": ""low"", ""distance_pct"": 0.1328, ""meaning"": ""突破该价位说明个股突破情景需要重新评估"", ""not_trading_instruction"": true, ""price"": 310.45, ""source"": ""recent_high + primary_confirmation""}, ""failed_bounce_warning_zone"": {""critical_warning"": 240.51, ""first_warning"": 269.14, ""meaning"": ""跌入该区间说明失败反抽风险上升。"", ""not_trading_instruction"": true, ""source"": ""risk_path + atr + recent_support""}, ""nearest_resistance"": {""confidence"": ""low"", ""distance_pct"": 0.0479, ""meaning"": ""最近阻力代理，来自近期高点和 ATR 区间"", ""not_trading_instruction"": true, ""price"": 287.19, ""source"": ""price_structure + volatility_band""}, ""nearest_support"": {""confidence"": ""low"", ""distance_pct"": -0.0319, ""meaning"": ""最近支撑代理，来自近期低点和 ATR 区间"", ""not_trading_instruction"": true, ""price"": 265.31, ""source"": ""price_structure + volatility_band""}, ""primary_confirmation_level"": {""confidence"": ""low"", ""distance_pct"": 0.1328, ""meaning"": ""站上该价位说明个股主路径正在兑现"", ""not_trading_instruction"": true, ""price"": 310.45, ""source"": ""price_structure + scenario_path""}, ""primary_invalidation_level"": {""confidence"": ""low"", ""distance_pct"": -0.1224, ""meaning"": ""跌破该价位说明个股主路径失效概率上升"", ""not_trading_instruction"": true, ""price"": 240.51, ""source"": ""recent_low + volatility_band""}, ""risk_scenario_activation_level"": {""confidence"": ""low"", ""distance_pct"": -0.1224, ""meaning"": ""跌破该价位说明个股风险路径权重上升"", ""not_trading_instruction"": true, ""price"": 240.51, ""source"": ""volatility_band""}, ""trend_repair_confirmation_level"": {""confidence"": ""low"", ""distance_pct"": 0.1328, ""meaning"": ""突破该价位说明个股趋势修复概率提高"", ""not_trading_instruction"": true, ""price"": 310.45, ""source"": ""recent_high + scenario_path""}}","{""conflicting"": [""大盘风险背景压低个股置信度"", ""个股弱于所属板块"", ""个股相对弱于大盘/benchmark"", ""公司新闻或财报事件风险上升"", ""历史相似结构与主路径冲突"", ""个股 Alpha 评分已接入"", ""主路径和第二路径差距较小""], ""market_context"": ""market_headwind"", ""missing"": [""options_volatility"", ""single_stock_options""], ""price_close"": 274.05999755859375, ""sector_relative_strength_20d"": -0.0312, ""supporting"": [""价格结构支持主路径"", ""基础财务指标偏支持""]}","{""10d"": 270.29, ""1d"": 273.53, ""20d"": 269.8, ""3d"": 272.57, ""5d"": 271.64, ""60d"": 269.94}",,,,,,,,,,,,,,,,,,,,,,,,,,,not_yet_validated,pending,,,,,,,,,,,,false
9021357d9814432b3d4d,2026-06-18,stock,stock_baseline_v1,NVDA,NVDA,QQQ,210.69000244140625,stock_failed_bounce,0.2678,stock_downside_continuation,0.2402,stock_failed_bounce,0.2678,41.53,market_headwind,conflicting,53.7,57.49,26.86,100,38.5,0.4574,-0.0167,0.1531,0.45,87.5,"{""expected"": 210.24, ""lower"": 206.06, ""upper"": 214.42}","{""bounce_target_zone"": {""base"": 215.79, ""conservative"": 215.79, ""extended"": 239.08, ""meaning"": ""概率反抽情景参考区间，不是目标价承诺。"", ""not_trading_instruction"": true, ""source"": ""scenario_path + atr + recent_resistance""}, ""breakdown_level"": {""confidence"": ""low"", ""distance_pct"": -0.0539, ""meaning"": ""跌破该价位说明个股跌破结构风险上升"", ""not_trading_instruction"": true, ""price"": 199.34, ""source"": ""recent_low + risk_activation""}, ""breakout_level"": {""confidence"": ""low"", ""distance_pct"": 0.1025, ""meaning"": ""突破该价位说明个股突破情景需要重新评估"", ""not_trading_instruction"": true, ""price"": 232.28, ""source"": ""recent_high + primary_confirmation""}, ""failed_bounce_warning_zone"": {""critical_warning"": 199.34, ""first_warning"": 206.87, ""meaning"": ""跌入该区间说明失败反抽风险上升。"", ""not_trading_instruction"": true, ""source"": ""risk_path + atr + recent_support""}, ""nearest_resistance"": {""confidence"": ""low"", ""distance_pct"": 0.0484, ""meaning"": ""最近阻力代理，来自近期高点和 ATR 区间"", ""not_trading_instruction"": true, ""price"": 220.88, ""source"": ""price_structure + volatility_band""}, ""nearest_support"": {""confidence"": ""low"", ""distance_pct"": -0.0323, ""meaning"": ""最近支撑代理，来自近期低点和 ATR 区间"", ""not_trading_instruction"": true, ""price"": 203.89, ""source"": ""price_structure + volatility_band""}, ""primary_confirmation_level"": {""confidence"": ""low"", ""distance_pct"": 0.1025, ""meaning"": ""站上该价位说明个股主路径正在兑现"", ""not_trading_instruction"": true, ""price"": 232.28, ""source"": ""price_structure + scenario_path""}, ""primary_invalidation_level"": {""confidence"": ""low"", ""distance_pct"": -0.0539, ""meaning"": ""跌破该价位说明个股主路径失效概率上升"", ""not_trading_instruction"": true, ""price"": 199.34, ""source"": ""recent_low + volatility_band""}, ""risk_scenario_activation_level"": {""confidence"": ""low"", ""distance_pct"": -0.0539, ""meaning"": ""跌破该价位说明个股风险路径权重上升"", ""not_trading_instruction"": true, ""price"": 199.34, ""source"": ""volatility_band""}, ""trend_repair_confirmation_level"": {""confidence"": ""low"", ""distance_pct"": 0.1025, ""meaning"": ""突破该价位说明个股趋势修复概率提高"", ""not_trading_instruction"": true, ""price"": 232.28, ""source"": ""recent_high + scenario_path""}}","{""conflicting"": [""大盘风险背景压低个股置信度"", ""个股弱于所属板块"", ""个股相对弱于大盘/benchmark"", ""公司新闻或财报事件风险上升"", ""个股 Alpha 评分已接入"", ""主路径和第二路径差距较小""], ""market_context"": ""market_headwind"", ""missing"": [""options_volatility"", ""single_stock_options""], ""price_close"": 210.69000244140625, ""sector_relative_strength_20d"": -0.1379, ""supporting"": [""基础财务指标偏支持"", ""历史相似结构支持主路径""]}","{""10d"": 207.55, ""1d"": 210.24, ""20d"": 207.12, ""3d"": 209.44, ""5d"": 208.66, ""60d"": 207.18}",,,,,,,,,,,,,,,,,,,,,,,,,,,not_yet_validated,pending,,,,,,,,,,,,false
bf23ea2b3b8f46e70517,2026-06-18,stock,stock_baseline_v1,SMR,SMR,IWM,11.739999771118164,stock_failed_bounce,0.2107,stock_bounce,0.1908,stock_failed_bounce,0.2107,43.97,risk_off_pressure,supportive,90.8,68.56,48.78,64.3,17.0,0.507,-0.0017,0.3887,0.71,87.5,"{""expected"": 11.72, ""lower"": 11.13, ""upper"": 12.31}","{""bounce_target_zone"": {""base"": 12.46, ""conservative"": 12.46, ""extended"": 15.26, ""meaning"": ""概率反抽情景参考区间，不是目标价承诺。"", ""not_trading_instruction"": true, ""source"": ""scenario_path + atr + recent_resistance""}, ""breakdown_level"": {""confidence"": ""low"", ""distance_pct"": -0.2232, ""meaning"": ""跌破该价位说明个股跌破结构风险上升"", ""not_trading_instruction"": true, ""price"": 9.12, ""source"": ""recent_low + risk_activation""}, ""breakout_level"": {""confidence"": ""low"", ""distance_pct"": 0.2181, ""meaning"": ""突破该价位说明个股突破情景需要重新评估"", ""not_trading_instruction"": true, ""price"": 14.3, ""source"": ""recent_high + primary_confirmation""}, ""failed_bounce_warning_zone"": {""critical_warning"": 9.12, ""first_warning"": 11.2, ""meaning"": ""跌入该区间说明失败反抽风险上升。"", ""not_trading_instruction"": true, ""source"": ""risk_path + atr + recent_support""}, ""nearest_resistance"": {""confidence"": ""low"", ""distance_pct"": 0.1228, ""meaning"": ""最近阻力代理，来自近期高点和 ATR 区间"", ""not_trading_instruction"": true, ""price"": 13.18, ""source"": ""price_structure + volatility_band""}, ""nearest_support"": {""confidence"": ""low"", ""distance_pct"": -0.0818, ""meaning"": ""最近支撑代理，来自近期低点和 ATR 区间"", ""not_trading_instruction"": true, ""price"": 10.78, ""source"": ""price_structure + volatility_band""}, ""primary_confirmation_level"": {""confidence"": ""low"", ""distance_pct"": 0.2181, ""meaning"": ""站上该价位说明个股主路径正在兑现"", ""not_trading_instruction"": true, ""price"": 14.3, ""source"": ""price_structure + scenario_path""}, ""primary_invalidation_level"": {""confidence"": ""low"", ""distance_pct"": -0.2232, ""meaning"": ""跌破该价位说明个股主路径失效概率上升"", ""not_trading_instruction"": true, ""price"": 9.12, ""source"": ""recent_low + volatility_band""}, ""risk_scenario_activation_level"": {""confidence"": ""low"", ""distance_pct"": -0.2232, ""meaning"": ""跌破该价位说明个股风险路径权重上升"", ""not_trading_instruction"": true, ""price"": 9.12, ""source"": ""volatility_band""}, ""trend_repair_confirmation_level"": {""confidence"": ""low"", ""distance_pct"": 0.2181, ""meaning"": ""突破该价位说明个股趋势修复概率提高"", ""not_trading_instruction"": true, ""price"": 14.3, ""source"": ""recent_high + scenario_path""}}","{""conflicting"": [""大盘风险背景压低个股置信度"", ""基础财务指标偏弱"", ""历史相似结构与主路径冲突"", ""个股 Alpha 评分已接入"", ""主路径和第二路径差距较小""], ""market_context"": ""risk_off_pressure"", ""missing"": [""options_volatility"", ""single_stock_options""], ""price_close"": 11.739999771118164, ""sector_relative_strength_20d"": 0.1243, ""supporting"": [""个股跑赢所属板块"", ""价格结构支持主路径"", ""成交量确认当前路径"", ""近期公司新闻偏支持""]}","{""10d"": 11.58, ""1d"": 11.72, ""20d"": 11.61, ""3d"": 11.68, ""5d"": 11.63, ""60d"": 11.72}",,,,,,,,,,,,,,,,,,,,,,,,,,,not_yet_validated,pending,,,,,,,,,,,,false
4531b00c8231bc8fadda,2026-06-18,stock,stock_baseline_v1,TSLA,TSLA,QQQ,400.489990234375,stock_failed_bounce,0.2646,stock_downside_continuation,0.23,stock_failed_bounce,0.2646,32.72,market_headwind,conflicting,44.23,52.47,15.79,100,0,0.317,-0.0172,0.1744,0.48,87.5,"{""expected"": 399.6, ""lower"": 390.55, ""upper"": 408.64}","{""bounce_target_zone"": {""base"": 411.52, ""conservative"": 411.52, ""extended"": 460.31, ""meaning"": ""概率反抽情景参考区间，不是目标价承诺。"", ""not_trading_instruction"": true, ""source"": ""scenario_path + atr + recent_resistance""}, ""breakdown_level"": {""confidence"": ""low"", ""distance_pct"": -0.0508, ""meaning"": ""跌破该价位说明个股跌破结构风险上升"", ""not_trading_instruction"": true, ""price"": 380.15, ""source"": ""recent_low + risk_activation""}, ""breakout_level"": {""confidence"": ""low"", ""distance_pct"": 0.1126, ""meaning"": ""突破该价位说明个股突破情景需要重新评估"", ""not_trading_instruction"": true, ""price"": 445.6, ""source"": ""recent_high + primary_confirmation""}, ""failed_bounce_warning_zone"": {""critical_warning"": 380.15, ""first_warning"": 392.22, ""meaning"": ""跌入该区间说明失败反抽风险上升。"", ""not_trading_instruction"": true, ""source"": ""risk_path + atr + recent_support""}, ""nearest_resistance"": {""confidence"": ""low"", ""distance_pct"": 0.0551, ""meaning"": ""最近阻力代理，来自近期高点和 ATR 区间"", ""not_trading_instruction"": true, ""price"": 422.55, ""source"": ""price_structure + volatility_band""}, ""nearest_support"": {""confidence"": ""low"", ""distance_pct"": -0.0367, ""meaning"": ""最近支撑代理，来自近期低点和 ATR 区间"", ""not_trading_instruction"": true, ""price"": 385.78, ""source"": ""price_structure + volatility_band""}, ""primary_confirmation_level"": {""confidence"": ""low"", ""distance_pct"": 0.1126, ""meaning"": ""站上该价位说明个股主路径正在兑现"", ""not_trading_instruction"": true, ""price"": 445.6, ""source"": ""price_structure + scenario_path""}, ""primary_invalidation_level"": {""confidence"": ""low"", ""distance_pct"": -0.0508, ""meaning"": ""跌破该价位说明个股主路径失效概率上升"", ""not_trading_instruction"": true, ""price"": 380.15, ""source"": ""recent_low + volatility_band""}, ""risk_scenario_activation_level"": {""confidence"": ""low"", ""distance_pct"": -0.0508, ""meaning"": ""跌破该价位说明个股风险路径权重上升"", ""not_trading_instruction"": true, ""price"": 380.15, ""source"": ""volatility_band""}, ""trend_repair_confirmation_level"": {""confidence"": ""low"", ""distance_pct"": 0.1126, ""meaning"": ""突破该价位说明个股趋势修复概率提高"", ""not_trading_instruction"": true, ""price"": 445.6, ""source"": ""recent_high + scenario_path""}}","{""conflicting"": [""大盘风险背景压低个股置信度"", ""个股弱于所属板块"", ""个股相对弱于大盘/benchmark"", ""公司新闻或财报事件风险上升"", ""历史相似结构与主路径冲突"", ""个股 Alpha 评分已接入"", ""主路径和第二路径差距较小""], ""market_context"": ""market_headwind"", ""missing"": [""options_volatility"", ""single_stock_options""], ""price_close"": 400.489990234375, ""sector_relative_strength_20d"": -0.0336, ""supporting"": [""近期公司新闻偏正面。"", ""基础财务指标已接入且收入增长为正。""]}","{""10d"": 394.13, ""1d"": 399.6, ""20d"": 393.34, ""3d"": 397.98, ""5d"": 396.4, ""60d"": 393.6}",,,,,,,,,,,,,,,,,,,,,,,,,,,not_yet_validated,pending,,,,,,,,,,,,false
4a5755040ee4219ecc23,2026-06-22,stock,stock_baseline_v1,CEG,CEG,SPY,275.5299987792969,stock_failed_bounce,0.2577,stock_downside_continuation,0.2531,stock_event_risk,0.1087,33.75,risk_off_pressure,neutral,63.43,38.08,22.86,70.72,22.5,0.4394,-0.0132,0.1464,0.46,87.5,"{""expected"": 275.08, ""lower"": 270.25, ""upper"": 279.9}","{""bounce_target_zone"": {""base"": 281.41, ""conservative"": 281.41, ""extended"": 318.29, ""meaning"": ""概率反抽情景参考区间，不是目标价承诺。"", ""not_trading_instruction"": true, ""source"": ""scenario_path + atr + recent_resistance""}, ""breakdown_level"": {""confidence"": ""low"", ""distance_pct"": -0.1271, ""meaning"": ""跌破该价位说明个股跌破结构风险上升"", ""not_trading_instruction"": true, ""price"": 240.51, ""source"": ""recent_low + risk_activation""}, ""breakout_level"": {""confidence"": ""low"", ""distance_pct"": 0.1267, ""meaning"": ""突破该价位说明个股突破情景需要重新评估"", ""not_trading_instruction"": true, ""price"": 310.45, ""source"": ""recent_high + primary_confirmation""}, ""failed_bounce_warning_zone"": {""critical_warning"": 240.51, ""first_warning"": 271.12, ""meaning"": ""跌入该区间说明失败反抽风险上升。"", ""not_trading_instruction"": true, ""source"": ""risk_path + atr + recent_support""}, ""nearest_resistance"": {""confidence"": ""low"", ""distance_pct"": 0.0427, ""meaning"": ""最近阻力代理，来自近期高点和 ATR 区间"", ""not_trading_instruction"": true, ""price"": 287.3, ""source"": ""price_structure + volatility_band""}, ""nearest_support"": {""confidence"": ""low"", ""distance_pct"": -0.0285, ""meaning"": ""最近支撑代理，来自近期低点和 ATR 区间"", ""not_trading_instruction"": true, ""price"": 267.69, ""source"": ""price_structure + volatility_band""}, ""primary_confirmation_level"": {""confidence"": ""low"", ""distance_pct"": 0.1267, ""meaning"": ""站上该价位说明个股主路径正在兑现"", ""not_trading_instruction"": true, ""price"": 310.45, ""source"": ""price_structure + scenario_path""}, ""primary_invalidation_level"": {""confidence"": ""low"", ""distance_pct"": -0.1271, ""meaning"": ""跌破该价位说明个股主路径失效概率上升"", ""not_trading_instruction"": true, ""price"": 240.51, ""source"": ""recent_low + volatility_band""}, ""risk_scenario_activation_level"": {""confidence"": ""low"", ""distance_pct"": -0.1271, ""meaning"": ""跌破该价位说明个股风险路径权重上升"", ""not_trading_instruction"": true, ""price"": 240.51, ""source"": ""volatility_band""}, ""trend_repair_confirmation_level"": {""confidence"": ""low"", ""distance_pct"": 0.1267, ""meaning"": ""突破该价位说明个股趋势修复概率提高"", ""not_trading_instruction"": true, ""price"": 310.45, ""source"": ""recent_high + scenario_path""}}","{""conflicting"": [""大盘风险背景压低个股置信度"", ""成交量不确认当前路径"", ""个股相对弱于大盘/benchmark"", ""历史相似结构与主路径冲突"", ""个股 Alpha 评分已接入"", ""主路径和第二路径差距较小""], ""market_context"": ""risk_off_pressure"", ""missing"": [""options_volatility"", ""single_stock_options""], ""price_close"": 275.5299987792969, ""sector_relative_strength_20d"": -0.0298, ""supporting"": [""价格结构支持主路径"", ""近期公司新闻偏支持"", ""基础财务指标偏支持""]}","{""10d"": 272.24, ""1d"": 275.08, ""20d"": 271.81, ""3d"": 274.25, ""5d"": 273.44, ""60d"": 271.9}",,,,,,,,,,,,,,,,,,,,,,,,,,,not_yet_validated,pending,,,,,,,,,,,,false
c7c8a8e1789958111aff,2026-06-22,stock,stock_baseline_v1,NVDA,NVDA,QQQ,208.64999389648438,stock_failed_bounce,0.2677,stock_downside_continuation,0.2381,stock_event_risk,0.1428,37.73,risk_off_pressure,conflicting,49.6,32.32,27.3,100,32.5,0.4442,-0.0154,0.1452,0.46,87.5,"{""expected"": 208.24, ""lower"": 204.32, ""upper"": 212.16}","{""bounce_target_zone"": {""base"": 213.43, ""conservative"": 213.43, ""extended"": 238.65, ""meaning"": ""概率反抽情景参考区间，不是目标价承诺。"", ""not_trading_instruction"": true, ""source"": ""scenario_path + atr + recent_resistance""}, ""breakdown_level"": {""confidence"": ""low"", ""distance_pct"": -0.0446, ""meaning"": ""跌破该价位说明个股跌破结构风险上升"", ""not_trading_instruction"": true, ""price"": 199.34, ""source"": ""recent_low + risk_activation""}, ""breakout_level"": {""confidence"": ""low"", ""distance_pct"": 0.1133, ""meaning"": ""突破该价位说明个股突破情景需要重新评估"", ""not_trading_instruction"": true, ""price"": 232.28, ""source"": ""recent_high + primary_confirmation""}, ""failed_bounce_warning_zone"": {""critical_warning"": 199.34, ""first_warning"": 205.07, ""meaning"": ""跌入该区间说明失败反抽风险上升。"", ""not_trading_instruction"": true, ""source"": ""risk_path + atr + recent_support""}, ""nearest_resistance"": {""confidence"": ""low"", ""distance_pct"": 0.0458, ""meaning"": ""最近阻力代理，来自近期高点和 ATR 区间"", ""not_trading_instruction"": true, ""price"": 218.2, ""source"": ""price_structure + volatility_band""}, ""nearest_support"": {""confidence"": ""low"", ""distance_pct"": -0.0305, ""meaning"": ""最近支撑代理，来自近期低点和 ATR 区间"", ""not_trading_instruction"": true, ""price"": 202.28, ""source"": ""price_structure + volatility_band""}, ""primary_confirmation_level"": {""confidence"": ""low"", ""distance_pct"": 0.1133, ""meaning"": ""站上该价位说明个股主路径正在兑现"", ""not_trading_instruction"": true, ""price"": 232.28, ""source"": ""price_structure + scenario_path""}, ""primary_invalidation_level"": {""confidence"": ""low"", ""distance_pct"": -0.0446, ""meaning"": ""跌破该价位说明个股主路径失效概率上升"", ""not_trading_instruction"": true, ""price"": 199.34, ""source"": ""recent_low + volatility_band""}, ""risk_scenario_activation_level"": {""confidence"": ""low"", ""distance_pct"": -0.0446, ""meaning"": ""跌破该价位说明个股风险路径权重上升"", ""not_trading_instruction"": true, ""price"": 199.34, ""source"": ""volatility_band""}, ""trend_repair_confirmation_level"": {""confidence"": ""low"", ""distance_pct"": 0.1133, ""meaning"": ""突破该价位说明个股趋势修复概率提高"", ""not_trading_instruction"": true, ""price"": 232.28, ""source"": ""recent_high + scenario_path""}}","{""conflicting"": [""大盘风险背景压低个股置信度"", ""个股弱于所属板块"", ""成交量不确认当前路径"", ""个股相对弱于大盘/benchmark"", ""公司新闻或财报事件风险上升"", ""个股 Alpha 评分已接入"", ""主路径和第二路径差距较小""], ""market_context"": ""risk_off_pressure"", ""missing"": [""options_volatility"", ""single_stock_options""], ""price_close"": 208.64999389648438, ""sector_relative_strength_20d"": -0.1253, ""supporting"": [""基础财务指标偏支持"", ""历史相似结构支持主路径""]}","{""10d"": 205.76, ""1d"": 208.24, ""20d"": 205.37, ""3d"": 207.5, ""5d"": 206.79, ""60d"": 205.44}",,,,,,,,,,,,,,,,,,,,,,,,,,,not_yet_validated,pending,,,,,,,,,,,,false
7b9d07c324b9a559e367,2026-06-22,stock,stock_baseline_v1,SMR,SMR,IWM,11.239999771118164,stock_failed_bounce,0.2309,stock_downside_continuation,0.2114,stock_event_risk,0.147,34.37,risk_off_pressure,neutral,65.61,37.34,18.54,64.3,0,0.3292,-0.0258,0.3914,0.54,87.5,"{""expected"": 11.2, ""lower"": 10.63, ""upper"": 11.77}","{""bounce_target_zone"": {""base"": 11.93, ""conservative"": 11.93, ""extended"": 15.23, ""meaning"": ""概率反抽情景参考区间，不是目标价承诺。"", ""not_trading_instruction"": true, ""source"": ""scenario_path + atr + recent_resistance""}, ""breakdown_level"": {""confidence"": ""low"", ""distance_pct"": -0.1886, ""meaning"": ""跌破该价位说明个股跌破结构风险上升"", ""not_trading_instruction"": true, ""price"": 9.12, ""source"": ""recent_low + risk_activation""}, ""breakout_level"": {""confidence"": ""low"", ""distance_pct"": 0.2722, ""meaning"": ""突破该价位说明个股突破情景需要重新评估"", ""not_trading_instruction"": true, ""price"": 14.3, ""source"": ""recent_high + primary_confirmation""}, ""failed_bounce_warning_zone"": {""critical_warning"": 9.12, ""first_warning"": 10.72, ""meaning"": ""跌入该区间说明失败反抽风险上升。"", ""not_trading_instruction"": true, ""source"": ""risk_path + atr + recent_support""}, ""nearest_resistance"": {""confidence"": ""low"", ""distance_pct"": 0.1236, ""meaning"": ""最近阻力代理，来自近期高点和 ATR 区间"", ""not_trading_instruction"": true, ""price"": 12.63, ""source"": ""price_structure + volatility_band""}, ""nearest_support"": {""confidence"": ""low"", ""distance_pct"": -0.0824, ""meaning"": ""最近支撑代理，来自近期低点和 ATR 区间"", ""not_trading_instruction"": true, ""price"": 10.31, ""source"": ""price_structure + volatility_band""}, ""primary_confirmation_level"": {""confidence"": ""low"", ""distance_pct"": 0.2722, ""meaning"": ""站上该价位说明个股主路径正在兑现"", ""not_trading_instruction"": true, ""price"": 14.3, ""source"": ""price_structure + scenario_path""}, ""primary_invalidation_level"": {""confidence"": ""low"", ""distance_pct"": -0.1886, ""meaning"": ""跌破该价位说明个股主路径失效概率上升"", ""not_trading_instruction"": true, ""price"": 9.12, ""source"": ""recent_low + volatility_band""}, ""risk_scenario_activation_level"": {""confidence"": ""low"", ""distance_pct"": -0.1886, ""meaning"": ""跌破该价位说明个股风险路径权重上升"", ""not_trading_instruction"": true, ""price"": 9.12, ""source"": ""volatility_band""}, ""trend_repair_confirmation_level"": {""confidence"": ""low"", ""distance_pct"": 0.2722, ""meaning"": ""突破该价位说明个股趋势修复概率提高"", ""not_trading_instruction"": true, ""price"": 14.3, ""source"": ""recent_high + scenario_path""}}","{""conflicting"": [""大盘风险背景压低个股置信度"", ""成交量不确认当前路径"", ""个股相对弱于大盘/benchmark"", ""基础财务指标偏弱"", ""历史相似结构与主路径冲突"", ""个股 Alpha 评分已接入"", ""主路径和第二路径差距较小""], ""market_context"": ""risk_off_pressure"", ""missing"": [""options_volatility"", ""single_stock_options""], ""price_close"": 11.239999771118164, ""sector_relative_strength_20d"": -0.0017, ""supporting"": [""价格结构支持主路径"", ""近期公司新闻偏支持""]}","{""10d"": 10.94, ""1d"": 11.2, ""20d"": 10.91, ""3d"": 11.12, ""5d"": 11.05, ""60d"": 10.95}",,,,,,,,,,,,,,,,,,,,,,,,,,,not_yet_validated,pending,,,,,,,,,,,,false
bbbe68949f6808d61150,2026-06-22,stock,stock_baseline_v1,TSLA,TSLA,QQQ,405.04998779296875,stock_failed_bounce,0.2671,stock_downside_continuation,0.2231,stock_event_risk,0.1473,35.06,risk_off_pressure,neutral,46.37,44.65,20.05,100,0,0.3293,-0.0169,0.1725,0.47,87.5,"{""expected"": 404.17, ""lower"": 395.12, ""upper"": 413.21}","{""bounce_target_zone"": {""base"": 416.08, ""conservative"": 416.08, ""extended"": 460.31, ""meaning"": ""概率反抽情景参考区间，不是目标价承诺。"", ""not_trading_instruction"": true, ""source"": ""scenario_path + atr + recent_resistance""}, ""breakdown_level"": {""confidence"": ""low"", ""distance_pct"": -0.0615, ""meaning"": ""跌破该价位说明个股跌破结构风险上升"", ""not_trading_instruction"": true, ""price"": 380.15, ""source"": ""recent_low + risk_activation""}, ""breakout_level"": {""confidence"": ""low"", ""distance_pct"": 0.1001, ""meaning"": ""突破该价位说明个股突破情景需要重新评估"", ""not_trading_instruction"": true, ""price"": 445.6, ""source"": ""recent_high + primary_confirmation""}, ""failed_bounce_warning_zone"": {""critical_warning"": 380.15, ""first_warning"": 396.78, ""meaning"": ""跌入该区间说明失败反抽风险上升。"", ""not_trading_instruction"": true, ""source"": ""risk_path + atr + recent_support""}, ""nearest_resistance"": {""confidence"": ""low"", ""distance_pct"": 0.0545, ""meaning"": ""最近阻力代理，来自近期高点和 ATR 区间"", ""not_trading_instruction"": true, ""price"": 427.11, ""source"": ""price_structure + volatility_band""}, ""nearest_support"": {""confidence"": ""low"", ""distance_pct"": -0.0363, ""meaning"": ""最近支撑代理，来自近期低点和 ATR 区间"", ""not_trading_instruction"": true, ""price"": 390.34, ""source"": ""price_structure + volatility_band""}, ""primary_confirmation_level"": {""confidence"": ""low"", ""distance_pct"": 0.1001, ""meaning"": ""站上该价位说明个股主路径正在兑现"", ""not_trading_instruction"": true, ""price"": 445.6, ""source"": ""price_structure + scenario_path""}, ""primary_invalidation_level"": {""confidence"": ""low"", ""distance_pct"": -0.0615, ""meaning"": ""跌破该价位说明个股主路径失效概率上升"", ""not_trading_instruction"": true, ""price"": 380.15, ""source"": ""recent_low + volatility_band""}, ""risk_scenario_activation_level"": {""confidence"": ""low"", ""distance_pct"": -0.0615, ""meaning"": ""跌破该价位说明个股风险路径权重上升"", ""not_trading_instruction"": true, ""price"": 380.15, ""source"": ""volatility_band""}, ""trend_repair_confirmation_level"": {""confidence"": ""low"", ""distance_pct"": 0.1001, ""meaning"": ""突破该价位说明个股趋势修复概率提高"", ""not_trading_instruction"": true, ""price"": 445.6, ""source"": ""recent_high + scenario_path""}}","{""conflicting"": [""大盘风险背景压低个股置信度"", ""个股相对弱于大盘/benchmark"", ""公司新闻或财报事件风险上升"", ""历史相似结构与主路径冲突"", ""个股 Alpha 评分已接入"", ""主路径和第二路径差距较小""], ""market_context"": ""risk_off_pressure"", ""missing"": [""options_volatility"", ""single_stock_options""], ""price_close"": 405.04998779296875, ""sector_relative_strength_20d"": 0.001, ""supporting"": [""基础财务指标已接入且收入增长为正。""]}","{""10d"": 398.72, ""1d"": 404.17, ""20d"": 397.93, ""3d"": 402.55, ""5d"": 400.99, ""60d"": 398.22}",,,,,,,,,,,,,,,,,,,,,,,,,,,not_yet_validated,pending,,,,,,,,,,,,false
6596f2f1858c4d6db5db,2026-06-23,stock,stock_baseline_v1,CEG,CEG,SPY,270.260009765625,stock_downside_continuation,0.2608,stock_failed_bounce,0.2556,stock_event_risk,0.1334,32.2,risk_off_pressure,conflicting,51.17,40.32,18.39,93.0,15.5,0.3902,-0.0144,0.1627,0.38,87.5,"{""expected"": 269.77, ""lower"": 265.18, ""upper"": 274.35}","{""bounce_target_zone"": {""base"": 275.86, ""conservative"": 275.86, ""extended"": 317.91, ""meaning"": ""概率反抽情景参考区间，不是目标价承诺。"", ""not_trading_instruction"": true, ""source"": ""scenario_path + atr + recent_resistance""}, ""breakdown_level"": {""confidence"": ""low"", ""distance_pct"": -0.1101, ""meaning"": ""跌破该价位说明个股跌破结构风险上升"", ""not_trading_instruction"": true, ""price"": 240.51, ""source"": ""recent_low + risk_activation""}, ""breakout_level"": {""confidence"": ""low"", ""distance_pct"": 0.1487, ""meaning"": ""突破该价位说明个股突破情景需要重新评估"", ""not_trading_instruction"": true, ""price"": 310.45, ""source"": ""recent_high + primary_confirmation""}, ""failed_bounce_warning_zone"": {""critical_warning"": 240.51, ""first_warning"": 266.06, ""meaning"": ""跌入该区间说明失败反抽风险上升。"", ""not_trading_instruction"": true, ""source"": ""risk_path + atr + recent_support""}, ""nearest_resistance"": {""confidence"": ""low"", ""distance_pct"": 0.0414, ""meaning"": ""最近阻力代理，来自近期高点和 ATR 区间"", ""not_trading_instruction"": true, ""price"": 281.46, ""source"": ""price_structure + volatility_band""}, ""nearest_support"": {""confidence"": ""low"", ""distance_pct"": -0.0276, ""meaning"": ""最近支撑代理，来自近期低点和 ATR 区间"", ""not_trading_instruction"": true, ""price"": 262.8, ""source"": ""price_structure + volatility_band""}, ""primary_confirmation_level"": {""confidence"": ""low"", ""distance_pct"": 0.1487, ""meaning"": ""站上该价位说明个股主路径正在兑现"", ""not_trading_instruction"": true, ""price"": 310.45, ""source"": ""price_structure + scenario_path""}, ""primary_invalidation_level"": {""confidence"": ""low"", ""distance_pct"": -0.1101, ""meaning"": ""跌破该价位说明个股主路径失效概率上升"", ""not_trading_instruction"": true, ""price"": 240.51, ""source"": ""recent_low + volatility_band""}, ""risk_scenario_activation_level"": {""confidence"": ""low"", ""distance_pct"": -0.1101, ""meaning"": ""跌破该价位说明个股风险路径权重上升"", ""not_trading_instruction"": true, ""price"": 240.51, ""source"": ""volatility_band""}, ""trend_repair_confirmation_level"": {""confidence"": ""low"", ""distance_pct"": 0.1487, ""meaning"": ""突破该价位说明个股趋势修复概率提高"", ""not_trading_instruction"": true, ""price"": 310.45, ""source"": ""recent_high + scenario_path""}}","{""conflicting"": [""大盘风险背景压低个股置信度"", ""个股弱于所属板块"", ""成交量不确认当前路径"", ""个股相对弱于大盘/benchmark"", ""公司新闻或财报事件风险上升"", ""个股 Alpha 评分已接入"", ""主路径和第二路径差距较小""], ""market_context"": ""risk_off_pressure"", ""missing"": [""options_volatility"", ""single_stock_options""], ""price_close"": 270.260009765625, ""sector_relative_strength_20d"": -0.0748, ""supporting"": [""基础财务指标偏支持""]}","{""10d"": 266.85, ""1d"": 269.77, ""20d"": 266.35, ""3d"": 268.9, ""5d"": 268.06, ""60d"": 266.37}",,,,,,,,,,,,,,,,,,,,,,,,,,,not_yet_validated,pending,,,,,,,,,,,,false
0f9518c4b8d0e34ee5a8,2026-06-23,stock,stock_baseline_v1,NVDA,NVDA,QQQ,200.0399932861328,stock_failed_bounce,0.2795,stock_downside_continuation,0.247,stock_event_risk,0.1326,36.16,risk_off_pressure,conflicting,28.13,40.34,31.39,100,32.5,0.4575,-0.0167,0.1514,0.45,87.5,"{""expected"": 199.63, ""lower"": 195.79, ""upper"": 203.47}","{""bounce_target_zone"": {""base"": 204.72, ""conservative"": 204.72, ""extended"": 238.52, ""meaning"": ""概率反抽情景参考区间，不是目标价承诺。"", ""not_trading_instruction"": true, ""source"": ""scenario_path + atr + recent_resistance""}, ""breakdown_level"": {""confidence"": ""low"", ""distance_pct"": -0.0429, ""meaning"": ""跌破该价位说明个股跌破结构风险上升"", ""not_trading_instruction"": true, ""price"": 191.46, ""source"": ""recent_low + risk_activation""}, ""breakout_level"": {""confidence"": ""low"", ""distance_pct"": 0.1612, ""meaning"": ""突破该价位说明个股突破情景需要重新评估"", ""not_trading_instruction"": true, ""price"": 232.28, ""source"": ""recent_high + primary_confirmation""}, ""failed_bounce_warning_zone"": {""critical_warning"": 194.97, ""first_warning"": 196.53, ""meaning"": ""跌入该区间说明失败反抽风险上升。"", ""not_trading_instruction"": true, ""source"": ""risk_path + atr + recent_support""}, ""nearest_resistance"": {""confidence"": ""low"", ""distance_pct"": 0.0468, ""meaning"": ""最近阻力代理，来自近期高点和 ATR 区间"", ""not_trading_instruction"": true, ""price"": 209.4, ""source"": ""price_structure + volatility_band""}, ""nearest_support"": {""confidence"": ""low"", ""distance_pct"": -0.0035, ""meaning"": ""最近支撑代理，来自近期低点和 ATR 区间"", ""not_trading_instruction"": true, ""price"": 199.34, ""source"": ""price_structure + volatility_band""}, ""primary_confirmation_level"": {""confidence"": ""low"", ""distance_pct"": 0.1612, ""meaning"": ""站上该价位说明个股主路径正在兑现"", ""not_trading_instruction"": true, ""price"": 232.28, ""source"": ""price_structure + scenario_path""}, ""primary_invalidation_level"": {""confidence"": ""low"", ""distance_pct"": -0.0253, ""meaning"": ""跌破该价位说明个股主路径失效概率上升"", ""not_trading_instruction"": true, ""price"": 194.97, ""source"": ""recent_low + volatility_band""}, ""risk_scenario_activation_level"": {""confidence"": ""low"", ""distance_pct"": -0.0429, ""meaning"": ""跌破该价位说明个股风险路径权重上升"", ""not_trading_instruction"": true, ""price"": 191.46, ""source"": ""volatility_band""}, ""trend_repair_confirmation_level"": {""confidence"": ""low"", ""distance_pct"": 0.1612, ""meaning"": ""突破该价位说明个股趋势修复概率提高"", ""not_trading_instruction"": true, ""price"": 232.28, ""source"": ""recent_high + scenario_path""}}","{""conflicting"": [""大盘风险背景压低个股置信度"", ""个股弱于所属板块"", ""价格结构与主路径冲突"", ""成交量不确认当前路径"", ""个股相对弱于大盘/benchmark"", ""公司新闻或财报事件风险上升"", ""个股 Alpha 评分已接入"", ""主路径和第二路径差距较小""], ""market_context"": ""risk_off_pressure"", ""missing"": [""options_volatility"", ""single_stock_options""], ""price_close"": 200.0399932861328, ""sector_relative_strength_20d"": -0.0921, ""supporting"": [""基础财务指标偏支持"", ""历史相似结构支持主路径""]}","{""10d"": 197.1, ""1d"": 199.63, ""20d"": 196.68, ""3d"": 198.89, ""5d"": 198.16, ""60d"": 196.69}",,,,,,,,,,,,,,,,,,,,,,,,,,,not_yet_validated,pending,,,,,,,,,,,,false
f045e0623e8dca323bff,2026-06-23,stock,stock_baseline_v1,SMR,SMR,IWM,10.859999656677246,stock_downside_continuation,0.2411,stock_failed_bounce,0.2266,stock_event_risk,0.1442,28.21,risk_off_pressure,conflicting,40.2,36.78,16.55,64.3,0,0.3135,-0.0295,0.3899,0.56,87.5,"{""expected"": 10.82, ""lower"": 10.27, ""upper"": 11.36}","{""bounce_target_zone"": {""base"": 11.53, ""conservative"": 11.53, ""extended"": 15.19, ""meaning"": ""概率反抽情景参考区间，不是目标价承诺。"", ""not_trading_instruction"": true, ""source"": ""scenario_path + atr + recent_resistance""}, ""breakdown_level"": {""confidence"": ""low"", ""distance_pct"": -0.1602, ""meaning"": ""跌破该价位说明个股跌破结构风险上升"", ""not_trading_instruction"": true, ""price"": 9.12, ""source"": ""recent_low + risk_activation""}, ""breakout_level"": {""confidence"": ""low"", ""distance_pct"": 0.3168, ""meaning"": ""突破该价位说明个股突破情景需要重新评估"", ""not_trading_instruction"": true, ""price"": 14.3, ""source"": ""recent_high + primary_confirmation""}, ""failed_bounce_warning_zone"": {""critical_warning"": 9.12, ""first_warning"": 10.36, ""meaning"": ""跌入该区间说明失败反抽风险上升。"", ""not_trading_instruction"": true, ""source"": ""risk_path + atr + recent_support""}, ""nearest_resistance"": {""confidence"": ""low"", ""distance_pct"": 0.1232, ""meaning"": ""最近阻力代理，来自近期高点和 ATR 区间"", ""not_trading_instruction"": true, ""price"": 12.2, ""source"": ""price_structure + volatility_band""}, ""nearest_support"": {""confidence"": ""low"", ""distance_pct"": -0.0821, ""meaning"": ""最近支撑代理，来自近期低点和 ATR 区间"", ""not_trading_instruction"": true, ""price"": 9.97, ""source"": ""price_structure + volatility_band""}, ""primary_confirmation_level"": {""confidence"": ""low"", ""distance_pct"": 0.3168, ""meaning"": ""站上该价位说明个股主路径正在兑现"", ""not_trading_instruction"": true, ""price"": 14.3, ""source"": ""price_structure + scenario_path""}, ""primary_invalidation_level"": {""confidence"": ""low"", ""distance_pct"": -0.1602, ""meaning"": ""跌破该价位说明个股主路径失效概率上升"", ""not_trading_instruction"": true, ""price"": 9.12, ""source"": ""recent_low + volatility_band""}, ""risk_scenario_activation_level"": {""confidence"": ""low"", ""distance_pct"": -0.1602, ""meaning"": ""跌破该价位说明个股风险路径权重上升"", ""not_trading_instruction"": true, ""price"": 9.12, ""source"": ""volatility_band""}, ""trend_repair_confirmation_level"": {""confidence"": ""low"", ""distance_pct"": 0.3168, ""meaning"": ""突破该价位说明个股趋势修复概率提高"", ""not_trading_instruction"": true, ""price"": 14.3, ""source"": ""recent_high + scenario_path""}}","{""conflicting"": [""大盘风险背景压低个股置信度"", ""个股弱于所属板块"", ""价格结构与主路径冲突"", ""成交量不确认当前路径"", ""个股相对弱于大盘/benchmark"", ""基础财务指标偏弱"", ""历史相似结构与主路径冲突"", ""个股 Alpha 评分已接入"", ""主路径和第二路径差距较小""], ""market_context"": ""risk_off_pressure"", ""missing"": [""options_volatility"", ""single_stock_options""], ""price_close"": 10.859999656677246, ""sector_relative_strength_20d"": -0.0412, ""supporting"": [""近期公司新闻偏支持""]}","{""10d"": 10.54, ""1d"": 10.82, ""20d"": 10.51, ""3d"": 10.73, ""5d"": 10.66, ""60d"": 10.54}",,,,,,,,,,,,,,,,,,,,,,,,,,,not_yet_validated,pending,,,,,,,,,,,,false
b84392387f948ca23f35,2026-06-23,stock,stock_baseline_v1,TSLA,TSLA,QQQ,381.6099853515625,stock_failed_bounce,0.2736,stock_downside_continuation,0.255,stock_event_risk,0.1351,30.41,risk_off_pressure,conflicting,21.52,46.47,12.58,100,0,0.301,-0.0223,0.1938,0.46,87.5,"{""expected"": 380.56, ""lower"": 370.99, ""upper"": 390.14}","{""bounce_target_zone"": {""base"": 393.29, ""conservative"": 393.29, ""extended"": 461.18, ""meaning"": ""概率反抽情景参考区间，不是目标价承诺。"", ""not_trading_instruction"": true, ""source"": ""scenario_path + atr + recent_resistance""}, ""breakdown_level"": {""confidence"": ""low"", ""distance_pct"": -0.0561, ""meaning"": ""跌破该价位说明个股跌破结构风险上升"", ""not_trading_instruction"": true, ""price"": 360.19, ""source"": ""recent_low + risk_activation""}, ""breakout_level"": {""confidence"": ""low"", ""distance_pct"": 0.1677, ""meaning"": ""突破该价位说明个股突破情景需要重新评估"", ""not_trading_instruction"": true, ""price"": 445.6, ""source"": ""recent_high + primary_confirmation""}, ""failed_bounce_warning_zone"": {""critical_warning"": 368.95, ""first_warning"": 372.85, ""meaning"": ""跌入该区间说明失败反抽风险上升。"", ""not_trading_instruction"": true, ""source"": ""risk_path + atr + recent_support""}, ""nearest_resistance"": {""confidence"": ""low"", ""distance_pct"": 0.0612, ""meaning"": ""最近阻力代理，来自近期高点和 ATR 区间"", ""not_trading_instruction"": true, ""price"": 404.98, ""source"": ""price_structure + volatility_band""}, ""nearest_support"": {""confidence"": ""low"", ""distance_pct"": -0.0067, ""meaning"": ""最近支撑代理，来自近期低点和 ATR 区间"", ""not_trading_instruction"": true, ""price"": 379.06, ""source"": ""price_structure + volatility_band""}, ""primary_confirmation_level"": {""confidence"": ""low"", ""distance_pct"": 0.1677, ""meaning"": ""站上该价位说明个股主路径正在兑现"", ""not_trading_instruction"": true, ""price"": 445.6, ""source"": ""price_structure + scenario_path""}, ""primary_invalidation_level"": {""confidence"": ""low"", ""distance_pct"": -0.0332, ""meaning"": ""跌破该价位说明个股主路径失效概率上升"", ""not_trading_instruction"": true, ""price"": 368.95, ""source"": ""recent_low + volatility_band""}, ""risk_scenario_activation_level"": {""confidence"": ""low"", ""distance_pct"": -0.0561, ""meaning"": ""跌破该价位说明个股风险路径权重上升"", ""not_trading_instruction"": true, ""price"": 360.19, ""source"": ""volatility_band""}, ""trend_repair_confirmation_level"": {""confidence"": ""low"", ""distance_pct"": 0.1677, ""meaning"": ""突破该价位说明个股趋势修复概率提高"", ""not_trading_instruction"": true, ""price"": 445.6, ""source"": ""recent_high + scenario_path""}}","{""conflicting"": [""大盘风险背景压低个股置信度"", ""个股弱于所属板块"", ""价格结构与主路径冲突"", ""个股相对弱于大盘/benchmark"", ""公司新闻或财报事件风险上升"", ""个股 Alpha 评分已接入"", ""主路径和第二路径差距较小""], ""market_context"": ""risk_off_pressure"", ""missing"": [""options_volatility"", ""single_stock_options""], ""price_close"": 381.6099853515625, ""sector_relative_strength_20d"": -0.0587, ""supporting"": [""基础财务指标已接入且收入增长为正。""]}","{""10d"": 374.21, ""1d"": 380.56, ""20d"": 373.12, ""3d"": 378.69, ""5d"": 376.87, ""60d"": 373.1}",,,,,,,,,,,,,,,,,,,,,,,,,,,not_yet_validated,pending,,,,,,,,,,,,false
102446987c404d478c50,2026-06-24,stock,stock_baseline_v1,CEG,CEG,SPY,267.9700012207031,stock_downside_continuation,0.2782,stock_failed_bounce,0.2544,stock_event_risk,0.1327,29.55,risk_off_pressure,conflicting,45.9,37.24,10.03,64.6,15.5,0.3714,-0.0161,0.1698,0.34,87.5,"{""expected"": 267.43, ""lower"": 262.89, ""upper"": 271.96}","{""bounce_target_zone"": {""base"": 273.5, ""conservative"": 273.5, ""extended"": 308.18, ""meaning"": ""概率反抽情景参考区间，不是目标价承诺。"", ""not_trading_instruction"": true, ""source"": ""scenario_path + atr + recent_resistance""}, ""breakdown_level"": {""confidence"": ""low"", ""distance_pct"": -0.1025, ""meaning"": ""跌破该价位说明个股跌破结构风险上升"", ""not_trading_instruction"": true, ""price"": 240.51, ""source"": ""recent_low + risk_activation""}, ""breakout_level"": {""confidence"": ""low"", ""distance_pct"": 0.1226, ""meaning"": ""突破该价位说明个股突破情景需要重新评估"", ""not_trading_instruction"": true, ""price"": 300.81, ""source"": ""recent_high + primary_confirmation""}, ""failed_bounce_warning_zone"": {""critical_warning"": 240.51, ""first_warning"": 263.82, ""meaning"": ""跌入该区间说明失败反抽风险上升。"", ""not_trading_instruction"": true, ""source"": ""risk_path + atr + recent_support""}, ""nearest_resistance"": {""confidence"": ""low"", ""distance_pct"": 0.0413, ""meaning"": ""最近阻力代理，来自近期高点和 ATR 区间"", ""not_trading_instruction"": true, ""price"": 279.03, ""source"": ""price_structure + volatility_band""}, ""nearest_support"": {""confidence"": ""low"", ""distance_pct"": -0.0275, ""meaning"": ""最近支撑代理，来自近期低点和 ATR 区间"", ""not_trading_instruction"": true, ""price"": 260.6, ""source"": ""price_structure + volatility_band""}, ""primary_confirmation_level"": {""confidence"": ""low"", ""distance_pct"": 0.1226, ""meaning"": ""站上该价位说明个股主路径正在兑现"", ""not_trading_instruction"": true, ""price"": 300.81, ""source"": ""price_structure + scenario_path""}, ""primary_invalidation_level"": {""confidence"": ""low"", ""distance_pct"": -0.1025, ""meaning"": ""跌破该价位说明个股主路径失效概率上升"", ""not_trading_instruction"": true, ""price"": 240.51, ""source"": ""recent_low + volatility_band""}, ""risk_scenario_activation_level"": {""confidence"": ""low"", ""distance_pct"": -0.1025, ""meaning"": ""跌破该价位说明个股风险路径权重上升"", ""not_trading_instruction"": true, ""price"": 240.51, ""source"": ""volatility_band""}, ""trend_repair_confirmation_level"": {""confidence"": ""low"", ""distance_pct"": 0.1226, ""meaning"": ""突破该价位说明个股趋势修复概率提高"", ""not_trading_instruction"": true, ""price"": 300.81, ""source"": ""recent_high + scenario_path""}}","{""conflicting"": [""大盘风险背景压低个股置信度"", ""个股弱于所属板块"", ""成交量不确认当前路径"", ""个股相对弱于大盘/benchmark"", ""公司新闻或财报事件风险上升"", ""个股 Alpha 评分已接入"", ""主路径和第二路径差距较小""], ""market_context"": ""risk_off_pressure"", ""missing"": [""options_volatility"", ""single_stock_options""], ""price_close"": 267.9700012207031, ""sector_relative_strength_20d"": -0.116, ""supporting"": [""基础财务指标偏支持"", ""历史相似结构支持主路径""]}","{""10d"": 264.31, ""1d"": 267.43, ""20d"": 263.73, ""3d"": 266.49, ""5d"": 265.59, ""60d"": 263.65}",,,,,,,,,,,,,,,,,,,,,,,,,,,not_yet_validated,pending,,,,,,,,,,,,false
c5782528c97553df2be6,2026-06-24,stock,stock_baseline_v1,NVDA,NVDA,QQQ,199.0,stock_bounce,0.2499,stock_downside_continuation,0.2068,stock_failed_bounce,0.1701,45.93,market_tailwind,conflicting,29.8,39.92,34.79,100,43.5,0.5165,-0.0001,0.1558,0.71,87.5,"{""expected"": 198.91, ""lower"": 195.19, ""upper"": 202.63}","{""bounce_target_zone"": {""base"": 208.45, ""conservative"": 204.14, ""extended"": 238.33, ""meaning"": ""概率反抽情景参考区间，不是目标价承诺。"", ""not_trading_instruction"": true, ""source"": ""scenario_path + atr + recent_resistance""}, ""breakdown_level"": {""confidence"": ""low"", ""distance_pct"": -0.0418, ""meaning"": ""跌破该价位说明个股跌破结构风险上升"", ""not_trading_instruction"": true, ""price"": 190.68, ""source"": ""recent_low + risk_activation""}, ""breakout_level"": {""confidence"": ""low"", ""distance_pct"": 0.1672, ""meaning"": ""突破该价位说明个股突破情景需要重新评估"", ""not_trading_instruction"": true, ""price"": 232.28, ""source"": ""recent_high + primary_confirmation""}, ""failed_bounce_warning_zone"": {""critical_warning"": 192.19, ""first_warning"": 195.59, ""meaning"": ""跌入该区间说明失败反抽风险上升。"", ""not_trading_instruction"": true, ""source"": ""risk_path + atr + recent_support""}, ""nearest_resistance"": {""confidence"": ""low"", ""distance_pct"": 0.0456, ""meaning"": ""最近阻力代理，来自近期高点和 ATR 区间"", ""not_trading_instruction"": true, ""price"": 208.08, ""source"": ""price_structure + volatility_band""}, ""nearest_support"": {""confidence"": ""low"", ""distance_pct"": -0.0122, ""meaning"": ""最近支撑代理，来自近期低点和 ATR 区间"", ""not_trading_instruction"": true, ""price"": 196.58, ""source"": ""price_structure + volatility_band""}, ""primary_confirmation_level"": {""confidence"": ""low"", ""distance_pct"": 0.1672, ""meaning"": ""站上该价位说明个股主路径正在兑现"", ""not_trading_instruction"": true, ""price"": 232.28, ""source"": ""price_structure + scenario_path""}, ""primary_invalidation_level"": {""confidence"": ""low"", ""distance_pct"": -0.0247, ""meaning"": ""跌破该价位说明个股主路径失效概率上升"", ""not_trading_instruction"": true, ""price"": 194.08, ""source"": ""recent_low + volatility_band""}, ""risk_scenario_activation_level"": {""confidence"": ""low"", ""distance_pct"": -0.0418, ""meaning"": ""跌破该价位说明个股风险路径权重上升"", ""not_trading_instruction"": true, ""price"": 190.68, ""source"": ""volatility_band""}, ""trend_repair_confirmation_level"": {""confidence"": ""low"", ""distance_pct"": 0.1672, ""meaning"": ""突破该价位说明个股趋势修复概率提高"", ""not_trading_instruction"": true, ""price"": 232.28, ""source"": ""recent_high + scenario_path""}}","{""conflicting"": [""个股弱于所属板块"", ""价格结构与主路径冲突"", ""成交量不确认当前路径"", ""个股相对弱于大盘/benchmark"", ""公司新闻或财报事件风险上升"", ""个股 Alpha 评分已接入"", ""主路径和第二路径差距较小""], ""market_context"": ""market_tailwind"", ""missing"": [""options_volatility"", ""single_stock_options""], ""price_close"": 199.0, ""sector_relative_strength_20d"": -0.0625, ""supporting"": [""大盘背景支持该股主路径"", ""基础财务指标偏支持"", ""历史相似结构支持主路径""]}","{""10d"": 198.21, ""1d"": 198.91, ""20d"": 198.38, ""3d"": 198.71, ""5d"": 198.51, ""60d"": 198.98}",,,,,,,,,,,,,,,,,,,,,,,,,,,not_yet_validated,pending,,,,,,,,,,,,false
027684485f7bd4f3618b,2026-06-24,stock,stock_baseline_v1,SMR,SMR,IWM,10.210000038146973,stock_downside_continuation,0.2797,stock_failed_bounce,0.193,stock_event_risk,0.1397,37.52,risk_off_pressure,conflicting,27.2,39.62,50.0,64.3,0,0.2314,-0.0313,0.3868,0.56,87.5,"{""expected"": 10.16, ""lower"": 9.65, ""upper"": 10.68}","{""bounce_target_zone"": {""base"": 10.83, ""conservative"": 10.83, ""extended"": 15.13, ""meaning"": ""概率反抽情景参考区间，不是目标价承诺。"", ""not_trading_instruction"": true, ""source"": ""scenario_path + atr + recent_resistance""}, ""breakdown_level"": {""confidence"": ""low"", ""distance_pct"": -0.112, ""meaning"": ""跌破该价位说明个股跌破结构风险上升"", ""not_trading_instruction"": true, ""price"": 9.07, ""source"": ""recent_low + risk_activation""}, ""breakout_level"": {""confidence"": ""low"", ""distance_pct"": 0.4006, ""meaning"": ""突破该价位说明个股突破情景需要重新评估"", ""not_trading_instruction"": true, ""price"": 14.3, ""source"": ""recent_high + primary_confirmation""}, ""failed_bounce_warning_zone"": {""critical_warning"": 9.12, ""first_warning"": 9.74, ""meaning"": ""跌入该区间说明失败反抽风险上升。"", ""not_trading_instruction"": true, ""source"": ""risk_path + atr + recent_support""}, ""nearest_resistance"": {""confidence"": ""low"", ""distance_pct"": 0.1221, ""meaning"": ""最近阻力代理，来自近期高点和 ATR 区间"", ""not_trading_instruction"": true, ""price"": 11.46, ""source"": ""price_structure + volatility_band""}, ""nearest_support"": {""confidence"": ""low"", ""distance_pct"": -0.0814, ""meaning"": ""最近支撑代理，来自近期低点和 ATR 区间"", ""not_trading_instruction"": true, ""price"": 9.38, ""source"": ""price_structure + volatility_band""}, ""primary_confirmation_level"": {""confidence"": ""low"", ""distance_pct"": 0.4006, ""meaning"": ""站上该价位说明个股主路径正在兑现"", ""not_trading_instruction"": true, ""price"": 14.3, ""source"": ""price_structure + scenario_path""}, ""primary_invalidation_level"": {""confidence"": ""low"", ""distance_pct"": -0.1068, ""meaning"": ""跌破该价位说明个股主路径失效概率上升"", ""not_trading_instruction"": true, ""price"": 9.12, ""source"": ""recent_low + volatility_band""}, ""risk_scenario_activation_level"": {""confidence"": ""low"", ""distance_pct"": -0.112, ""meaning"": ""跌破该价位说明个股风险路径权重上升"", ""not_trading_instruction"": true, ""price"": 9.07, ""source"": ""volatility_band""}, ""trend_repair_confirmation_level"": {""confidence"": ""low"", ""distance_pct"": 0.4006, ""meaning"": ""突破该价位说明个股趋势修复概率提高"", ""not_trading_instruction"": true, ""price"": 14.3, ""source"": ""recent_high + scenario_path""}}","{""conflicting"": [""大盘风险背景压低个股置信度"", ""个股弱于所属板块"", ""价格结构与主路径冲突"", ""成交量不确认当前路径"", ""基础财务指标偏弱"", ""个股 Alpha 评分已接入""], ""market_context"": ""risk_off_pressure"", ""missing"": [""options_volatility"", ""single_stock_options""], ""price_close"": 10.210000038146973, ""sector_relative_strength_20d"": -0.1691, ""supporting"": [""近期公司新闻偏支持""]}","{""10d"": 9.91, ""1d"": 10.16, ""20d"": 9.87, ""3d"": 10.09, ""5d"": 10.01, ""60d"": 9.89}",,,,,,,,,,,,,,,,,,,,,,,,,,,not_yet_validated,pending,,,,,,,,,,,,false
78604c06ecf596cc8537,2026-06-24,stock,stock_baseline_v1,TSLA,TSLA,QQQ,375.5299987792969,stock_bounce,0.2501,stock_downside_continuation,0.2257,stock_failed_bounce,0.1725,36.37,market_tailwind,conflicting,18.4,32.32,10.47,100,0,0.2944,-0.0027,0.1927,0.74,87.5,"{""expected"": 375.2, ""lower"": 365.84, ""upper"": 384.57}","{""bounce_target_zone"": {""base"": 399.33, ""conservative"": 388.48, ""extended"": 460.83, ""meaning"": ""概率反抽情景参考区间，不是目标价承诺。"", ""not_trading_instruction"": true, ""source"": ""scenario_path + atr + recent_resistance""}, ""breakdown_level"": {""confidence"": ""low"", ""distance_pct"": -0.0558, ""meaning"": ""跌破该价位说明个股跌破结构风险上升"", ""not_trading_instruction"": true, ""price"": 354.59, ""source"": ""recent_low + risk_activation""}, ""breakout_level"": {""confidence"": ""low"", ""distance_pct"": 0.1866, ""meaning"": ""突破该价位说明个股突破情景需要重新评估"", ""not_trading_instruction"": true, ""price"": 445.6, ""source"": ""recent_high + primary_confirmation""}, ""failed_bounce_warning_zone"": {""critical_warning"": 358.39, ""first_warning"": 366.96, ""meaning"": ""跌入该区间说明失败反抽风险上升。"", ""not_trading_instruction"": true, ""source"": ""risk_path + atr + recent_support""}, ""nearest_resistance"": {""confidence"": ""low"", ""distance_pct"": 0.0608, ""meaning"": ""最近阻力代理，来自近期高点和 ATR 区间"", ""not_trading_instruction"": true, ""price"": 398.38, ""source"": ""price_structure + volatility_band""}, ""nearest_support"": {""confidence"": ""low"", ""distance_pct"": -0.0066, ""meaning"": ""最近支撑代理，来自近期低点和 ATR 区间"", ""not_trading_instruction"": true, ""price"": 373.05, ""source"": ""price_structure + volatility_band""}, ""primary_confirmation_level"": {""confidence"": ""low"", ""distance_pct"": 0.1866, ""meaning"": ""站上该价位说明个股主路径正在兑现"", ""not_trading_instruction"": true, ""price"": 445.6, ""source"": ""price_structure + scenario_path""}, ""primary_invalidation_level"": {""confidence"": ""low"", ""distance_pct"": -0.033, ""meaning"": ""跌破该价位说明个股主路径失效概率上升"", ""not_trading_instruction"": true, ""price"": 363.15, ""source"": ""recent_low + volatility_band""}, ""risk_scenario_activation_level"": {""confidence"": ""low"", ""distance_pct"": -0.0558, ""meaning"": ""跌破该价位说明个股风险路径权重上升"", ""not_trading_instruction"": true, ""price"": 354.59, ""source"": ""volatility_band""}, ""trend_repair_confirmation_level"": {""confidence"": ""low"", ""distance_pct"": 0.1866, ""meaning"": ""突破该价位说明个股趋势修复概率提高"", ""not_trading_instruction"": true, ""price"": 445.6, ""source"": ""recent_high + scenario_path""}}","{""conflicting"": [""个股弱于所属板块"", ""价格结构与主路径冲突"", ""成交量不确认当前路径"", ""个股相对弱于大盘/benchmark"", ""公司新闻或财报事件风险上升"", ""个股 Alpha 评分已接入"", ""主路径和第二路径差距较小""], ""market_context"": ""market_tailwind"", ""missing"": [""options_volatility"", ""single_stock_options""], ""price_close"": 375.5299987792969, ""sector_relative_strength_20d"": -0.0972, ""supporting"": [""大盘背景支持该股主路径""]}","{""10d"": 372.99, ""1d"": 375.2, ""20d"": 373.23, ""3d"": 374.57, ""5d"": 373.95, ""60d"": 374.5}",,,,,,,,,,,,,,,,,,,,,,,,,,,not_yet_validated,pending,,,,,,,,,,,,false
011991f9093184f9b7e8,2026-06-25,stock,stock_baseline_v1,CEG,CEG,SPY,268.69000244140625,stock_bounce,0.2503,stock_downside_continuation,0.2292,stock_failed_bounce,0.1424,36.91,market_tailwind,conflicting,48.32,38.54,17.82,61.64,29.5,0.4598,0.0011,0.1676,0.62,87.5,"{""expected"": 268.6, ""lower"": 264.05, ""upper"": 273.15}","{""bounce_target_zone"": {""base"": 280.24, ""conservative"": 274.98, ""extended"": 298.3, ""meaning"": ""概率反抽情景参考区间，不是目标价承诺。"", ""not_trading_instruction"": true, ""source"": ""scenario_path + atr + recent_resistance""}, ""breakdown_level"": {""confidence"": ""low"", ""distance_pct"": -0.1049, ""meaning"": ""跌破该价位说明个股跌破结构风险上升"", ""not_trading_instruction"": true, ""price"": 240.51, ""source"": ""recent_low + risk_activation""}, ""breakout_level"": {""confidence"": ""low"", ""distance_pct"": 0.0827, ""meaning"": ""突破该价位说明个股突破情景需要重新评估"", ""not_trading_instruction"": true, ""price"": 290.9, ""source"": ""recent_high + primary_confirmation""}, ""failed_bounce_warning_zone"": {""critical_warning"": 240.51, ""first_warning"": 264.53, ""meaning"": ""跌入该区间说明失败反抽风险上升。"", ""not_trading_instruction"": true, ""source"": ""risk_path + atr + recent_support""}, ""nearest_resistance"": {""confidence"": ""low"", ""distance_pct"": 0.0413, ""meaning"": ""最近阻力代理，来自近期高点和 ATR 区间"", ""not_trading_instruction"": true, ""price"": 279.78, ""source"": ""price_structure + volatility_band""}, ""nearest_support"": {""confidence"": ""low"", ""distance_pct"": -0.0275, ""meaning"": ""最近支撑代理，来自近期低点和 ATR 区间"", ""not_trading_instruction"": true, ""price"": 261.29, ""source"": ""price_structure + volatility_band""}, ""primary_confirmation_level"": {""confidence"": ""low"", ""distance_pct"": 0.0827, ""meaning"": ""站上该价位说明个股主路径正在兑现"", ""not_trading_instruction"": true, ""price"": 290.9, ""source"": ""price_structure + scenario_path""}, ""primary_invalidation_level"": {""confidence"": ""low"", ""distance_pct"": -0.1049, ""meaning"": ""跌破该价位说明个股主路径失效概率上升"", ""not_trading_instruction"": true, ""price"": 240.51, ""source"": ""recent_low + volatility_band""}, ""risk_scenario_activation_level"": {""confidence"": ""low"", ""distance_pct"": -0.1049, ""meaning"": ""跌破该价位说明个股风险路径权重上升"", ""not_trading_instruction"": true, ""price"": 240.51, ""source"": ""volatility_band""}, ""trend_repair_confirmation_level"": {""confidence"": ""low"", ""distance_pct"": 0.0827, ""meaning"": ""突破该价位说明个股趋势修复概率提高"", ""not_trading_instruction"": true, ""price"": 290.9, ""source"": ""recent_high + scenario_path""}}","{""conflicting"": [""个股弱于所属板块"", ""成交量不确认当前路径"", ""个股相对弱于大盘/benchmark"", ""历史相似结构与主路径冲突"", ""个股 Alpha 评分已接入"", ""主路径和第二路径差距较小""], ""market_context"": ""market_tailwind"", ""missing"": [""options_volatility"", ""single_stock_options""], ""price_close"": 268.69000244140625, ""sector_relative_strength_20d"": -0.085, ""supporting"": [""大盘背景支持该股主路径"", ""基础财务指标偏支持""]}","{""10d"": 267.97, ""1d"": 268.6, ""20d"": 268.22, ""3d"": 268.42, ""5d"": 268.24, ""60d"": 268.98}",,,,,,,,,,,,,,,,,,,,,,,,,,,not_yet_validated,pending,,,,,,,,,,,,false
fcae7354af2771157d26,2026-06-25,stock,stock_baseline_v1,NVDA,NVDA,QQQ,195.74000549316406,stock_bounce,0.2537,stock_downside_continuation,0.2116,stock_failed_bounce,0.1686,44.65,market_tailwind,conflicting,25.72,38.35,30.12,100,43.5,0.5049,-0.0002,0.1697,0.65,87.5,"{""expected"": 195.65, ""lower"": 191.99, ""upper"": 199.31}","{""bounce_target_zone"": {""base"": 205.04, ""conservative"": 200.8, ""extended"": 238.22, ""meaning"": ""概率反抽情景参考区间，不是目标价承诺。"", ""not_trading_instruction"": true, ""source"": ""scenario_path + atr + recent_resistance""}, ""breakdown_level"": {""confidence"": ""low"", ""distance_pct"": -0.0417, ""meaning"": ""跌破该价位说明个股跌破结构风险上升"", ""not_trading_instruction"": true, ""price"": 187.57, ""source"": ""recent_low + risk_activation""}, ""breakout_level"": {""confidence"": ""low"", ""distance_pct"": 0.1867, ""meaning"": ""突破该价位说明个股突破情景需要重新评估"", ""not_trading_instruction"": true, ""price"": 232.28, ""source"": ""recent_high + primary_confirmation""}, ""failed_bounce_warning_zone"": {""critical_warning"": 189.05, ""first_warning"": 192.4, ""meaning"": ""跌入该区间说明失败反抽风险上升。"", ""not_trading_instruction"": true, ""source"": ""risk_path + atr + recent_support""}, ""nearest_resistance"": {""confidence"": ""low"", ""distance_pct"": 0.0455, ""meaning"": ""最近阻力代理，来自近期高点和 ATR 区间"", ""not_trading_instruction"": true, ""price"": 204.65, ""source"": ""price_structure + volatility_band""}, ""nearest_support"": {""confidence"": ""low"", ""distance_pct"": -0.0184, ""meaning"": ""最近支撑代理，来自近期低点和 ATR 区间"", ""not_trading_instruction"": true, ""price"": 192.13, ""source"": ""price_structure + volatility_band""}, ""primary_confirmation_level"": {""confidence"": ""low"", ""distance_pct"": 0.1867, ""meaning"": ""站上该价位说明个股主路径正在兑现"", ""not_trading_instruction"": true, ""price"": 232.28, ""source"": ""price_structure + scenario_path""}, ""primary_invalidation_level"": {""confidence"": ""low"", ""distance_pct"": -0.0247, ""meaning"": ""跌破该价位说明个股主路径失效概率上升"", ""not_trading_instruction"": true, ""price"": 190.91, ""source"": ""recent_low + volatility_band""}, ""risk_scenario_activation_level"": {""confidence"": ""low"", ""distance_pct"": -0.0417, ""meaning"": ""跌破该价位说明个股风险路径权重上升"", ""not_trading_instruction"": true, ""price"": 187.57, ""source"": ""volatility_band""}, ""trend_repair_confirmation_level"": {""confidence"": ""low"", ""distance_pct"": 0.1867, ""meaning"": ""突破该价位说明个股趋势修复概率提高"", ""not_trading_instruction"": true, ""price"": 232.28, ""source"": ""recent_high + scenario_path""}}","{""conflicting"": [""个股弱于所属板块"", ""价格结构与主路径冲突"", ""成交量不确认当前路径"", ""个股相对弱于大盘/benchmark"", ""公司新闻或财报事件风险上升"", ""个股 Alpha 评分已接入"", ""主路径和第二路径差距较小""], ""market_context"": ""market_tailwind"", ""missing"": [""options_volatility"", ""single_stock_options""], ""price_close"": 195.74000549316406, ""sector_relative_strength_20d"": -0.0801, ""supporting"": [""大盘背景支持该股主路径"", ""基础财务指标偏支持"", ""历史相似结构支持主路径""]}","{""10d"": 194.95, ""1d"": 195.65, ""20d"": 195.12, ""3d"": 195.45, ""5d"": 195.26, ""60d"": 195.7}",,,,,,,,,,,,,,,,,,,,,,,,,,,not_yet_validated,pending,,,,,,,,,,,,false
21fbb92b73aa3171bf4d,2026-06-25,stock,stock_baseline_v1,SMR,SMR,IWM,10.069999694824219,stock_downside_continuation,0.2793,stock_failed_bounce,0.203,stock_event_risk,0.1372,27.53,risk_off_pressure,conflicting,17.06,31.81,50.0,51.4,0,0.2239,-0.0348,0.399,0.55,87.5,"{""expected"": 10.02, ""lower"": 9.5, ""upper"": 10.54}","{""bounce_target_zone"": {""base"": 10.7, ""conservative"": 10.7, ""extended"": 15.15, ""meaning"": ""概率反抽情景参考区间，不是目标价承诺。"", ""not_trading_instruction"": true, ""source"": ""scenario_path + atr + recent_resistance""}, ""breakdown_level"": {""confidence"": ""low"", ""distance_pct"": -0.1155, ""meaning"": ""跌破该价位说明个股跌破结构风险上升"", ""not_trading_instruction"": true, ""price"": 8.91, ""source"": ""recent_low + risk_activation""}, ""breakout_level"": {""confidence"": ""low"", ""distance_pct"": 0.4201, ""meaning"": ""突破该价位说明个股突破情景需要重新评估"", ""not_trading_instruction"": true, ""price"": 14.3, ""source"": ""recent_high + primary_confirmation""}, ""failed_bounce_warning_zone"": {""critical_warning"": 9.12, ""first_warning"": 9.59, ""meaning"": ""跌入该区间说明失败反抽风险上升。"", ""not_trading_instruction"": true, ""source"": ""risk_path + atr + recent_support""}, ""nearest_resistance"": {""confidence"": ""low"", ""distance_pct"": 0.126, ""meaning"": ""最近阻力代理，来自近期高点和 ATR 区间"", ""not_trading_instruction"": true, ""price"": 11.34, ""source"": ""price_structure + volatility_band""}, ""nearest_support"": {""confidence"": ""low"", ""distance_pct"": -0.084, ""meaning"": ""最近支撑代理，来自近期低点和 ATR 区间"", ""not_trading_instruction"": true, ""price"": 9.22, ""source"": ""price_structure + volatility_band""}, ""primary_confirmation_level"": {""confidence"": ""low"", ""distance_pct"": 0.4201, ""meaning"": ""站上该价位说明个股主路径正在兑现"", ""not_trading_instruction"": true, ""price"": 14.3, ""source"": ""price_structure + scenario_path""}, ""primary_invalidation_level"": {""confidence"": ""low"", ""distance_pct"": -0.0943, ""meaning"": ""跌破该价位说明个股主路径失效概率上升"", ""not_trading_instruction"": true, ""price"": 9.12, ""source"": ""recent_low + volatility_band""}, ""risk_scenario_activation_level"": {""confidence"": ""low"", ""distance_pct"": -0.1155, ""meaning"": ""跌破该价位说明个股风险路径权重上升"", ""not_trading_instruction"": true, ""price"": 8.91, ""source"": ""volatility_band""}, ""trend_repair_confirmation_level"": {""confidence"": ""low"", ""distance_pct"": 0.4201, ""meaning"": ""突破该价位说明个股趋势修复概率提高"", ""not_trading_instruction"": true, ""price"": 14.3, ""source"": ""recent_high + scenario_path""}}","{""conflicting"": [""大盘风险背景压低个股置信度"", ""个股弱于所属板块"", ""价格结构与主路径冲突"", ""成交量不确认当前路径"", ""基础财务指标偏弱"", ""历史相似结构与主路径冲突"", ""个股 Alpha 评分已接入"", ""主路径和第二路径差距较小""], ""market_context"": ""risk_off_pressure"", ""missing"": [""options_volatility"", ""single_stock_options""], ""price_close"": 10.069999694824219, ""sector_relative_strength_20d"": -0.1814, ""supporting"": [""当前没有足够强的多源支持证据。""]}","{""10d"": 9.75, ""1d"": 10.02, ""20d"": 9.71, ""3d"": 9.94, ""5d"": 9.86, ""60d"": 9.72}",,,,,,,,,,,,,,,,,,,,,,,,,,,not_yet_validated,pending,,,,,,,,,,,,false
81d8e778163fe6303e56,2026-06-25,stock,stock_baseline_v1,TSLA,TSLA,QQQ,375.1199951171875,stock_bounce,0.251,stock_downside_continuation,0.2335,stock_failed_bounce,0.1633,35.77,market_tailwind,conflicting,21.97,27.12,6.1,100,0,0.2758,-0.0028,0.1919,0.75,87.5,"{""expected"": 374.78, ""lower"": 365.46, ""upper"": 384.1}","{""bounce_target_zone"": {""base"": 398.8, ""conservative"": 388.0, ""extended"": 459.12, ""meaning"": ""概率反抽情景参考区间，不是目标价承诺。"", ""not_trading_instruction"": true, ""source"": ""scenario_path + atr + recent_resistance""}, ""breakdown_level"": {""confidence"": ""low"", ""distance_pct"": -0.0556, ""meaning"": ""跌破该价位说明个股跌破结构风险上升"", ""not_trading_instruction"": true, ""price"": 354.28, ""source"": ""recent_low + risk_activation""}, ""breakout_level"": {""confidence"": ""low"", ""distance_pct"": 0.1835, ""meaning"": ""突破该价位说明个股突破情景需要重新评估"", ""not_trading_instruction"": true, ""price"": 443.96, ""source"": ""recent_high + primary_confirmation""}, ""failed_bounce_warning_zone"": {""critical_warning"": 358.07, ""first_warning"": 366.59, ""meaning"": ""跌入该区间说明失败反抽风险上升。"", ""not_trading_instruction"": true, ""source"": ""risk_path + atr + recent_support""}, ""nearest_resistance"": {""confidence"": ""low"", ""distance_pct"": 0.0606, ""meaning"": ""最近阻力代理，来自近期高点和 ATR 区间"", ""not_trading_instruction"": true, ""price"": 397.86, ""source"": ""price_structure + volatility_band""}, ""nearest_support"": {""confidence"": ""low"", ""distance_pct"": -0.0104, ""meaning"": ""最近支撑代理，来自近期低点和 ATR 区间"", ""not_trading_instruction"": true, ""price"": 371.22, ""source"": ""price_structure + volatility_band""}, ""primary_confirmation_level"": {""confidence"": ""low"", ""distance_pct"": 0.1835, ""meaning"": ""站上该价位说明个股主路径正在兑现"", ""not_trading_instruction"": true, ""price"": 443.96, ""source"": ""price_structure + scenario_path""}, ""primary_invalidation_level"": {""confidence"": ""low"", ""distance_pct"": -0.0328, ""meaning"": ""跌破该价位说明个股主路径失效概率上升"", ""not_trading_instruction"": true, ""price"": 362.81, ""source"": ""recent_low + volatility_band""}, ""risk_scenario_activation_level"": {""confidence"": ""low"", ""distance_pct"": -0.0556, ""meaning"": ""跌破该价位说明个股风险路径权重上升"", ""not_trading_instruction"": true, ""price"": 354.28, ""source"": ""volatility_band""}, ""trend_repair_confirmation_level"": {""confidence"": ""low"", ""distance_pct"": 0.1835, ""meaning"": ""突破该价位说明个股趋势修复概率提高"", ""not_trading_instruction"": true, ""price"": 443.96, ""source"": ""recent_high + scenario_path""}}","{""conflicting"": [""个股弱于所属板块"", ""价格结构与主路径冲突"", ""成交量不确认当前路径"", ""个股相对弱于大盘/benchmark"", ""公司新闻或财报事件风险上升"", ""个股 Alpha 评分已接入"", ""主路径和第二路径差距较小""], ""market_context"": ""market_tailwind"", ""missing"": [""options_volatility"", ""single_stock_options""], ""price_close"": 375.1199951171875, ""sector_relative_strength_20d"": -0.0807, ""supporting"": [""大盘背景支持该股主路径""]}","{""10d"": 372.61, ""1d"": 374.78, ""20d"": 372.83, ""3d"": 374.15, ""5d"": 373.55, ""60d"": 374.08}",,,,,,,,,,,,,,,,,,,,,,,,,,,not_yet_validated,pending,,,,,,,,,,,,false
2d90dc055fa3927d7a83,2026-06-26,stock,stock_baseline_v1,CEG,CEG,SPY,264.0199890136719,stock_failed_bounce,0.272,stock_downside_continuation,0.2614,stock_event_risk,0.1313,27.98,risk_off_pressure,conflicting,38.53,41.28,26.3,69.32,15.5,0.4069,-0.0158,0.182,0.32,87.5,"{""expected"": 263.51, ""lower"": 259.03, ""upper"": 267.99}","{""bounce_target_zone"": {""base"": 269.49, ""conservative"": 269.49, ""extended"": 298.2, ""meaning"": ""概率反抽情景参考区间，不是目标价承诺。"", ""not_trading_instruction"": true, ""source"": ""scenario_path + atr + recent_resistance""}, ""breakdown_level"": {""confidence"": ""low"", ""distance_pct"": -0.089, ""meaning"": ""跌破该价位说明个股跌破结构风险上升"", ""not_trading_instruction"": true, ""price"": 240.51, ""source"": ""recent_low + risk_activation""}, ""breakout_level"": {""confidence"": ""low"", ""distance_pct"": 0.1018, ""meaning"": ""突破该价位说明个股突破情景需要重新评估"", ""not_trading_instruction"": true, ""price"": 290.9, ""source"": ""recent_high + primary_confirmation""}, ""failed_bounce_warning_zone"": {""critical_warning"": 240.51, ""first_warning"": 259.92, ""meaning"": ""跌入该区间说明失败反抽风险上升。"", ""not_trading_instruction"": true, ""source"": ""risk_path + atr + recent_support""}, ""nearest_resistance"": {""confidence"": ""low"", ""distance_pct"": 0.0415, ""meaning"": ""最近阻力代理，来自近期高点和 ATR 区间"", ""not_trading_instruction"": true, ""price"": 274.97, ""source"": ""price_structure + volatility_band""}, ""nearest_support"": {""confidence"": ""low"", ""distance_pct"": -0.0276, ""meaning"": ""最近支撑代理，来自近期低点和 ATR 区间"", ""not_trading_instruction"": true, ""price"": 256.72, ""source"": ""price_structure + volatility_band""}, ""primary_confirmation_level"": {""confidence"": ""low"", ""distance_pct"": 0.1018, ""meaning"": ""站上该价位说明个股主路径正在兑现"", ""not_trading_instruction"": true, ""price"": 290.9, ""source"": ""price_structure + scenario_path""}, ""primary_invalidation_level"": {""confidence"": ""low"", ""distance_pct"": -0.089, ""meaning"": ""跌破该价位说明个股主路径失效概率上升"", ""not_trading_instruction"": true, ""price"": 240.51, ""source"": ""recent_low + volatility_band""}, ""risk_scenario_activation_level"": {""confidence"": ""low"", ""distance_pct"": -0.089, ""meaning"": ""跌破该价位说明个股风险路径权重上升"", ""not_trading_instruction"": true, ""price"": 240.51, ""source"": ""volatility_band""}, ""trend_repair_confirmation_level"": {""confidence"": ""low"", ""distance_pct"": 0.1018, ""meaning"": ""突破该价位说明个股趋势修复概率提高"", ""not_trading_instruction"": true, ""price"": 290.9, ""source"": ""recent_high + scenario_path""}}","{""conflicting"": [""大盘风险背景压低个股置信度"", ""个股弱于所属板块"", ""价格结构与主路径冲突"", ""成交量不确认当前路径"", ""个股相对弱于大盘/benchmark"", ""公司新闻或财报事件风险上升"", ""历史相似结构与主路径冲突"", ""个股 Alpha 评分已接入"", ""主路径和第二路径差距较小""], ""market_context"": ""risk_off_pressure"", ""missing"": [""options_volatility"", ""single_stock_options""], ""price_close"": 264.0199890136719, ""sector_relative_strength_20d"": -0.113, ""supporting"": [""基础财务指标偏支持""]}","{""10d"": 260.44, ""1d"": 263.51, ""20d"": 259.9, ""3d"": 262.6, ""5d"": 261.72, ""60d"": 259.86}",,,,,,,,,,,,,,,,,,,,,,,,,,,not_yet_validated,pending,,,,,,,,,,,,false
9628865d714863a06fa1,2026-06-26,stock,stock_baseline_v1,NVDA,NVDA,QQQ,192.52999877929688,stock_failed_bounce,0.2793,stock_downside_continuation,0.2618,stock_event_risk,0.1227,34.76,risk_off_pressure,conflicting,16.38,45.78,28.06,100,32.5,0.4606,-0.0157,0.1833,0.33,87.5,"{""expected"": 192.17, ""lower"": 188.86, ""upper"": 195.47}","{""bounce_target_zone"": {""base"": 196.57, ""conservative"": 196.57, ""extended"": 237.66, ""meaning"": ""概率反抽情景参考区间，不是目标价承诺。"", ""not_trading_instruction"": true, ""source"": ""scenario_path + atr + recent_resistance""}, ""breakdown_level"": {""confidence"": ""low"", ""distance_pct"": -0.0384, ""meaning"": ""跌破该价位说明个股跌破结构风险上升"", ""not_trading_instruction"": true, ""price"": 185.13, ""source"": ""recent_low + risk_activation""}, ""breakout_level"": {""confidence"": ""low"", ""distance_pct"": 0.2065, ""meaning"": ""突破该价位说明个股突破情景需要重新评估"", ""not_trading_instruction"": true, ""price"": 232.28, ""source"": ""recent_high + primary_confirmation""}, ""failed_bounce_warning_zone"": {""critical_warning"": 188.16, ""first_warning"": 189.5, ""meaning"": ""跌入该区间说明失败反抽风险上升。"", ""not_trading_instruction"": true, ""source"": ""risk_path + atr + recent_support""}, ""nearest_resistance"": {""confidence"": ""low"", ""distance_pct"": 0.0419, ""meaning"": ""最近阻力代理，来自近期高点和 ATR 区间"", ""not_trading_instruction"": true, ""price"": 200.6, ""source"": ""price_structure + volatility_band""}, ""nearest_support"": {""confidence"": ""low"", ""distance_pct"": -0.0068, ""meaning"": ""最近支撑代理，来自近期低点和 ATR 区间"", ""not_trading_instruction"": true, ""price"": 191.22, ""source"": ""price_structure + volatility_band""}, ""primary_confirmation_level"": {""confidence"": ""low"", ""distance_pct"": 0.2065, ""meaning"": ""站上该价位说明个股主路径正在兑现"", ""not_trading_instruction"": true, ""price"": 232.28, ""source"": ""price_structure + scenario_path""}, ""primary_invalidation_level"": {""confidence"": ""low"", ""distance_pct"": -0.0227, ""meaning"": ""跌破该价位说明个股主路径失效概率上升"", ""not_trading_instruction"": true, ""price"": 188.16, ""source"": ""recent_low + volatility_band""}, ""risk_scenario_activation_level"": {""confidence"": ""low"", ""distance_pct"": -0.0384, ""meaning"": ""跌破该价位说明个股风险路径权重上升"", ""not_trading_instruction"": true, ""price"": 185.13, ""source"": ""volatility_band""}, ""trend_repair_confirmation_level"": {""confidence"": ""low"", ""distance_pct"": 0.2065, ""meaning"": ""突破该价位说明个股趋势修复概率提高"", ""not_trading_instruction"": true, ""price"": 232.28, ""source"": ""recent_high + scenario_path""}}","{""conflicting"": [""大盘风险背景压低个股置信度"", ""个股弱于所属板块"", ""价格结构与主路径冲突"", ""个股相对弱于大盘/benchmark"", ""公司新闻或财报事件风险上升"", ""个股 Alpha 评分已接入"", ""主路径和第二路径差距较小""], ""market_context"": ""risk_off_pressure"", ""missing"": [""options_volatility"", ""single_stock_options""], ""price_close"": 192.52999877929688, ""sector_relative_strength_20d"": -0.0707, ""supporting"": [""基础财务指标偏支持"", ""历史相似结构支持主路径""]}","{""10d"": 189.94, ""1d"": 192.17, ""20d"": 189.55, ""3d"": 191.52, ""5d"": 190.88, ""60d"": 189.51}",,,,,,,,,,,,,,,,,,,,,,,,,,,not_yet_validated,pending,,,,,,,,,,,,false
1830241070e564750d3e,2026-06-26,stock,stock_baseline_v1,SMR,SMR,IWM,10.100000381469727,stock_downside_continuation,0.2655,stock_failed_bounce,0.2485,stock_event_risk,0.1257,25.57,risk_off_pressure,conflicting,3.72,30.54,50.0,51.4,0,0.2214,-0.0356,0.3564,0.52,87.5,"{""expected"": 10.06, ""lower"": 9.59, ""upper"": 10.52}","{""bounce_target_zone"": {""base"": 10.67, ""conservative"": 10.67, ""extended"": 15.06, ""meaning"": ""概率反抽情景参考区间，不是目标价承诺。"", ""not_trading_instruction"": true, ""source"": ""scenario_path + atr + recent_resistance""}, ""breakdown_level"": {""confidence"": ""low"", ""distance_pct"": -0.1032, ""meaning"": ""跌破该价位说明个股跌破结构风险上升"", ""not_trading_instruction"": true, ""price"": 9.06, ""source"": ""recent_low + risk_activation""}, ""breakout_level"": {""confidence"": ""low"", ""distance_pct"": 0.4158, ""meaning"": ""突破该价位说明个股突破情景需要重新评估"", ""not_trading_instruction"": true, ""price"": 14.3, ""source"": ""recent_high + primary_confirmation""}, ""failed_bounce_warning_zone"": {""critical_warning"": 9.12, ""first_warning"": 9.67, ""meaning"": ""跌入该区间说明失败反抽风险上升。"", ""not_trading_instruction"": true, ""source"": ""risk_path + atr + recent_support""}, ""nearest_resistance"": {""confidence"": ""low"", ""distance_pct"": 0.1126, ""meaning"": ""最近阻力代理，来自近期高点和 ATR 区间"", ""not_trading_instruction"": true, ""price"": 11.24, ""source"": ""price_structure + volatility_band""}, ""nearest_support"": {""confidence"": ""low"", ""distance_pct"": -0.075, ""meaning"": ""最近支撑代理，来自近期低点和 ATR 区间"", ""not_trading_instruction"": true, ""price"": 9.34, ""source"": ""price_structure + volatility_band""}, ""primary_confirmation_level"": {""confidence"": ""low"", ""distance_pct"": 0.4158, ""meaning"": ""站上该价位说明个股主路径正在兑现"", ""not_trading_instruction"": true, ""price"": 14.3, ""source"": ""price_structure + scenario_path""}, ""primary_invalidation_level"": {""confidence"": ""low"", ""distance_pct"": -0.097, ""meaning"": ""跌破该价位说明个股主路径失效概率上升"", ""not_trading_instruction"": true, ""price"": 9.12, ""source"": ""recent_low + volatility_band""}, ""risk_scenario_activation_level"": {""confidence"": ""low"", ""distance_pct"": -0.1032, ""meaning"": ""跌破该价位说明个股风险路径权重上升"", ""not_trading_instruction"": true, ""price"": 9.06, ""source"": ""volatility_band""}, ""trend_repair_confirmation_level"": {""confidence"": ""low"", ""distance_pct"": 0.4158, ""meaning"": ""突破该价位说明个股趋势修复概率提高"", ""not_trading_instruction"": true, ""price"": 14.3, ""source"": ""recent_high + scenario_path""}}","{""conflicting"": [""大盘风险背景压低个股置信度"", ""个股弱于所属板块"", ""价格结构与主路径冲突"", ""成交量不确认当前路径"", ""基础财务指标偏弱"", ""历史相似结构与主路径冲突"", ""个股 Alpha 评分已接入"", ""主路径和第二路径差距较小""], ""market_context"": ""risk_off_pressure"", ""missing"": [""options_volatility"", ""single_stock_options""], ""price_close"": 10.100000381469727, ""sector_relative_strength_20d"": -0.2066, ""supporting"": [""当前没有足够强的多源支持证据。""]}","{""10d"": 9.78, ""1d"": 10.06, ""20d"": 9.74, ""3d"": 9.98, ""5d"": 9.9, ""60d"": 9.74}",,,,,,,,,,,,,,,,,,,,,,,,,,,not_yet_validated,pending,,,,,,,,,,,,false
155d72a9f0982a5e3dfc,2026-06-26,stock,stock_baseline_v1,TSLA,TSLA,QQQ,379.7099914550781,stock_downside_continuation,0.2742,stock_failed_bounce,0.2622,stock_event_risk,0.1315,31.16,risk_off_pressure,conflicting,26.75,45.87,13.47,100,0,0.2987,-0.0215,0.1775,0.45,87.5,"{""expected"": 378.7, ""lower"": 369.98, ""upper"": 387.42}","{""bounce_target_zone"": {""base"": 390.35, ""conservative"": 390.35, ""extended"": 455.26, ""meaning"": ""概率反抽情景参考区间，不是目标价承诺。"", ""not_trading_instruction"": true, ""source"": ""scenario_path + atr + recent_resistance""}, ""breakdown_level"": {""confidence"": ""low"", ""distance_pct"": -0.0514, ""meaning"": ""跌破该价位说明个股跌破结构风险上升"", ""not_trading_instruction"": true, ""price"": 360.2, ""source"": ""recent_low + risk_activation""}, ""breakout_level"": {""confidence"": ""low"", ""distance_pct"": 0.1616, ""meaning"": ""突破该价位说明个股突破情景需要重新评估"", ""not_trading_instruction"": true, ""price"": 441.07, ""source"": ""recent_high + primary_confirmation""}, ""failed_bounce_warning_zone"": {""critical_warning"": 368.18, ""first_warning"": 371.73, ""meaning"": ""跌入该区间说明失败反抽风险上升。"", ""not_trading_instruction"": true, ""source"": ""risk_path + atr + recent_support""}, ""nearest_resistance"": {""confidence"": ""low"", ""distance_pct"": 0.0561, ""meaning"": ""最近阻力代理，来自近期高点和 ATR 区间"", ""not_trading_instruction"": true, ""price"": 401.0, ""source"": ""price_structure + volatility_band""}, ""nearest_support"": {""confidence"": ""low"", ""distance_pct"": -0.0293, ""meaning"": ""最近支撑代理，来自近期低点和 ATR 区间"", ""not_trading_instruction"": true, ""price"": 368.6, ""source"": ""price_structure + volatility_band""}, ""primary_confirmation_level"": {""confidence"": ""low"", ""distance_pct"": 0.1616, ""meaning"": ""站上该价位说明个股主路径正在兑现"", ""not_trading_instruction"": true, ""price"": 441.07, ""source"": ""price_structure + scenario_path""}, ""primary_invalidation_level"": {""confidence"": ""low"", ""distance_pct"": -0.0304, ""meaning"": ""跌破该价位说明个股主路径失效概率上升"", ""not_trading_instruction"": true, ""price"": 368.18, ""source"": ""recent_low + volatility_band""}, ""risk_scenario_activation_level"": {""confidence"": ""low"", ""distance_pct"": -0.0514, ""meaning"": ""跌破该价位说明个股风险路径权重上升"", ""not_trading_instruction"": true, ""price"": 360.2, ""source"": ""volatility_band""}, ""trend_repair_confirmation_level"": {""confidence"": ""low"", ""distance_pct"": 0.1616, ""meaning"": ""突破该价位说明个股趋势修复概率提高"", ""not_trading_instruction"": true, ""price"": 441.07, ""source"": ""recent_high + scenario_path""}}","{""conflicting"": [""大盘风险背景压低个股置信度"", ""个股弱于所属板块"", ""价格结构与主路径冲突"", ""个股相对弱于大盘/benchmark"", ""公司新闻或财报事件风险上升"", ""个股 Alpha 评分已接入"", ""主路径和第二路径差距较小""], ""market_context"": ""risk_off_pressure"", ""missing"": [""options_volatility"", ""single_stock_options""], ""price_close"": 379.7099914550781, ""sector_relative_strength_20d"": -0.0781, ""supporting"": [""基础财务指标已接入且收入增长为正。""]}","{""10d"": 372.76, ""1d"": 378.7, ""20d"": 371.67, ""3d"": 376.93, ""5d"": 375.23, ""60d"": 371.53}",,,,,,,,,,,,,,,,,,,,,,,,,,,not_yet_validated,pending,,,,,,,,,,,,false
194537bd2d6074491ee0,2026-06-29,stock,stock_baseline_v1,CEG,CEG,SPY,259.32000732421875,stock_downside_continuation,0.2881,stock_failed_bounce,0.2732,stock_event_risk,0.1015,27.07,risk_off_pressure,conflicting,31.77,38.52,17.63,59.08,18.5,0.3914,-0.0179,0.1966,0.31,87.5,"{""expected"": 258.77, ""lower"": 254.12, ""upper"": 263.41}","{""bounce_target_zone"": {""base"": 264.99, ""conservative"": 264.99, ""extended"": 290.33, ""meaning"": ""概率反抽情景参考区间，不是目标价承诺。"", ""not_trading_instruction"": true, ""source"": ""scenario_path + atr + recent_resistance""}, ""breakdown_level"": {""confidence"": ""low"", ""distance_pct"": -0.0725, ""meaning"": ""跌破该价位说明个股跌破结构风险上升"", ""not_trading_instruction"": true, ""price"": 240.51, ""source"": ""recent_low + risk_activation""}, ""breakout_level"": {""confidence"": ""low"", ""distance_pct"": 0.0904, ""meaning"": ""突破该价位说明个股突破情景需要重新评估"", ""not_trading_instruction"": true, ""price"": 282.77, ""source"": ""recent_high + primary_confirmation""}, ""failed_bounce_warning_zone"": {""critical_warning"": 240.51, ""first_warning"": 255.07, ""meaning"": ""跌入该区间说明失败反抽风险上升。"", ""not_trading_instruction"": true, ""source"": ""risk_path + atr + recent_support""}, ""nearest_resistance"": {""confidence"": ""low"", ""distance_pct"": 0.0437, ""meaning"": ""最近阻力代理，来自近期高点和 ATR 区间"", ""not_trading_instruction"": true, ""price"": 270.66, ""source"": ""price_structure + volatility_band""}, ""nearest_support"": {""confidence"": ""low"", ""distance_pct"": -0.0292, ""meaning"": ""最近支撑代理，来自近期低点和 ATR 区间"", ""not_trading_instruction"": true, ""price"": 251.76, ""source"": ""price_structure + volatility_band""}, ""primary_confirmation_level"": {""confidence"": ""low"", ""distance_pct"": 0.0904, ""meaning"": ""站上该价位说明个股主路径正在兑现"", ""not_trading_instruction"": true, ""price"": 282.77, ""source"": ""price_structure + scenario_path""}, ""primary_invalidation_level"": {""confidence"": ""low"", ""distance_pct"": -0.0725, ""meaning"": ""跌破该价位说明个股主路径失效概率上升"", ""not_trading_instruction"": true, ""price"": 240.51, ""source"": ""recent_low + volatility_band""}, ""risk_scenario_activation_level"": {""confidence"": ""low"", ""distance_pct"": -0.0725, ""meaning"": ""跌破该价位说明个股风险路径权重上升"", ""not_trading_instruction"": true, ""price"": 240.51, ""source"": ""volatility_band""}, ""trend_repair_confirmation_level"": {""confidence"": ""low"", ""distance_pct"": 0.0904, ""meaning"": ""突破该价位说明个股趋势修复概率提高"", ""not_trading_instruction"": true, ""price"": 282.77, ""source"": ""recent_high + scenario_path""}}","{""conflicting"": [""大盘风险背景压低个股置信度"", ""个股弱于所属板块"", ""价格结构与主路径冲突"", ""成交量不确认当前路径"", ""个股相对弱于大盘/benchmark"", ""个股 Alpha 评分已接入"", ""主路径和第二路径差距较小""], ""market_context"": ""risk_off_pressure"", ""missing"": [""options_volatility"", ""single_stock_options""], ""price_close"": 259.32000732421875, ""sector_relative_strength_20d"": -0.1348, ""supporting"": [""基础财务指标偏支持""]}","{""10d"": 255.45, ""1d"": 258.77, ""20d"": 254.82, ""3d"": 257.79, ""5d"": 256.84, ""60d"": 254.67}",,,,,,,,,,,,,,,,,,,,,,,,,,,not_yet_validated,pending,,,,,,,,,,,,false
78ba736edf7a09266784,2026-06-29,stock,stock_baseline_v1,NVDA,NVDA,QQQ,194.97000122070312,stock_failed_bounce,0.2773,stock_downside_continuation,0.2534,stock_event_risk,0.1267,35.02,risk_off_pressure,conflicting,23.23,39.63,28.0,100,32.5,0.4642,-0.015,0.1729,0.36,87.5,"{""expected"": 194.61, ""lower"": 191.27, ""upper"": 197.96}","{""bounce_target_zone"": {""base"": 199.05, ""conservative"": 199.05, ""extended"": 237.72, ""meaning"": ""概率反抽情景参考区间，不是目标价承诺。"", ""not_trading_instruction"": true, ""source"": ""scenario_path + atr + recent_resistance""}, ""breakdown_level"": {""confidence"": ""low"", ""distance_pct"": -0.0384, ""meaning"": ""跌破该价位说明个股跌破结构风险上升"", ""not_trading_instruction"": true, ""price"": 187.49, ""source"": ""recent_low + risk_activation""}, ""breakout_level"": {""confidence"": ""low"", ""distance_pct"": 0.1914, ""meaning"": ""突破该价位说明个股突破情景需要重新评估"", ""not_trading_instruction"": true, ""price"": 232.28, ""source"": ""recent_high + primary_confirmation""}, ""failed_bounce_warning_zone"": {""critical_warning"": 189.8, ""first_warning"": 191.91, ""meaning"": ""跌入该区间说明失败反抽风险上升。"", ""not_trading_instruction"": true, ""source"": ""risk_path + atr + recent_support""}, ""nearest_resistance"": {""confidence"": ""low"", ""distance_pct"": 0.0419, ""meaning"": ""最近阻力代理，来自近期高点和 ATR 区间"", ""not_trading_instruction"": true, ""price"": 203.13, ""source"": ""price_structure + volatility_band""}, ""nearest_support"": {""confidence"": ""low"", ""distance_pct"": -0.0265, ""meaning"": ""最近支撑代理，来自近期低点和 ATR 区间"", ""not_trading_instruction"": true, ""price"": 189.8, ""source"": ""price_structure + volatility_band""}, ""primary_confirmation_level"": {""confidence"": ""low"", ""distance_pct"": 0.1914, ""meaning"": ""站上该价位说明个股主路径正在兑现"", ""not_trading_instruction"": true, ""price"": 232.28, ""source"": ""price_structure + scenario_path""}, ""primary_invalidation_level"": {""confidence"": ""low"", ""distance_pct"": -0.0265, ""meaning"": ""跌破该价位说明个股主路径失效概率上升"", ""not_trading_instruction"": true, ""price"": 189.8, ""source"": ""recent_low + volatility_band""}, ""risk_scenario_activation_level"": {""confidence"": ""low"", ""distance_pct"": -0.0384, ""meaning"": ""跌破该价位说明个股风险路径权重上升"", ""not_trading_instruction"": true, ""price"": 187.49, ""source"": ""volatility_band""}, ""trend_repair_confirmation_level"": {""confidence"": ""low"", ""distance_pct"": 0.1914, ""meaning"": ""突破该价位说明个股趋势修复概率提高"", ""not_trading_instruction"": true, ""price"": 232.28, ""source"": ""recent_high + scenario_path""}}","{""conflicting"": [""大盘风险背景压低个股置信度"", ""个股弱于所属板块"", ""价格结构与主路径冲突"", ""成交量不确认当前路径"", ""个股相对弱于大盘/benchmark"", ""公司新闻或财报事件风险上升"", ""个股 Alpha 评分已接入"", ""主路径和第二路径差距较小""], ""market_context"": ""risk_off_pressure"", ""missing"": [""options_volatility"", ""single_stock_options""], ""price_close"": 194.97000122070312, ""sector_relative_strength_20d"": -0.0472, ""supporting"": [""基础财务指标偏支持"", ""历史相似结构支持主路径""]}","{""10d"": 192.42, ""1d"": 194.61, ""20d"": 192.05, ""3d"": 193.97, ""5d"": 193.34, ""60d"": 192.05}",,,,,,,,,,,,,,,,,,,,,,,,,,,not_yet_validated,pending,,,,,,,,,,,,false
b3978b0a9cdd0bdf1f80,2026-06-29,stock,stock_baseline_v1,SMR,SMR,IWM,10.260000228881836,stock_downside_continuation,0.2751,stock_failed_bounce,0.2276,stock_event_risk,0.1286,29.22,risk_off_pressure,conflicting,17.13,30.59,50.0,51.4,0,0.2043,-0.0341,0.3564,0.54,87.5,"{""expected"": 10.22, ""lower"": 9.74, ""upper"": 10.69}","{""bounce_target_zone"": {""base"": 10.84, ""conservative"": 10.84, ""extended"": 15.07, ""meaning"": ""概率反抽情景参考区间，不是目标价承诺。"", ""not_trading_instruction"": true, ""source"": ""scenario_path + atr + recent_resistance""}, ""breakdown_level"": {""confidence"": ""low"", ""distance_pct"": -0.1111, ""meaning"": ""跌破该价位说明个股跌破结构风险上升"", ""not_trading_instruction"": true, ""price"": 9.12, ""source"": ""recent_low + risk_activation""}, ""breakout_level"": {""confidence"": ""low"", ""distance_pct"": 0.3938, ""meaning"": ""突破该价位说明个股突破情景需要重新评估"", ""not_trading_instruction"": true, ""price"": 14.3, ""source"": ""recent_high + primary_confirmation""}, ""failed_bounce_warning_zone"": {""critical_warning"": 9.12, ""first_warning"": 9.83, ""meaning"": ""跌入该区间说明失败反抽风险上升。"", ""not_trading_instruction"": true, ""source"": ""risk_path + atr + recent_support""}, ""nearest_resistance"": {""confidence"": ""low"", ""distance_pct"": 0.1125, ""meaning"": ""最近阻力代理，来自近期高点和 ATR 区间"", ""not_trading_instruction"": true, ""price"": 11.41, ""source"": ""price_structure + volatility_band""}, ""nearest_support"": {""confidence"": ""low"", ""distance_pct"": -0.075, ""meaning"": ""最近支撑代理，来自近期低点和 ATR 区间"", ""not_trading_instruction"": true, ""price"": 9.49, ""source"": ""price_structure + volatility_band""}, ""primary_confirmation_level"": {""confidence"": ""low"", ""distance_pct"": 0.3938, ""meaning"": ""站上该价位说明个股主路径正在兑现"", ""not_trading_instruction"": true, ""price"": 14.3, ""source"": ""price_structure + scenario_path""}, ""primary_invalidation_level"": {""confidence"": ""low"", ""distance_pct"": -0.1111, ""meaning"": ""跌破该价位说明个股主路径失效概率上升"", ""not_trading_instruction"": true, ""price"": 9.12, ""source"": ""recent_low + volatility_band""}, ""risk_scenario_activation_level"": {""confidence"": ""low"", ""distance_pct"": -0.1111, ""meaning"": ""跌破该价位说明个股风险路径权重上升"", ""not_trading_instruction"": true, ""price"": 9.12, ""source"": ""volatility_band""}, ""trend_repair_confirmation_level"": {""confidence"": ""low"", ""distance_pct"": 0.3938, ""meaning"": ""突破该价位说明个股趋势修复概率提高"", ""not_trading_instruction"": true, ""price"": 14.3, ""source"": ""recent_high + scenario_path""}}","{""conflicting"": [""大盘风险背景压低个股置信度"", ""个股弱于所属板块"", ""价格结构与主路径冲突"", ""成交量不确认当前路径"", ""基础财务指标偏弱"", ""个股 Alpha 评分已接入"", ""主路径和第二路径差距较小""], ""market_context"": ""risk_off_pressure"", ""missing"": [""options_volatility"", ""single_stock_options""], ""price_close"": 10.260000228881836, ""sector_relative_strength_20d"": -0.2262, ""supporting"": [""当前没有足够强的多源支持证据。""]}","{""10d"": 9.95, ""1d"": 10.22, ""20d"": 9.91, ""3d"": 10.14, ""5d"": 10.06, ""60d"": 9.91}",,,,,,,,,,,,,,,,,,,,,,,,,,,not_yet_validated,pending,,,,,,,,,,,,false
d91fb379cceeeeeaf12b,2026-06-29,stock,stock_baseline_v1,TSLA,TSLA,QQQ,411.8399963378906,stock_failed_bounce,0.2711,stock_downside_continuation,0.2419,stock_event_risk,0.1504,40.6,risk_off_pressure,neutral,59.14,52.84,29.27,100,0,0.3514,-0.0199,0.1718,0.42,87.5,"{""expected"": 410.79, ""lower"": 401.63, ""upper"": 419.95}","{""bounce_target_zone"": {""base"": 423.0, ""conservative"": 423.0, ""extended"": 448.48, ""meaning"": ""概率反抽情景参考区间，不是目标价承诺。"", ""not_trading_instruction"": true, ""source"": ""scenario_path + atr + recent_resistance""}, ""breakdown_level"": {""confidence"": ""low"", ""distance_pct"": -0.105, ""meaning"": ""跌破该价位说明个股跌破结构风险上升"", ""not_trading_instruction"": true, ""price"": 368.6, ""source"": ""recent_low + risk_activation""}, ""breakout_level"": {""confidence"": ""low"", ""distance_pct"": 0.0528, ""meaning"": ""突破该价位说明个股突破情景需要重新评估"", ""not_trading_instruction"": true, ""price"": 433.6, ""source"": ""recent_high + primary_confirmation""}, ""failed_bounce_warning_zone"": {""critical_warning"": 368.6, ""first_warning"": 403.47, ""meaning"": ""跌入该区间说明失败反抽风险上升。"", ""not_trading_instruction"": true, ""source"": ""risk_path + atr + recent_support""}, ""nearest_resistance"": {""confidence"": ""low"", ""distance_pct"": 0.0528, ""meaning"": ""最近阻力代理，来自近期高点和 ATR 区间"", ""not_trading_instruction"": true, ""price"": 433.6, ""source"": ""price_structure + volatility_band""}, ""nearest_support"": {""confidence"": ""low"", ""distance_pct"": -0.0361, ""meaning"": ""最近支撑代理，来自近期低点和 ATR 区间"", ""not_trading_instruction"": true, ""price"": 396.96, ""source"": ""price_structure + volatility_band""}, ""primary_confirmation_level"": {""confidence"": ""low"", ""distance_pct"": 0.0528, ""meaning"": ""站上该价位说明个股主路径正在兑现"", ""not_trading_instruction"": true, ""price"": 433.6, ""source"": ""price_structure + scenario_path""}, ""primary_invalidation_level"": {""confidence"": ""low"", ""distance_pct"": -0.105, ""meaning"": ""跌破该价位说明个股主路径失效概率上升"", ""not_trading_instruction"": true, ""price"": 368.6, ""source"": ""recent_low + volatility_band""}, ""risk_scenario_activation_level"": {""confidence"": ""low"", ""distance_pct"": -0.105, ""meaning"": ""跌破该价位说明个股风险路径权重上升"", ""not_trading_instruction"": true, ""price"": 368.6, ""source"": ""volatility_band""}, ""trend_repair_confirmation_level"": {""confidence"": ""low"", ""distance_pct"": 0.0528, ""meaning"": ""突破该价位说明个股趋势修复概率提高"", ""not_trading_instruction"": true, ""price"": 433.6, ""source"": ""recent_high + scenario_path""}}","{""conflicting"": [""大盘风险背景压低个股置信度"", ""个股相对弱于大盘/benchmark"", ""公司新闻或财报事件风险上升"", ""个股 Alpha 评分已接入"", ""主路径和第二路径差距较小""], ""market_context"": ""risk_off_pressure"", ""missing"": [""options_volatility"", ""single_stock_options""], ""price_close"": 411.8399963378906, ""sector_relative_strength_20d"": -0.0239, ""supporting"": [""价格站在 20d 均线上方。"", ""近期公司新闻偏正面。"", ""基础财务指标已接入且收入增长为正。""]}","{""10d"": 404.59, ""1d"": 410.79, ""20d"": 403.56, ""3d"": 408.92, ""5d"": 407.14, ""60d"": 403.63}",,,,,,,,,,,,,,,,,,,,,,,,,,,not_yet_validated,pending,,,,,,,,,,,,false
70218ea7e81bc9a72c20,2026-06-30,stock,stock_baseline_v1,CEG,CEG,SPY,248.3699951171875,stock_failed_bounce,0.2781,stock_downside_continuation,0.2762,stock_event_risk,0.1007,24.59,risk_off_pressure,conflicting,18.13,46.41,20.51,56.52,20.5,0.4222,-0.018,0.2305,0.3,87.5,"{""expected"": 247.84, ""lower"": 243.08, ""upper"": 252.61}","{""bounce_target_zone"": {""base"": 254.19, ""conservative"": 254.19, ""extended"": 290.52, ""meaning"": ""概率反抽情景参考区间，不是目标价承诺。"", ""not_trading_instruction"": true, ""source"": ""scenario_path + atr + recent_resistance""}, ""breakdown_level"": {""confidence"": ""low"", ""distance_pct"": -0.0429, ""meaning"": ""跌破该价位说明个股跌破结构风险上升"", ""not_trading_instruction"": true, ""price"": 237.71, ""source"": ""recent_low + risk_activation""}, ""breakout_level"": {""confidence"": ""low"", ""distance_pct"": 0.1385, ""meaning"": ""突破该价位说明个股突破情景需要重新评估"", ""not_trading_instruction"": true, ""price"": 282.77, ""source"": ""recent_high + primary_confirmation""}, ""failed_bounce_warning_zone"": {""critical_warning"": 240.51, ""first_warning"": 244.01, ""meaning"": ""跌入该区间说明失败反抽风险上升。"", ""not_trading_instruction"": true, ""source"": ""risk_path + atr + recent_support""}, ""nearest_resistance"": {""confidence"": ""low"", ""distance_pct"": 0.0468, ""meaning"": ""最近阻力代理，来自近期高点和 ATR 区间"", ""not_trading_instruction"": true, ""price"": 260.0, ""source"": ""price_structure + volatility_band""}, ""nearest_support"": {""confidence"": ""low"", ""distance_pct"": -0.0312, ""meaning"": ""最近支撑代理，来自近期低点和 ATR 区间"", ""not_trading_instruction"": true, ""price"": 240.62, ""source"": ""price_structure + volatility_band""}, ""primary_confirmation_level"": {""confidence"": ""low"", ""distance_pct"": 0.1385, ""meaning"": ""站上该价位说明个股主路径正在兑现"", ""not_trading_instruction"": true, ""price"": 282.77, ""source"": ""price_structure + scenario_path""}, ""primary_invalidation_level"": {""confidence"": ""low"", ""distance_pct"": -0.0316, ""meaning"": ""跌破该价位说明个股主路径失效概率上升"", ""not_trading_instruction"": true, ""price"": 240.51, ""source"": ""recent_low + volatility_band""}, ""risk_scenario_activation_level"": {""confidence"": ""low"", ""distance_pct"": -0.0429, ""meaning"": ""跌破该价位说明个股风险路径权重上升"", ""not_trading_instruction"": true, ""price"": 237.71, ""source"": ""volatility_band""}, ""trend_repair_confirmation_level"": {""confidence"": ""low"", ""distance_pct"": 0.1385, ""meaning"": ""突破该价位说明个股趋势修复概率提高"", ""not_trading_instruction"": true, ""price"": 282.77, ""source"": ""recent_high + scenario_path""}}","{""conflicting"": [""大盘风险背景压低个股置信度"", ""个股弱于所属板块"", ""价格结构与主路径冲突"", ""个股相对弱于大盘/benchmark"", ""历史相似结构与主路径冲突"", ""个股 Alpha 评分已接入"", ""主路径和第二路径差距较小""], ""market_context"": ""risk_off_pressure"", ""missing"": [""options_volatility"", ""single_stock_options""], ""price_close"": 248.3699951171875, ""sector_relative_strength_20d"": -0.1172, ""supporting"": [""基础财务指标偏支持""]}","{""10d"": 244.59, ""1d"": 247.84, ""20d"": 244.0, ""3d"": 246.9, ""5d"": 245.96, ""60d"": 243.91}",,,,,,,,,,,,,,,,,,,,,,,,,,,not_yet_validated,pending,,,,,,,,,,,,false
aaf1ed2c78c0d20dd1d5,2026-06-30,stock,stock_baseline_v1,NVDA,NVDA,QQQ,200.08999633789062,stock_downside_continuation,0.2718,stock_failed_bounce,0.2528,stock_event_risk,0.1298,36.93,risk_off_pressure,conflicting,40.37,44.05,20.29,100,32.5,0.4303,-0.0138,0.1512,0.37,87.5,"{""expected"": 199.74, ""lower"": 196.62, ""upper"": 202.86}","{""bounce_target_zone"": {""base"": 203.9, ""conservative"": 203.9, ""extended"": 237.35, ""meaning"": ""概率反抽情景参考区间，不是目标价承诺。"", ""not_trading_instruction"": true, ""source"": ""scenario_path + atr + recent_resistance""}, ""breakdown_level"": {""confidence"": ""low"", ""distance_pct"": -0.0514, ""meaning"": ""跌破该价位说明个股跌破结构风险上升"", ""not_trading_instruction"": true, ""price"": 189.8, ""source"": ""recent_low + risk_activation""}, ""breakout_level"": {""confidence"": ""low"", ""distance_pct"": 0.1609, ""meaning"": ""突破该价位说明个股突破情景需要重新评估"", ""not_trading_instruction"": true, ""price"": 232.28, ""source"": ""recent_high + primary_confirmation""}, ""failed_bounce_warning_zone"": {""critical_warning"": 189.8, ""first_warning"": 197.24, ""meaning"": ""跌入该区间说明失败反抽风险上升。"", ""not_trading_instruction"": true, ""source"": ""risk_path + atr + recent_support""}, ""nearest_resistance"": {""confidence"": ""low"", ""distance_pct"": 0.038, ""meaning"": ""最近阻力代理，来自近期高点和 ATR 区间"", ""not_trading_instruction"": true, ""price"": 207.7, ""source"": ""price_structure + volatility_band""}, ""nearest_support"": {""confidence"": ""low"", ""distance_pct"": -0.0254, ""meaning"": ""最近支撑代理，来自近期低点和 ATR 区间"", ""not_trading_instruction"": true, ""price"": 195.02, ""source"": ""price_structure + volatility_band""}, ""primary_confirmation_level"": {""confidence"": ""low"", ""distance_pct"": 0.1609, ""meaning"": ""站上该价位说明个股主路径正在兑现"", ""not_trading_instruction"": true, ""price"": 232.28, ""source"": ""price_structure + scenario_path""}, ""primary_invalidation_level"": {""confidence"": ""low"", ""distance_pct"": -0.0514, ""meaning"": ""跌破该价位说明个股主路径失效概率上升"", ""not_trading_instruction"": true, ""price"": 189.8, ""source"": ""recent_low + volatility_band""}, ""risk_scenario_activation_level"": {""confidence"": ""low"", ""distance_pct"": -0.0514, ""meaning"": ""跌破该价位说明个股风险路径权重上升"", ""not_trading_instruction"": true, ""price"": 189.8, ""source"": ""volatility_band""}, ""trend_repair_confirmation_level"": {""confidence"": ""low"", ""distance_pct"": 0.1609, ""meaning"": ""突破该价位说明个股趋势修复概率提高"", ""not_trading_instruction"": true, ""price"": 232.28, ""source"": ""recent_high + scenario_path""}}","{""conflicting"": [""大盘风险背景压低个股置信度"", ""个股弱于所属板块"", ""价格结构与主路径冲突"", ""个股相对弱于大盘/benchmark"", ""公司新闻或财报事件风险上升"", ""个股 Alpha 评分已接入"", ""主路径和第二路径差距较小""], ""market_context"": ""risk_off_pressure"", ""missing"": [""options_volatility"", ""single_stock_options""], ""price_close"": 200.08999633789062, ""sector_relative_strength_20d"": -0.0814, ""supporting"": [""基础财务指标偏支持"", ""历史相似结构支持主路径""]}","{""10d"": 197.7, ""1d"": 199.74, ""20d"": 197.34, ""3d"": 199.13, ""5d"": 198.55, ""60d"": 197.32}",,,,,,,,,,,,,,,,,,,,,,,,,,,not_yet_validated,pending,,,,,,,,,,,,false
8707207aad60f1b62e0e,2026-06-30,stock,stock_baseline_v1,SMR,SMR,IWM,10.029999732971191,stock_downside_continuation,0.292,stock_failed_bounce,0.2194,stock_event_risk,0.1245,30.73,risk_off_pressure,conflicting,15.46,33.16,50.0,51.4,0,0.1707,-0.0349,0.3428,0.53,87.5,"{""expected"": 9.99, ""lower"": 9.54, ""upper"": 10.43}","{""bounce_target_zone"": {""base"": 10.57, ""conservative"": 10.57, ""extended"": 15.02, ""meaning"": ""概率反抽情景参考区间，不是目标价承诺。"", ""not_trading_instruction"": true, ""source"": ""scenario_path + atr + recent_resistance""}, ""breakdown_level"": {""confidence"": ""low"", ""distance_pct"": -0.0992, ""meaning"": ""跌破该价位说明个股跌破结构风险上升"", ""not_trading_instruction"": true, ""price"": 9.04, ""source"": ""recent_low + risk_activation""}, ""breakout_level"": {""confidence"": ""low"", ""distance_pct"": 0.4257, ""meaning"": ""突破该价位说明个股突破情景需要重新评估"", ""not_trading_instruction"": true, ""price"": 14.3, ""source"": ""recent_high + primary_confirmation""}, ""failed_bounce_warning_zone"": {""critical_warning"": 9.12, ""first_warning"": 9.62, ""meaning"": ""跌入该区间说明失败反抽风险上升。"", ""not_trading_instruction"": true, ""source"": ""risk_path + atr + recent_support""}, ""nearest_resistance"": {""confidence"": ""low"", ""distance_pct"": 0.1082, ""meaning"": ""最近阻力代理，来自近期高点和 ATR 区间"", ""not_trading_instruction"": true, ""price"": 11.12, ""source"": ""price_structure + volatility_band""}, ""nearest_support"": {""confidence"": ""low"", ""distance_pct"": -0.0721, ""meaning"": ""最近支撑代理，来自近期低点和 ATR 区间"", ""not_trading_instruction"": true, ""price"": 9.31, ""source"": ""price_structure + volatility_band""}, ""primary_confirmation_level"": {""confidence"": ""low"", ""distance_pct"": 0.4257, ""meaning"": ""站上该价位说明个股主路径正在兑现"", ""not_trading_instruction"": true, ""price"": 14.3, ""source"": ""price_structure + scenario_path""}, ""primary_invalidation_level"": {""confidence"": ""low"", ""distance_pct"": -0.0907, ""meaning"": ""跌破该价位说明个股主路径失效概率上升"", ""not_trading_instruction"": true, ""price"": 9.12, ""source"": ""recent_low + volatility_band""}, ""risk_scenario_activation_level"": {""confidence"": ""low"", ""distance_pct"": -0.0992, ""meaning"": ""跌破该价位说明个股风险路径权重上升"", ""not_trading_instruction"": true, ""price"": 9.04, ""source"": ""volatility_band""}, ""trend_repair_confirmation_level"": {""confidence"": ""low"", ""distance_pct"": 0.4257, ""meaning"": ""突破该价位说明个股趋势修复概率提高"", ""not_trading_instruction"": true, ""price"": 14.3, ""source"": ""recent_high + scenario_path""}}","{""conflicting"": [""大盘风险背景压低个股置信度"", ""个股弱于所属板块"", ""价格结构与主路径冲突"", ""成交量不确认当前路径"", ""基础财务指标偏弱"", ""个股 Alpha 评分已接入"", ""主路径和第二路径差距较小""], ""market_context"": ""risk_off_pressure"", ""missing"": [""options_volatility"", ""single_stock_options""], ""price_close"": 10.029999732971191, ""sector_relative_strength_20d"": -0.2738, ""supporting"": [""历史相似结构支持主路径""]}","{""10d"": 9.73, ""1d"": 9.99, ""20d"": 9.68, ""3d"": 9.91, ""5d"": 9.84, ""60d"": 9.68}",,,,,,,,,,,,,,,,,,,,,,,,,,,not_yet_validated,pending,,,,,,,,,,,,false
54d84668981a82c64629,2026-06-30,stock,stock_baseline_v1,TSLA,TSLA,QQQ,420.6000061035156,stock_failed_bounce,0.2625,stock_downside_continuation,0.1887,stock_event_risk,0.1606,42.71,risk_off_pressure,neutral,76.98,54.61,45.26,100,7.5,0.4259,-0.0134,0.1581,0.45,87.5,"{""expected"": 419.82, ""lower"": 411.21, ""upper"": 428.43}","{""bounce_target_zone"": {""base"": 431.09, ""conservative"": 431.09, ""extended"": 447.58, ""meaning"": ""概率反抽情景参考区间，不是目标价承诺。"", ""not_trading_instruction"": true, ""source"": ""scenario_path + atr + recent_resistance""}, ""breakdown_level"": {""confidence"": ""low"", ""distance_pct"": -0.1236, ""meaning"": ""跌破该价位说明个股跌破结构风险上升"", ""not_trading_instruction"": true, ""price"": 368.6, ""source"": ""recent_low + risk_activation""}, ""breakout_level"": {""confidence"": ""low"", ""distance_pct"": 0.0309, ""meaning"": ""突破该价位说明个股突破情景需要重新评估"", ""not_trading_instruction"": true, ""price"": 433.6, ""source"": ""recent_high + primary_confirmation""}, ""failed_bounce_warning_zone"": {""critical_warning"": 368.6, ""first_warning"": 412.74, ""meaning"": ""跌入该区间说明失败反抽风险上升。"", ""not_trading_instruction"": true, ""source"": ""risk_path + atr + recent_support""}, ""nearest_resistance"": {""confidence"": ""low"", ""distance_pct"": 0.0309, ""meaning"": ""最近阻力代理，来自近期高点和 ATR 区间"", ""not_trading_instruction"": true, ""price"": 433.6, ""source"": ""price_structure + volatility_band""}, ""nearest_support"": {""confidence"": ""low"", ""distance_pct"": -0.0332, ""meaning"": ""最近支撑代理，来自近期低点和 ATR 区间"", ""not_trading_instruction"": true, ""price"": 406.62, ""source"": ""price_structure + volatility_band""}, ""primary_confirmation_level"": {""confidence"": ""low"", ""distance_pct"": 0.0309, ""meaning"": ""站上该价位说明个股主路径正在兑现"", ""not_trading_instruction"": true, ""price"": 433.6, ""source"": ""price_structure + scenario_path""}, ""primary_invalidation_level"": {""confidence"": ""low"", ""distance_pct"": -0.1236, ""meaning"": ""跌破该价位说明个股主路径失效概率上升"", ""not_trading_instruction"": true, ""price"": 368.6, ""source"": ""recent_low + volatility_band""}, ""risk_scenario_activation_level"": {""confidence"": ""low"", ""distance_pct"": -0.1236, ""meaning"": ""跌破该价位说明个股风险路径权重上升"", ""not_trading_instruction"": true, ""price"": 368.6, ""source"": ""volatility_band""}, ""trend_repair_confirmation_level"": {""confidence"": ""low"", ""distance_pct"": 0.0309, ""meaning"": ""突破该价位说明个股趋势修复概率提高"", ""not_trading_instruction"": true, ""price"": 433.6, ""source"": ""recent_high + scenario_path""}}","{""conflicting"": [""大盘风险背景压低个股置信度"", ""公司新闻或财报事件风险上升"", ""个股 Alpha 评分已接入"", ""主路径和第二路径差距较小""], ""market_context"": ""risk_off_pressure"", ""missing"": [""options_volatility"", ""single_stock_options""], ""price_close"": 420.6000061035156, ""sector_relative_strength_20d"": 0.019, ""supporting"": [""价格结构支持主路径"", ""历史相似结构支持主路径""]}","{""10d"": 415.0, ""1d"": 419.82, ""20d"": 414.44, ""3d"": 418.38, ""5d"": 416.98, ""60d"": 414.98}",,,,,,,,,,,,,,,,,,,,,,,,,,,not_yet_validated,pending,,,,,,,,,,,,false
79fc47c2b64dee15f8f7,2026-07-01,stock,stock_baseline_v1,CEG,CEG,SPY,236.5,stock_downside_continuation,0.299,stock_failed_bounce,0.2731,stock_event_risk,0.0953,26.21,risk_off_pressure,conflicting,2.06,72.29,4.9,61.64,27.5,0.3985,-0.0217,0.2673,0.28,87.5,"{""expected"": 235.9, ""lower"": 230.83, ""upper"": 240.97}","{""bounce_target_zone"": {""base"": 242.68, ""conservative"": 242.68, ""extended"": 291.01, ""meaning"": ""概率反抽情景参考区间，不是目标价承诺。"", ""not_trading_instruction"": true, ""source"": ""scenario_path + atr + recent_resistance""}, ""breakdown_level"": {""confidence"": ""low"", ""distance_pct"": -0.0479, ""meaning"": ""跌破该价位说明个股跌破结构风险上升"", ""not_trading_instruction"": true, ""price"": 225.16, ""source"": ""recent_low + risk_activation""}, ""breakout_level"": {""confidence"": ""low"", ""distance_pct"": 0.1956, ""meaning"": ""突破该价位说明个股突破情景需要重新评估"", ""not_trading_instruction"": true, ""price"": 282.77, ""source"": ""recent_high + primary_confirmation""}, ""failed_bounce_warning_zone"": {""critical_warning"": 228.65, ""first_warning"": 231.86, ""meaning"": ""跌入该区间说明失败反抽风险上升。"", ""not_trading_instruction"": true, ""source"": ""risk_path + atr + recent_support""}, ""nearest_resistance"": {""confidence"": ""low"", ""distance_pct"": 0.0523, ""meaning"": ""最近阻力代理，来自近期高点和 ATR 区间"", ""not_trading_instruction"": true, ""price"": 248.87, ""source"": ""price_structure + volatility_band""}, ""nearest_support"": {""confidence"": ""low"", ""distance_pct"": -0.0332, ""meaning"": ""最近支撑代理，来自近期低点和 ATR 区间"", ""not_trading_instruction"": true, ""price"": 228.65, ""source"": ""price_structure + volatility_band""}, ""primary_confirmation_level"": {""confidence"": ""low"", ""distance_pct"": 0.1956, ""meaning"": ""站上该价位说明个股主路径正在兑现"", ""not_trading_instruction"": true, ""price"": 282.77, ""source"": ""price_structure + scenario_path""}, ""primary_invalidation_level"": {""confidence"": ""low"", ""distance_pct"": -0.0332, ""meaning"": ""跌破该价位说明个股主路径失效概率上升"", ""not_trading_instruction"": true, ""price"": 228.65, ""source"": ""recent_low + volatility_band""}, ""risk_scenario_activation_level"": {""confidence"": ""low"", ""distance_pct"": -0.0479, ""meaning"": ""跌破该价位说明个股风险路径权重上升"", ""not_trading_instruction"": true, ""price"": 225.16, ""source"": ""volatility_band""}, ""trend_repair_confirmation_level"": {""confidence"": ""low"", ""distance_pct"": 0.1956, ""meaning"": ""突破该价位说明个股趋势修复概率提高"", ""not_trading_instruction"": true, ""price"": 282.77, ""source"": ""recent_high + scenario_path""}}","{""conflicting"": [""大盘风险背景压低个股置信度"", ""个股弱于所属板块"", ""价格结构与主路径冲突"", ""个股相对弱于大盘/benchmark"", ""个股 Alpha 评分已接入"", ""主路径和第二路径差距较小""], ""market_context"": ""risk_off_pressure"", ""missing"": [""options_volatility"", ""single_stock_options""], ""price_close"": 236.5, ""sector_relative_strength_20d"": -0.1524, ""supporting"": [""成交量确认当前路径"", ""基础财务指标偏支持""]}","{""10d"": 232.29, ""1d"": 235.9, ""20d"": 231.58, ""3d"": 234.85, ""5d"": 233.82, ""60d"": 231.37}",,,,,,,,,,,,,,,,,,,,,,,,,,,not_yet_validated,pending,,,,,,,,,,,,false
a51fb480e9b665f7ceb1,2026-07-01,stock,stock_baseline_v1,NVDA,NVDA,QQQ,197.5800018310547,stock_downside_continuation,0.2766,stock_failed_bounce,0.2546,stock_event_risk,0.1286,36.35,risk_off_pressure,conflicting,37.07,37.29,23.88,100,34.5,0.4499,-0.0143,0.1619,0.33,87.5,"{""expected"": 197.23, ""lower"": 194.17, ""upper"": 200.29}","{""bounce_target_zone"": {""base"": 201.32, ""conservative"": 201.32, ""extended"": 227.8, ""meaning"": ""概率反抽情景参考区间，不是目标价承诺。"", ""not_trading_instruction"": true, ""source"": ""scenario_path + atr + recent_resistance""}, ""breakdown_level"": {""confidence"": ""low"", ""distance_pct"": -0.0394, ""meaning"": ""跌破该价位说明个股跌破结构风险上升"", ""not_trading_instruction"": true, ""price"": 189.8, ""source"": ""recent_low + risk_activation""}, ""breakout_level"": {""confidence"": ""low"", ""distance_pct"": 0.1277, ""meaning"": ""突破该价位说明个股突破情景需要重新评估"", ""not_trading_instruction"": true, ""price"": 222.82, ""source"": ""recent_high + primary_confirmation""}, ""failed_bounce_warning_zone"": {""critical_warning"": 189.8, ""first_warning"": 194.78, ""meaning"": ""跌入该区间说明失败反抽风险上升。"", ""not_trading_instruction"": true, ""source"": ""risk_path + atr + recent_support""}, ""nearest_resistance"": {""confidence"": ""low"", ""distance_pct"": 0.0378, ""meaning"": ""最近阻力代理，来自近期高点和 ATR 区间"", ""not_trading_instruction"": true, ""price"": 205.05, ""source"": ""price_structure + volatility_band""}, ""nearest_support"": {""confidence"": ""low"", ""distance_pct"": -0.0252, ""meaning"": ""最近支撑代理，来自近期低点和 ATR 区间"", ""not_trading_instruction"": true, ""price"": 192.6, ""source"": ""price_structure + volatility_band""}, ""primary_confirmation_level"": {""confidence"": ""low"", ""distance_pct"": 0.1277, ""meaning"": ""站上该价位说明个股主路径正在兑现"", ""not_trading_instruction"": true, ""price"": 222.82, ""source"": ""price_structure + scenario_path""}, ""primary_invalidation_level"": {""confidence"": ""low"", ""distance_pct"": -0.0394, ""meaning"": ""跌破该价位说明个股主路径失效概率上升"", ""not_trading_instruction"": true, ""price"": 189.8, ""source"": ""recent_low + volatility_band""}, ""risk_scenario_activation_level"": {""confidence"": ""low"", ""distance_pct"": -0.0394, ""meaning"": ""跌破该价位说明个股风险路径权重上升"", ""not_trading_instruction"": true, ""price"": 189.8, ""source"": ""volatility_band""}, ""trend_repair_confirmation_level"": {""confidence"": ""low"", ""distance_pct"": 0.1277, ""meaning"": ""突破该价位说明个股趋势修复概率提高"", ""not_trading_instruction"": true, ""price"": 222.82, ""source"": ""recent_high + scenario_path""}}","{""conflicting"": [""大盘风险背景压低个股置信度"", ""个股弱于所属板块"", ""价格结构与主路径冲突"", ""成交量不确认当前路径"", ""个股相对弱于大盘/benchmark"", ""公司新闻或财报事件风险上升"", ""个股 Alpha 评分已接入"", ""主路径和第二路径差距较小""], ""market_context"": ""risk_off_pressure"", ""missing"": [""options_volatility"", ""single_stock_options""], ""price_close"": 197.5800018310547, ""sector_relative_strength_20d"": -0.0498, ""supporting"": [""基础财务指标偏支持"", ""历史相似结构支持主路径""]}","{""10d"": 195.18, ""1d"": 197.23, ""20d"": 194.8, ""3d"": 196.61, ""5d"": 196.03, ""60d"": 194.76}",,,,,,,,,,,,,,,,,,,,,,,,,,,not_yet_validated,pending,,,,,,,,,,,,false
f3cdd2b9413a4da8e904,2026-07-01,stock,stock_baseline_v1,SMR,SMR,IWM,10.149999618530273,stock_downside_continuation,0.3266,stock_failed_bounce,0.1936,stock_event_risk,0.1282,38.19,risk_off_pressure,conflicting,31.9,35.15,50.0,51.4,0,0.141,-0.0384,0.3287,0.49,87.5,"{""expected"": 10.1, ""lower"": 9.67, ""upper"": 10.53}","{""bounce_target_zone"": {""base"": 10.68, ""conservative"": 10.68, ""extended"": 14.22, ""meaning"": ""概率反抽情景参考区间，不是目标价承诺。"", ""not_trading_instruction"": true, ""source"": ""scenario_path + atr + recent_resistance""}, ""breakdown_level"": {""confidence"": ""low"", ""distance_pct"": -0.1015, ""meaning"": ""跌破该价位说明个股跌破结构风险上升"", ""not_trading_instruction"": true, ""price"": 9.12, ""source"": ""recent_low + risk_activation""}, ""breakout_level"": {""confidence"": ""low"", ""distance_pct"": 0.332, ""meaning"": ""突破该价位说明个股突破情景需要重新评估"", ""not_trading_instruction"": true, ""price"": 13.52, ""source"": ""recent_high + primary_confirmation""}, ""failed_bounce_warning_zone"": {""critical_warning"": 9.12, ""first_warning"": 9.75, ""meaning"": ""跌入该区间说明失败反抽风险上升。"", ""not_trading_instruction"": true, ""source"": ""risk_path + atr + recent_support""}, ""nearest_resistance"": {""confidence"": ""low"", ""distance_pct"": 0.1038, ""meaning"": ""最近阻力代理，来自近期高点和 ATR 区间"", ""not_trading_instruction"": true, ""price"": 11.2, ""source"": ""price_structure + volatility_band""}, ""nearest_support"": {""confidence"": ""low"", ""distance_pct"": -0.0692, ""meaning"": ""最近支撑代理，来自近期低点和 ATR 区间"", ""not_trading_instruction"": true, ""price"": 9.45, ""source"": ""price_structure + volatility_band""}, ""primary_confirmation_level"": {""confidence"": ""low"", ""distance_pct"": 0.332, ""meaning"": ""站上该价位说明个股主路径正在兑现"", ""not_trading_instruction"": true, ""price"": 13.52, ""source"": ""price_structure + scenario_path""}, ""primary_invalidation_level"": {""confidence"": ""low"", ""distance_pct"": -0.1015, ""meaning"": ""跌破该价位说明个股主路径失效概率上升"", ""not_trading_instruction"": true, ""price"": 9.12, ""source"": ""recent_low + volatility_band""}, ""risk_scenario_activation_level"": {""confidence"": ""low"", ""distance_pct"": -0.1015, ""meaning"": ""跌破该价位说明个股风险路径权重上升"", ""not_trading_instruction"": true, ""price"": 9.12, ""source"": ""volatility_band""}, ""trend_repair_confirmation_level"": {""confidence"": ""low"", ""distance_pct"": 0.332, ""meaning"": ""突破该价位说明个股趋势修复概率提高"", ""not_trading_instruction"": true, ""price"": 13.52, ""source"": ""recent_high + scenario_path""}}","{""conflicting"": [""大盘风险背景压低个股置信度"", ""个股弱于所属板块"", ""价格结构与主路径冲突"", ""成交量不确认当前路径"", ""基础财务指标偏弱"", ""个股 Alpha 评分已接入""], ""market_context"": ""risk_off_pressure"", ""missing"": [""options_volatility"", ""single_stock_options""], ""price_close"": 10.149999618530273, ""sector_relative_strength_20d"": -0.2922, ""supporting"": [""历史相似结构支持主路径""]}","{""10d"": 9.83, ""1d"": 10.1, ""20d"": 9.77, ""3d"": 10.02, ""5d"": 9.94, ""60d"": 9.76}",,,,,,,,,,,,,,,,,,,,,,,,,,,not_yet_validated,pending,,,,,,,,,,,,false
eaf223dcf0cb2f6f07ac,2026-07-01,stock,stock_baseline_v1,TSLA,TSLA,QQQ,425.29998779296875,stock_failed_bounce,0.2603,stock_downside_continuation,0.1871,stock_event_risk,0.1584,43.03,risk_off_pressure,neutral,84.3,53.01,53.31,100,7.5,0.4354,-0.0127,0.1547,0.45,87.5,"{""expected"": 424.54, ""lower"": 416.02, ""upper"": 433.05}","{""bounce_target_zone"": {""base"": 435.69, ""conservative"": 435.69, ""extended"": 447.46, ""meaning"": ""概率反抽情景参考区间，不是目标价承诺。"", ""not_trading_instruction"": true, ""source"": ""scenario_path + atr + recent_resistance""}, ""breakdown_level"": {""confidence"": ""low"", ""distance_pct"": -0.1333, ""meaning"": ""跌破该价位说明个股跌破结构风险上升"", ""not_trading_instruction"": true, ""price"": 368.6, ""source"": ""recent_low + risk_activation""}, ""breakout_level"": {""confidence"": ""low"", ""distance_pct"": 0.0195, ""meaning"": ""突破该价位说明个股突破情景需要重新评估"", ""not_trading_instruction"": true, ""price"": 433.6, ""source"": ""recent_high + primary_confirmation""}, ""failed_bounce_warning_zone"": {""critical_warning"": 368.6, ""first_warning"": 417.51, ""meaning"": ""跌入该区间说明失败反抽风险上升。"", ""not_trading_instruction"": true, ""source"": ""risk_path + atr + recent_support""}, ""nearest_resistance"": {""confidence"": ""low"", ""distance_pct"": 0.0195, ""meaning"": ""最近阻力代理，来自近期高点和 ATR 区间"", ""not_trading_instruction"": true, ""price"": 433.6, ""source"": ""price_structure + volatility_band""}, ""nearest_support"": {""confidence"": ""low"", ""distance_pct"": -0.0326, ""meaning"": ""最近支撑代理，来自近期低点和 ATR 区间"", ""not_trading_instruction"": true, ""price"": 411.44, ""source"": ""price_structure + volatility_band""}, ""primary_confirmation_level"": {""confidence"": ""low"", ""distance_pct"": 0.0195, ""meaning"": ""站上该价位说明个股主路径正在兑现"", ""not_trading_instruction"": true, ""price"": 433.6, ""source"": ""price_structure + scenario_path""}, ""primary_invalidation_level"": {""confidence"": ""low"", ""distance_pct"": -0.1333, ""meaning"": ""跌破该价位说明个股主路径失效概率上升"", ""not_trading_instruction"": true, ""price"": 368.6, ""source"": ""recent_low + volatility_band""}, ""risk_scenario_activation_level"": {""confidence"": ""low"", ""distance_pct"": -0.1333, ""meaning"": ""跌破该价位说明个股风险路径权重上升"", ""not_trading_instruction"": true, ""price"": 368.6, ""source"": ""volatility_band""}, ""trend_repair_confirmation_level"": {""confidence"": ""low"", ""distance_pct"": 0.0195, ""meaning"": ""突破该价位说明个股趋势修复概率提高"", ""not_trading_instruction"": true, ""price"": 433.6, ""source"": ""recent_high + scenario_path""}}","{""conflicting"": [""大盘风险背景压低个股置信度"", ""公司新闻或财报事件风险上升"", ""个股 Alpha 评分已接入"", ""主路径和第二路径差距较小""], ""market_context"": ""risk_off_pressure"", ""missing"": [""options_volatility"", ""single_stock_options""], ""price_close"": 425.29998779296875, ""sector_relative_strength_20d"": -0.0006, ""supporting"": [""价格结构支持主路径""]}","{""10d"": 419.84, ""1d"": 424.54, ""20d"": 419.31, ""3d"": 423.13, ""5d"": 421.76, ""60d"": 419.88}",,,,,,,,,,,,,,,,,,,,,,,,,,,not_yet_validated,pending,,,,,,,,,,,,false
bf96908290d38770a95d,2026-07-02,stock,stock_baseline_v1,CEG,CEG,SPY,239.25,stock_downside_continuation,0.2887,stock_failed_bounce,0.2761,stock_event_risk,0.0978,25.5,risk_off_pressure,conflicting,7.18,43.87,10.72,64.2,20.5,0.3882,-0.0209,0.2588,0.29,87.5,"{""expected"": 238.66, ""lower"": 233.53, ""upper"": 243.79}","{""bounce_target_zone"": {""base"": 245.5, ""conservative"": 245.5, ""extended"": 291.11, ""meaning"": ""概率反抽情景参考区间，不是目标价承诺。"", ""not_trading_instruction"": true, ""source"": ""scenario_path + atr + recent_resistance""}, ""breakdown_level"": {""confidence"": ""low"", ""distance_pct"": -0.0479, ""meaning"": ""跌破该价位说明个股跌破结构风险上升"", ""not_trading_instruction"": true, ""price"": 227.79, ""source"": ""recent_low + risk_activation""}, ""breakout_level"": {""confidence"": ""low"", ""distance_pct"": 0.1819, ""meaning"": ""突破该价位说明个股突破情景需要重新评估"", ""not_trading_instruction"": true, ""price"": 282.77, ""source"": ""recent_high + primary_confirmation""}, ""failed_bounce_warning_zone"": {""critical_warning"": 228.63, ""first_warning"": 234.56, ""meaning"": ""跌入该区间说明失败反抽风险上升。"", ""not_trading_instruction"": true, ""source"": ""risk_path + atr + recent_support""}, ""nearest_resistance"": {""confidence"": ""low"", ""distance_pct"": 0.0523, ""meaning"": ""最近阻力代理，来自近期高点和 ATR 区间"", ""not_trading_instruction"": true, ""price"": 251.75, ""source"": ""price_structure + volatility_band""}, ""nearest_support"": {""confidence"": ""low"", ""distance_pct"": -0.0348, ""meaning"": ""最近支撑代理，来自近期低点和 ATR 区间"", ""not_trading_instruction"": true, ""price"": 230.91, ""source"": ""price_structure + volatility_band""}, ""primary_confirmation_level"": {""confidence"": ""low"", ""distance_pct"": 0.1819, ""meaning"": ""站上该价位说明个股主路径正在兑现"", ""not_trading_instruction"": true, ""price"": 282.77, ""source"": ""price_structure + scenario_path""}, ""primary_invalidation_level"": {""confidence"": ""low"", ""distance_pct"": -0.0444, ""meaning"": ""跌破该价位说明个股主路径失效概率上升"", ""not_trading_instruction"": true, ""price"": 228.63, ""source"": ""recent_low + volatility_band""}, ""risk_scenario_activation_level"": {""confidence"": ""low"", ""distance_pct"": -0.0479, ""meaning"": ""跌破该价位说明个股风险路径权重上升"", ""not_trading_instruction"": true, ""price"": 227.79, ""source"": ""volatility_band""}, ""trend_repair_confirmation_level"": {""confidence"": ""low"", ""distance_pct"": 0.1819, ""meaning"": ""突破该价位说明个股趋势修复概率提高"", ""not_trading_instruction"": true, ""price"": 282.77, ""source"": ""recent_high + scenario_path""}}","{""conflicting"": [""大盘风险背景压低个股置信度"", ""个股弱于所属板块"", ""价格结构与主路径冲突"", ""个股相对弱于大盘/benchmark"", ""个股 Alpha 评分已接入"", ""主路径和第二路径差距较小""], ""market_context"": ""risk_off_pressure"", ""missing"": [""options_volatility"", ""single_stock_options""], ""price_close"": 239.25, ""sector_relative_strength_20d"": -0.1516, ""supporting"": [""基础财务指标偏支持"", ""历史相似结构支持主路径""]}","{""10d"": 235.08, ""1d"": 238.66, ""20d"": 234.4, ""3d"": 237.63, ""5d"": 236.6, ""60d"": 234.24}",,,,,,,,,,,,,,,,,,,,,,,,,,,not_yet_validated,pending,,,,,,,,,,,,false
b81ea16311c49b8b68a6,2026-07-02,stock,stock_baseline_v1,NVDA,NVDA,QQQ,194.8300018310547,stock_downside_continuation,0.271,stock_failed_bounce,0.2535,stock_event_risk,0.1295,39.09,risk_off_pressure,neutral,34.57,36.47,30.44,100,34.5,0.4778,-0.0141,0.1735,0.33,87.5,"{""expected"": 194.48, ""lower"": 191.37, ""upper"": 197.6}","{""bounce_target_zone"": {""base"": 198.63, ""conservative"": 198.63, ""extended"": 226.67, ""meaning"": ""概率反抽情景参考区间，不是目标价承诺。"", ""not_trading_instruction"": true, ""source"": ""scenario_path + atr + recent_resistance""}, ""breakdown_level"": {""confidence"": ""low"", ""distance_pct"": -0.0358, ""meaning"": ""跌破该价位说明个股跌破结构风险上升"", ""not_trading_instruction"": true, ""price"": 187.86, ""source"": ""recent_low + risk_activation""}, ""breakout_level"": {""confidence"": ""low"", ""distance_pct"": 0.1374, ""meaning"": ""突破该价位说明个股突破情景需要重新评估"", ""not_trading_instruction"": true, ""price"": 221.6, ""source"": ""recent_high + primary_confirmation""}, ""failed_bounce_warning_zone"": {""critical_warning"": 189.8, ""first_warning"": 191.98, ""meaning"": ""跌入该区间说明失败反抽风险上升。"", ""not_trading_instruction"": true, ""source"": ""risk_path + atr + recent_support""}, ""nearest_resistance"": {""confidence"": ""low"", ""distance_pct"": 0.0391, ""meaning"": ""最近阻力代理，来自近期高点和 ATR 区间"", ""not_trading_instruction"": true, ""price"": 202.44, ""source"": ""price_structure + volatility_band""}, ""nearest_support"": {""confidence"": ""low"", ""distance_pct"": -0.0258, ""meaning"": ""最近支撑代理，来自近期低点和 ATR 区间"", ""not_trading_instruction"": true, ""price"": 189.8, ""source"": ""price_structure + volatility_band""}, ""primary_confirmation_level"": {""confidence"": ""low"", ""distance_pct"": 0.1374, ""meaning"": ""站上该价位说明个股主路径正在兑现"", ""not_trading_instruction"": true, ""price"": 221.6, ""source"": ""price_structure + scenario_path""}, ""primary_invalidation_level"": {""confidence"": ""low"", ""distance_pct"": -0.0258, ""meaning"": ""跌破该价位说明个股主路径失效概率上升"", ""not_trading_instruction"": true, ""price"": 189.8, ""source"": ""recent_low + volatility_band""}, ""risk_scenario_activation_level"": {""confidence"": ""low"", ""distance_pct"": -0.0358, ""meaning"": ""跌破该价位说明个股风险路径权重上升"", ""not_trading_instruction"": true, ""price"": 187.86, ""source"": ""volatility_band""}, ""trend_repair_confirmation_level"": {""confidence"": ""low"", ""distance_pct"": 0.1374, ""meaning"": ""突破该价位说明个股趋势修复概率提高"", ""not_trading_instruction"": true, ""price"": 221.6, ""source"": ""recent_high + scenario_path""}}","{""conflicting"": [""大盘风险背景压低个股置信度"", ""价格结构与主路径冲突"", ""成交量不确认当前路径"", ""个股相对弱于大盘/benchmark"", ""公司新闻或财报事件风险上升"", ""个股 Alpha 评分已接入"", ""主路径和第二路径差距较小""], ""market_context"": ""risk_off_pressure"", ""missing"": [""options_volatility"", ""single_stock_options""], ""price_close"": 194.8300018310547, ""sector_relative_strength_20d"": -0.0131, ""supporting"": [""基础财务指标偏支持"", ""历史相似结构支持主路径""]}","{""10d"": 192.46, ""1d"": 194.48, ""20d"": 192.1, ""3d"": 193.88, ""5d"": 193.3, ""60d"": 192.08}",,,,,,,,,,,,,,,,,,,,,,,,,,,not_yet_validated,pending,,,,,,,,,,,,false
30269ad7ea6b29d6f6bc,2026-07-02,stock,stock_baseline_v1,SMR,SMR,IWM,9.760000228881836,stock_downside_continuation,0.3038,stock_failed_bounce,0.2062,stock_event_risk,0.1335,37.04,risk_off_pressure,conflicting,20.63,37.06,50.0,53.96,0,0.1888,-0.0389,0.3583,0.5,87.5,"{""expected"": 9.71, ""lower"": 9.26, ""upper"": 10.16}","{""bounce_target_zone"": {""base"": 10.31, ""conservative"": 10.31, ""extended"": 13.04, ""meaning"": ""概率反抽情景参考区间，不是目标价承诺。"", ""not_trading_instruction"": true, ""source"": ""scenario_path + atr + recent_resistance""}, ""breakdown_level"": {""confidence"": ""low"", ""distance_pct"": -0.1038, ""meaning"": ""跌破该价位说明个股跌破结构风险上升"", ""not_trading_instruction"": true, ""price"": 8.75, ""source"": ""recent_low + risk_activation""}, ""breakout_level"": {""confidence"": ""low"", ""distance_pct"": 0.2602, ""meaning"": ""突破该价位说明个股突破情景需要重新评估"", ""not_trading_instruction"": true, ""price"": 12.3, ""source"": ""recent_high + primary_confirmation""}, ""failed_bounce_warning_zone"": {""critical_warning"": 9.12, ""first_warning"": 9.35, ""meaning"": ""跌入该区间说明失败反抽风险上升。"", ""not_trading_instruction"": true, ""source"": ""risk_path + atr + recent_support""}, ""nearest_resistance"": {""confidence"": ""low"", ""distance_pct"": 0.1132, ""meaning"": ""最近阻力代理，来自近期高点和 ATR 区间"", ""not_trading_instruction"": true, ""price"": 10.86, ""source"": ""price_structure + volatility_band""}, ""nearest_support"": {""confidence"": ""low"", ""distance_pct"": -0.0656, ""meaning"": ""最近支撑代理，来自近期低点和 ATR 区间"", ""not_trading_instruction"": true, ""price"": 9.12, ""source"": ""price_structure + volatility_band""}, ""primary_confirmation_level"": {""confidence"": ""low"", ""distance_pct"": 0.2602, ""meaning"": ""站上该价位说明个股主路径正在兑现"", ""not_trading_instruction"": true, ""price"": 12.3, ""source"": ""price_structure + scenario_path""}, ""primary_invalidation_level"": {""confidence"": ""low"", ""distance_pct"": -0.0656, ""meaning"": ""跌破该价位说明个股主路径失效概率上升"", ""not_trading_instruction"": true, ""price"": 9.12, ""source"": ""recent_low + volatility_band""}, ""risk_scenario_activation_level"": {""confidence"": ""low"", ""distance_pct"": -0.1038, ""meaning"": ""跌破该价位说明个股风险路径权重上升"", ""not_trading_instruction"": true, ""price"": 8.75, ""source"": ""volatility_band""}, ""trend_repair_confirmation_level"": {""confidence"": ""low"", ""distance_pct"": 0.2602, ""meaning"": ""突破该价位说明个股趋势修复概率提高"", ""not_trading_instruction"": true, ""price"": 12.3, ""source"": ""recent_high + scenario_path""}}","{""conflicting"": [""大盘风险背景压低个股置信度"", ""个股弱于所属板块"", ""价格结构与主路径冲突"", ""成交量不确认当前路径"", ""基础财务指标偏弱"", ""个股 Alpha 评分已接入""], ""market_context"": ""risk_off_pressure"", ""missing"": [""options_volatility"", ""single_stock_options""], ""price_close"": 9.760000228881836, ""sector_relative_strength_20d"": -0.2515, ""supporting"": [""历史相似结构支持主路径""]}","{""10d"": 9.44, ""1d"": 9.71, ""20d"": 9.39, ""3d"": 9.63, ""5d"": 9.55, ""60d"": 9.38}",,,,,,,,,,,,,,,,,,,,,,,,,,,not_yet_validated,pending,,,,,,,,,,,,false
b5b610acd96d3c4f8e2f,2026-07-02,stock,stock_baseline_v1,TSLA,TSLA,QQQ,393.45001220703125,stock_failed_bounce,0.2473,stock_downside_continuation,0.2412,stock_event_risk,0.1396,40.93,risk_off_pressure,conflicting,51.08,65.14,37.98,100,0,0.3569,-0.0161,0.1839,0.52,87.5,"{""expected"": 392.58, ""lower"": 383.21, ""upper"": 401.94}","{""bounce_target_zone"": {""base"": 404.88, ""conservative"": 404.88, ""extended"": 448.1, ""meaning"": ""概率反抽情景参考区间，不是目标价承诺。"", ""not_trading_instruction"": true, ""source"": ""scenario_path + atr + recent_resistance""}, ""breakdown_level"": {""confidence"": ""low"", ""distance_pct"": -0.0632, ""meaning"": ""跌破该价位说明个股跌破结构风险上升"", ""not_trading_instruction"": true, ""price"": 368.6, ""source"": ""recent_low + risk_activation""}, ""breakout_level"": {""confidence"": ""low"", ""distance_pct"": 0.1002, ""meaning"": ""突破该价位说明个股突破情景需要重新评估"", ""not_trading_instruction"": true, ""price"": 432.86, ""source"": ""recent_high + primary_confirmation""}, ""failed_bounce_warning_zone"": {""critical_warning"": 368.6, ""first_warning"": 384.88, ""meaning"": ""跌入该区间说明失败反抽风险上升。"", ""not_trading_instruction"": true, ""source"": ""risk_path + atr + recent_support""}, ""nearest_resistance"": {""confidence"": ""low"", ""distance_pct"": 0.0581, ""meaning"": ""最近阻力代理，来自近期高点和 ATR 区间"", ""not_trading_instruction"": true, ""price"": 416.31, ""source"": ""price_structure + volatility_band""}, ""nearest_support"": {""confidence"": ""low"", ""distance_pct"": -0.0387, ""meaning"": ""最近支撑代理，来自近期低点和 ATR 区间"", ""not_trading_instruction"": true, ""price"": 378.21, ""source"": ""price_structure + volatility_band""}, ""primary_confirmation_level"": {""confidence"": ""low"", ""distance_pct"": 0.1002, ""meaning"": ""站上该价位说明个股主路径正在兑现"", ""not_trading_instruction"": true, ""price"": 432.86, ""source"": ""price_structure + scenario_path""}, ""primary_invalidation_level"": {""confidence"": ""low"", ""distance_pct"": -0.0632, ""meaning"": ""跌破该价位说明个股主路径失效概率上升"", ""not_trading_instruction"": true, ""price"": 368.6, ""source"": ""recent_low + volatility_band""}, ""risk_scenario_activation_level"": {""confidence"": ""low"", ""distance_pct"": -0.0632, ""meaning"": ""跌破该价位说明个股风险路径权重上升"", ""not_trading_instruction"": true, ""price"": 368.6, ""source"": ""volatility_band""}, ""trend_repair_confirmation_level"": {""confidence"": ""low"", ""distance_pct"": 0.1002, ""meaning"": ""突破该价位说明个股趋势修复概率提高"", ""not_trading_instruction"": true, ""price"": 432.86, ""source"": ""recent_high + scenario_path""}}","{""conflicting"": [""大盘风险背景压低个股置信度"", ""个股弱于所属板块"", ""个股相对弱于大盘/benchmark"", ""公司新闻或财报事件风险上升"", ""个股 Alpha 评分已接入"", ""主路径和第二路径差距较小""], ""market_context"": ""risk_off_pressure"", ""missing"": [""options_volatility"", ""single_stock_options""], ""price_close"": 393.45001220703125, ""sector_relative_strength_20d"": -0.0747, ""supporting"": [""成交量确认当前路径"", ""历史相似结构支持主路径""]}","{""10d"": 387.36, ""1d"": 392.58, ""20d"": 386.68, ""3d"": 391.02, ""5d"": 389.51, ""60d"": 387.13}",,,,,,,,,,,,,,,,,,,,,,,,,,,not_yet_validated,pending,,,,,,,,,,,,false
8e1f87d3aef5bd90bf9c,2026-07-06,stock,stock_baseline_v1,CEG,CEG,SPY,245.8699951171875,stock_failed_bounce,0.276,stock_downside_continuation,0.2638,stock_event_risk,0.1307,27.16,risk_off_pressure,conflicting,20.77,38.34,16.47,66.76,15.5,0.3915,-0.0197,0.2383,0.3,87.5,"{""expected"": 245.28, ""lower"": 240.16, ""upper"": 250.4}","{""bounce_target_zone"": {""base"": 252.11, ""conservative"": 252.11, ""extended"": 291.09, ""meaning"": ""概率反抽情景参考区间，不是目标价承诺。"", ""not_trading_instruction"": true, ""source"": ""scenario_path + atr + recent_resistance""}, ""breakdown_level"": {""confidence"": ""low"", ""distance_pct"": -0.0701, ""meaning"": ""跌破该价位说明个股跌破结构风险上升"", ""not_trading_instruction"": true, ""price"": 228.63, ""source"": ""recent_low + risk_activation""}, ""breakout_level"": {""confidence"": ""low"", ""distance_pct"": 0.1501, ""meaning"": ""突破该价位说明个股突破情景需要重新评估"", ""not_trading_instruction"": true, ""price"": 282.77, ""source"": ""recent_high + primary_confirmation""}, ""failed_bounce_warning_zone"": {""critical_warning"": 228.63, ""first_warning"": 241.19, ""meaning"": ""跌入该区间说明失败反抽风险上升。"", ""not_trading_instruction"": true, ""source"": ""risk_path + atr + recent_support""}, ""nearest_resistance"": {""confidence"": ""low"", ""distance_pct"": 0.0508, ""meaning"": ""最近阻力代理，来自近期高点和 ATR 区间"", ""not_trading_instruction"": true, ""price"": 258.35, ""source"": ""price_structure + volatility_band""}, ""nearest_support"": {""confidence"": ""low"", ""distance_pct"": -0.0338, ""meaning"": ""最近支撑代理，来自近期低点和 ATR 区间"", ""not_trading_instruction"": true, ""price"": 237.55, ""source"": ""price_structure + volatility_band""}, ""primary_confirmation_level"": {""confidence"": ""low"", ""distance_pct"": 0.1501, ""meaning"": ""站上该价位说明个股主路径正在兑现"", ""not_trading_instruction"": true, ""price"": 282.77, ""source"": ""price_structure + scenario_path""}, ""primary_invalidation_level"": {""confidence"": ""low"", ""distance_pct"": -0.0701, ""meaning"": ""跌破该价位说明个股主路径失效概率上升"", ""not_trading_instruction"": true, ""price"": 228.63, ""source"": ""recent_low + volatility_band""}, ""risk_scenario_activation_level"": {""confidence"": ""low"", ""distance_pct"": -0.0701, ""meaning"": ""跌破该价位说明个股风险路径权重上升"", ""not_trading_instruction"": true, ""price"": 228.63, ""source"": ""volatility_band""}, ""trend_repair_confirmation_level"": {""confidence"": ""low"", ""distance_pct"": 0.1501, ""meaning"": ""突破该价位说明个股趋势修复概率提高"", ""not_trading_instruction"": true, ""price"": 282.77, ""source"": ""recent_high + scenario_path""}}","{""conflicting"": [""大盘风险背景压低个股置信度"", ""个股弱于所属板块"", ""价格结构与主路径冲突"", ""成交量不确认当前路径"", ""个股相对弱于大盘/benchmark"", ""公司新闻或财报事件风险上升"", ""个股 Alpha 评分已接入"", ""主路径和第二路径差距较小""], ""market_context"": ""risk_off_pressure"", ""missing"": [""options_volatility"", ""single_stock_options""], ""price_close"": 245.8699951171875, ""sector_relative_strength_20d"": -0.1017, ""supporting"": [""基础财务指标偏支持"", ""历史相似结构支持主路径""]}","{""10d"": 241.73, ""1d"": 245.28, ""20d"": 241.1, ""3d"": 244.23, ""5d"": 243.21, ""60d"": 241.02}",,,,,,,,,,,,,,,,,,,,,,,,,,,not_yet_validated,pending,,,,,,,,,,,,false
1bb62c927c7520b4343e,2026-07-06,stock,stock_baseline_v1,NVDA,NVDA,QQQ,195.5500030517578,stock_downside_continuation,0.279,stock_failed_bounce,0.2535,stock_event_risk,0.1307,35.57,risk_off_pressure,conflicting,39.44,28.05,24.62,100,32.5,0.4446,-0.015,0.1705,0.32,87.5,"{""expected"": 195.18, ""lower"": 192.06, ""upper"": 198.3}","{""bounce_target_zone"": {""base"": 199.35, ""conservative"": 199.35, ""extended"": 219.94, ""meaning"": ""概率反抽情景参考区间，不是目标价承诺。"", ""not_trading_instruction"": true, ""source"": ""scenario_path + atr + recent_resistance""}, ""breakdown_level"": {""confidence"": ""low"", ""distance_pct"": -0.0356, ""meaning"": ""跌破该价位说明个股跌破结构风险上升"", ""not_trading_instruction"": true, ""price"": 188.58, ""source"": ""recent_low + risk_activation""}, ""breakout_level"": {""confidence"": ""low"", ""distance_pct"": 0.0988, ""meaning"": ""突破该价位说明个股突破情景需要重新评估"", ""not_trading_instruction"": true, ""price"": 214.87, ""source"": ""recent_high + primary_confirmation""}, ""failed_bounce_warning_zone"": {""critical_warning"": 189.8, ""first_warning"": 192.7, ""meaning"": ""跌入该区间说明失败反抽风险上升。"", ""not_trading_instruction"": true, ""source"": ""risk_path + atr + recent_support""}, ""nearest_resistance"": {""confidence"": ""low"", ""distance_pct"": 0.0389, ""meaning"": ""最近阻力代理，来自近期高点和 ATR 区间"", ""not_trading_instruction"": true, ""price"": 203.15, ""source"": ""price_structure + volatility_band""}, ""nearest_support"": {""confidence"": ""low"", ""distance_pct"": -0.0259, ""meaning"": ""最近支撑代理，来自近期低点和 ATR 区间"", ""not_trading_instruction"": true, ""price"": 190.48, ""source"": ""price_structure + volatility_band""}, ""primary_confirmation_level"": {""confidence"": ""low"", ""distance_pct"": 0.0988, ""meaning"": ""站上该价位说明个股主路径正在兑现"", ""not_trading_instruction"": true, ""price"": 214.87, ""source"": ""price_structure + scenario_path""}, ""primary_invalidation_level"": {""confidence"": ""low"", ""distance_pct"": -0.0294, ""meaning"": ""跌破该价位说明个股主路径失效概率上升"", ""not_trading_instruction"": true, ""price"": 189.8, ""source"": ""recent_low + volatility_band""}, ""risk_scenario_activation_level"": {""confidence"": ""low"", ""distance_pct"": -0.0356, ""meaning"": ""跌破该价位说明个股风险路径权重上升"", ""not_trading_instruction"": true, ""price"": 188.58, ""source"": ""volatility_band""}, ""trend_repair_confirmation_level"": {""confidence"": ""low"", ""distance_pct"": 0.0988, ""meaning"": ""突破该价位说明个股趋势修复概率提高"", ""not_trading_instruction"": true, ""price"": 214.87, ""source"": ""recent_high + scenario_path""}}","{""conflicting"": [""大盘风险背景压低个股置信度"", ""个股弱于所属板块"", ""价格结构与主路径冲突"", ""成交量不确认当前路径"", ""个股相对弱于大盘/benchmark"", ""公司新闻或财报事件风险上升"", ""个股 Alpha 评分已接入"", ""主路径和第二路径差距较小""], ""market_context"": ""risk_off_pressure"", ""missing"": [""options_volatility"", ""single_stock_options""], ""price_close"": 195.5500030517578, ""sector_relative_strength_20d"": -0.056, ""supporting"": [""基础财务指标偏支持"", ""历史相似结构支持主路径""]}","{""10d"": 193.06, ""1d"": 195.18, ""20d"": 192.66, ""3d"": 194.54, ""5d"": 193.93, ""60d"": 192.61}",,,,,,,,,,,,,,,,,,,,,,,,,,,not_yet_validated,pending,,,,,,,,,,,,false
19a72e93b7c50b4240c8,2026-07-06,stock,stock_baseline_v1,SMR,SMR,IWM,9.609999656677246,stock_downside_continuation,0.3015,stock_failed_bounce,0.2139,stock_event_risk,0.1328,36.01,risk_off_pressure,conflicting,16.77,34.13,50.0,51.4,0,0.2018,-0.0395,0.3599,0.49,87.5,"{""expected"": 9.56, ""lower"": 9.11, ""upper"": 10.01}","{""bounce_target_zone"": {""base"": 10.16, ""conservative"": 10.16, ""extended"": 12.97, ""meaning"": ""概率反抽情景参考区间，不是目标价承诺。"", ""not_trading_instruction"": true, ""source"": ""scenario_path + atr + recent_resistance""}, ""breakdown_level"": {""confidence"": ""low"", ""distance_pct"": -0.1041, ""meaning"": ""跌破该价位说明个股跌破结构风险上升"", ""not_trading_instruction"": true, ""price"": 8.61, ""source"": ""recent_low + risk_activation""}, ""breakout_level"": {""confidence"": ""low"", ""distance_pct"": 0.2737, ""meaning"": ""突破该价位说明个股突破情景需要重新评估"", ""not_trading_instruction"": true, ""price"": 12.24, ""source"": ""recent_high + primary_confirmation""}, ""failed_bounce_warning_zone"": {""critical_warning"": 9.02, ""first_warning"": 9.2, ""meaning"": ""跌入该区间说明失败反抽风险上升。"", ""not_trading_instruction"": true, ""source"": ""risk_path + atr + recent_support""}, ""nearest_resistance"": {""confidence"": ""low"", ""distance_pct"": 0.1136, ""meaning"": ""最近阻力代理，来自近期高点和 ATR 区间"", ""not_trading_instruction"": true, ""price"": 10.7, ""source"": ""price_structure + volatility_band""}, ""nearest_support"": {""confidence"": ""low"", ""distance_pct"": -0.051, ""meaning"": ""最近支撑代理，来自近期低点和 ATR 区间"", ""not_trading_instruction"": true, ""price"": 9.12, ""source"": ""price_structure + volatility_band""}, ""primary_confirmation_level"": {""confidence"": ""low"", ""distance_pct"": 0.2737, ""meaning"": ""站上该价位说明个股主路径正在兑现"", ""not_trading_instruction"": true, ""price"": 12.24, ""source"": ""price_structure + scenario_path""}, ""primary_invalidation_level"": {""confidence"": ""low"", ""distance_pct"": -0.0615, ""meaning"": ""跌破该价位说明个股主路径失效概率上升"", ""not_trading_instruction"": true, ""price"": 9.02, ""source"": ""recent_low + volatility_band""}, ""risk_scenario_activation_level"": {""confidence"": ""low"", ""distance_pct"": -0.1041, ""meaning"": ""跌破该价位说明个股风险路径权重上升"", ""not_trading_instruction"": true, ""price"": 8.61, ""source"": ""volatility_band""}, ""trend_repair_confirmation_level"": {""confidence"": ""low"", ""distance_pct"": 0.2737, ""meaning"": ""突破该价位说明个股趋势修复概率提高"", ""not_trading_instruction"": true, ""price"": 12.24, ""source"": ""recent_high + scenario_path""}}","{""conflicting"": [""大盘风险背景压低个股置信度"", ""个股弱于所属板块"", ""价格结构与主路径冲突"", ""成交量不确认当前路径"", ""基础财务指标偏弱"", ""个股 Alpha 评分已接入""], ""market_context"": ""risk_off_pressure"", ""missing"": [""options_volatility"", ""single_stock_options""], ""price_close"": 9.609999656677246, ""sector_relative_strength_20d"": -0.2301, ""supporting"": [""历史相似结构支持主路径""]}","{""10d"": 9.28, ""1d"": 9.56, ""20d"": 9.23, ""3d"": 9.48, ""5d"": 9.4, ""60d"": 9.23}",,,,,,,,,,,,,,,,,,,,,,,,,,,not_yet_validated,pending,,,,,,,,,,,,false
d9f3c7bcedcad41697b5,2026-07-06,stock,stock_baseline_v1,TSLA,TSLA,QQQ,419.7699890136719,stock_failed_bounce,0.2544,stock_downside_continuation,0.1829,stock_event_risk,0.1604,44.96,risk_off_pressure,neutral,77.16,61.65,57.62,100,7.5,0.4318,-0.0132,0.1786,0.47,87.5,"{""expected"": 418.95, ""lower"": 409.25, ""upper"": 428.66}","{""bounce_target_zone"": {""base"": 431.61, ""conservative"": 431.61, ""extended"": 448.65, ""meaning"": ""概率反抽情景参考区间，不是目标价承诺。"", ""not_trading_instruction"": true, ""source"": ""scenario_path + atr + recent_resistance""}, ""breakdown_level"": {""confidence"": ""low"", ""distance_pct"": -0.1219, ""meaning"": ""跌破该价位说明个股跌破结构风险上升"", ""not_trading_instruction"": true, ""price"": 368.6, ""source"": ""recent_low + risk_activation""}, ""breakout_level"": {""confidence"": ""low"", ""distance_pct"": 0.0312, ""meaning"": ""突破该价位说明个股突破情景需要重新评估"", ""not_trading_instruction"": true, ""price"": 432.86, ""source"": ""recent_high + primary_confirmation""}, ""failed_bounce_warning_zone"": {""critical_warning"": 368.6, ""first_warning"": 410.89, ""meaning"": ""跌入该区间说明失败反抽风险上升。"", ""not_trading_instruction"": true, ""source"": ""risk_path + atr + recent_support""}, ""nearest_resistance"": {""confidence"": ""low"", ""distance_pct"": 0.0312, ""meaning"": ""最近阻力代理，来自近期高点和 ATR 区间"", ""not_trading_instruction"": true, ""price"": 432.86, ""source"": ""price_structure + volatility_band""}, ""nearest_support"": {""confidence"": ""low"", ""distance_pct"": -0.0376, ""meaning"": ""最近支撑代理，来自近期低点和 ATR 区间"", ""not_trading_instruction"": true, ""price"": 403.98, ""source"": ""price_structure + volatility_band""}, ""primary_confirmation_level"": {""confidence"": ""low"", ""distance_pct"": 0.0312, ""meaning"": ""站上该价位说明个股主路径正在兑现"", ""not_trading_instruction"": true, ""price"": 432.86, ""source"": ""price_structure + scenario_path""}, ""primary_invalidation_level"": {""confidence"": ""low"", ""distance_pct"": -0.1219, ""meaning"": ""跌破该价位说明个股主路径失效概率上升"", ""not_trading_instruction"": true, ""price"": 368.6, ""source"": ""recent_low + volatility_band""}, ""risk_scenario_activation_level"": {""confidence"": ""low"", ""distance_pct"": -0.1219, ""meaning"": ""跌破该价位说明个股风险路径权重上升"", ""not_trading_instruction"": true, ""price"": 368.6, ""source"": ""volatility_band""}, ""trend_repair_confirmation_level"": {""confidence"": ""low"", ""distance_pct"": 0.0312, ""meaning"": ""突破该价位说明个股趋势修复概率提高"", ""not_trading_instruction"": true, ""price"": 432.86, ""source"": ""recent_high + scenario_path""}}","{""conflicting"": [""大盘风险背景压低个股置信度"", ""公司新闻或财报事件风险上升"", ""个股 Alpha 评分已接入"", ""主路径和第二路径差距较小""], ""market_context"": ""risk_off_pressure"", ""missing"": [""options_volatility"", ""single_stock_options""], ""price_close"": 419.7699890136719, ""sector_relative_strength_20d"": -0.0032, ""supporting"": [""价格结构支持主路径"", ""历史相似结构支持主路径""]}","{""10d"": 413.91, ""1d"": 418.95, ""20d"": 413.44, ""3d"": 417.43, ""5d"": 415.96, ""60d"": 414.25}",,,,,,,,,,,,,,,,,,,,,,,,,,,not_yet_validated,pending,,,,,,,,,,,,false
289c5091ea204ce1f4f3,2026-07-07,stock,stock_baseline_v1,CEG,CEG,SPY,239.7100067138672,stock_downside_continuation,0.2758,stock_failed_bounce,0.2703,stock_event_risk,0.1014,26.36,risk_off_pressure,conflicting,14.1,40.39,14.85,61.64,20.5,0.4035,-0.0185,0.2574,0.3,87.5,"{""expected"": 239.18, ""lower"": 234.19, ""upper"": 244.17}","{""bounce_target_zone"": {""base"": 245.79, ""conservative"": 245.79, ""extended"": 290.88, ""meaning"": ""概率反抽情景参考区间，不是目标价承诺。"", ""not_trading_instruction"": true, ""source"": ""scenario_path + atr + recent_resistance""}, ""breakdown_level"": {""confidence"": ""low"", ""distance_pct"": -0.0465, ""meaning"": ""跌破该价位说明个股跌破结构风险上升"", ""not_trading_instruction"": true, ""price"": 228.56, ""source"": ""recent_low + risk_activation""}, ""breakout_level"": {""confidence"": ""low"", ""distance_pct"": 0.1796, ""meaning"": ""突破该价位说明个股突破情景需要重新评估"", ""not_trading_instruction"": true, ""price"": 282.77, ""source"": ""recent_high + primary_confirmation""}, ""failed_bounce_warning_zone"": {""critical_warning"": 228.63, ""first_warning"": 235.15, ""meaning"": ""跌入该区间说明失败反抽风险上升。"", ""not_trading_instruction"": true, ""source"": ""risk_path + atr + recent_support""}, ""nearest_resistance"": {""confidence"": ""low"", ""distance_pct"": 0.0507, ""meaning"": ""最近阻力代理，来自近期高点和 ATR 区间"", ""not_trading_instruction"": true, ""price"": 251.87, ""source"": ""price_structure + volatility_band""}, ""nearest_support"": {""confidence"": ""low"", ""distance_pct"": -0.0338, ""meaning"": ""最近支撑代理，来自近期低点和 ATR 区间"", ""not_trading_instruction"": true, ""price"": 231.6, ""source"": ""price_structure + volatility_band""}, ""primary_confirmation_level"": {""confidence"": ""low"", ""distance_pct"": 0.1796, ""meaning"": ""站上该价位说明个股主路径正在兑现"", ""not_trading_instruction"": true, ""price"": 282.77, ""source"": ""price_structure + scenario_path""}, ""primary_invalidation_level"": {""confidence"": ""low"", ""distance_pct"": -0.0462, ""meaning"": ""跌破该价位说明个股主路径失效概率上升"", ""not_trading_instruction"": true, ""price"": 228.63, ""source"": ""recent_low + volatility_band""}, ""risk_scenario_activation_level"": {""confidence"": ""low"", ""distance_pct"": -0.0465, ""meaning"": ""跌破该价位说明个股风险路径权重上升"", ""not_trading_instruction"": true, ""price"": 228.56, ""source"": ""volatility_band""}, ""trend_repair_confirmation_level"": {""confidence"": ""low"", ""distance_pct"": 0.1796, ""meaning"": ""突破该价位说明个股趋势修复概率提高"", ""not_trading_instruction"": true, ""price"": 282.77, ""source"": ""recent_high + scenario_path""}}","{""conflicting"": [""大盘风险背景压低个股置信度"", ""个股弱于所属板块"", ""价格结构与主路径冲突"", ""成交量不确认当前路径"", ""个股相对弱于大盘/benchmark"", ""个股 Alpha 评分已接入"", ""主路径和第二路径差距较小""], ""market_context"": ""risk_off_pressure"", ""missing"": [""options_volatility"", ""single_stock_options""], ""price_close"": 239.7100067138672, ""sector_relative_strength_20d"": -0.0898, ""supporting"": [""基础财务指标偏支持"", ""历史相似结构支持主路径""]}","{""10d"": 235.92, ""1d"": 239.18, ""20d"": 235.34, ""3d"": 238.24, ""5d"": 237.3, ""60d"": 235.28}",,,,,,,,,,,,,,,,,,,,,,,,,,,not_yet_validated,pending,,,,,,,,,,,,false
39497867099ffe237fbf,2026-07-07,stock,stock_baseline_v1,NVDA,NVDA,QQQ,196.92999267578125,stock_failed_bounce,0.2641,stock_downside_continuation,0.2518,stock_event_risk,0.136,37.87,risk_off_pressure,conflicting,40.91,36.14,33.45,100,34.5,0.4812,-0.0135,0.1646,0.34,87.5,"{""expected"": 196.59, ""lower"": 193.48, ""upper"": 199.7}","{""bounce_target_zone"": {""base"": 200.72, ""conservative"": 200.72, ""extended"": 219.04, ""meaning"": ""概率反抽情景参考区间，不是目标价承诺。"", ""not_trading_instruction"": true, ""source"": ""scenario_path + atr + recent_resistance""}, ""breakdown_level"": {""confidence"": ""low"", ""distance_pct"": -0.0362, ""meaning"": ""跌破该价位说明个股跌破结构风险上升"", ""not_trading_instruction"": true, ""price"": 189.8, ""source"": ""recent_low + risk_activation""}, ""breakout_level"": {""confidence"": ""low"", ""distance_pct"": 0.0866, ""meaning"": ""突破该价位说明个股突破情景需要重新评估"", ""not_trading_instruction"": true, ""price"": 213.99, ""source"": ""recent_high + primary_confirmation""}, ""failed_bounce_warning_zone"": {""critical_warning"": 189.8, ""first_warning"": 194.09, ""meaning"": ""跌入该区间说明失败反抽风险上升。"", ""not_trading_instruction"": true, ""source"": ""risk_path + atr + recent_support""}, ""nearest_resistance"": {""confidence"": ""low"", ""distance_pct"": 0.0385, ""meaning"": ""最近阻力代理，来自近期高点和 ATR 区间"", ""not_trading_instruction"": true, ""price"": 204.51, ""source"": ""price_structure + volatility_band""}, ""nearest_support"": {""confidence"": ""low"", ""distance_pct"": -0.0257, ""meaning"": ""最近支撑代理，来自近期低点和 ATR 区间"", ""not_trading_instruction"": true, ""price"": 191.88, ""source"": ""price_structure + volatility_band""}, ""primary_confirmation_level"": {""confidence"": ""low"", ""distance_pct"": 0.0866, ""meaning"": ""站上该价位说明个股主路径正在兑现"", ""not_trading_instruction"": true, ""price"": 213.99, ""source"": ""price_structure + scenario_path""}, ""primary_invalidation_level"": {""confidence"": ""low"", ""distance_pct"": -0.0362, ""meaning"": ""跌破该价位说明个股主路径失效概率上升"", ""not_trading_instruction"": true, ""price"": 189.8, ""source"": ""recent_low + volatility_band""}, ""risk_scenario_activation_level"": {""confidence"": ""low"", ""distance_pct"": -0.0362, ""meaning"": ""跌破该价位说明个股风险路径权重上升"", ""not_trading_instruction"": true, ""price"": 189.8, ""source"": ""volatility_band""}, ""trend_repair_confirmation_level"": {""confidence"": ""low"", ""distance_pct"": 0.0866, ""meaning"": ""突破该价位说明个股趋势修复概率提高"", ""not_trading_instruction"": true, ""price"": 213.99, ""source"": ""recent_high + scenario_path""}}","{""conflicting"": [""大盘风险背景压低个股置信度"", ""个股弱于所属板块"", ""价格结构与主路径冲突"", ""成交量不确认当前路径"", ""个股相对弱于大盘/benchmark"", ""公司新闻或财报事件风险上升"", ""个股 Alpha 评分已接入"", ""主路径和第二路径差距较小""], ""market_context"": ""risk_off_pressure"", ""missing"": [""options_volatility"", ""single_stock_options""], ""price_close"": 196.92999267578125, ""sector_relative_strength_20d"": -0.0336, ""supporting"": [""基础财务指标偏支持"", ""历史相似结构支持主路径""]}","{""10d"": 194.58, ""1d"": 196.59, ""20d"": 194.24, ""3d"": 195.99, ""5d"": 195.41, ""60d"": 194.27}",,,,,,,,,,,,,,,,,,,,,,,,,,,not_yet_validated,pending,,,,,,,,,,,,false
1f762ca6793a2e5dce25,2026-07-07,stock,stock_baseline_v1,SMR,SMR,IWM,8.960000038146973,stock_downside_continuation,0.2782,stock_failed_bounce,0.2406,stock_event_risk,0.128,36.31,risk_off_pressure,conflicting,0,41.18,50.0,51.4,0,0.2214,-0.0391,0.3739,0.51,87.5,"{""expected"": 8.92, ""lower"": 8.48, ""upper"": 9.35}","{""bounce_target_zone"": {""base"": 9.49, ""conservative"": 9.49, ""extended"": 12.56, ""meaning"": ""概率反抽情景参考区间，不是目标价承诺。"", ""not_trading_instruction"": true, ""source"": ""scenario_path + atr + recent_resistance""}, ""breakdown_level"": {""confidence"": ""low"", ""distance_pct"": -0.1083, ""meaning"": ""跌破该价位说明个股跌破结构风险上升"", ""not_trading_instruction"": true, ""price"": 7.99, ""source"": ""recent_low + risk_activation""}, ""breakout_level"": {""confidence"": ""low"", ""distance_pct"": 0.3225, ""meaning"": ""突破该价位说明个股突破情景需要重新评估"", ""not_trading_instruction"": true, ""price"": 11.85, ""source"": ""recent_high + primary_confirmation""}, ""failed_bounce_warning_zone"": {""critical_warning"": 8.39, ""first_warning"": 8.56, ""meaning"": ""跌入该区间说明失败反抽风险上升。"", ""not_trading_instruction"": true, ""source"": ""risk_path + atr + recent_support""}, ""nearest_resistance"": {""confidence"": ""low"", ""distance_pct"": 0.1181, ""meaning"": ""最近阻力代理，来自近期高点和 ATR 区间"", ""not_trading_instruction"": true, ""price"": 10.02, ""source"": ""price_structure + volatility_band""}, ""nearest_support"": {""confidence"": ""low"", ""distance_pct"": -0.0357, ""meaning"": ""最近支撑代理，来自近期低点和 ATR 区间"", ""not_trading_instruction"": true, ""price"": 8.64, ""source"": ""price_structure + volatility_band""}, ""primary_confirmation_level"": {""confidence"": ""low"", ""distance_pct"": 0.3225, ""meaning"": ""站上该价位说明个股主路径正在兑现"", ""not_trading_instruction"": true, ""price"": 11.85, ""source"": ""price_structure + scenario_path""}, ""primary_invalidation_level"": {""confidence"": ""low"", ""distance_pct"": -0.064, ""meaning"": ""跌破该价位说明个股主路径失效概率上升"", ""not_trading_instruction"": true, ""price"": 8.39, ""source"": ""recent_low + volatility_band""}, ""risk_scenario_activation_level"": {""confidence"": ""low"", ""distance_pct"": -0.1083, ""meaning"": ""跌破该价位说明个股风险路径权重上升"", ""not_trading_instruction"": true, ""price"": 7.99, ""source"": ""volatility_band""}, ""trend_repair_confirmation_level"": {""confidence"": ""low"", ""distance_pct"": 0.3225, ""meaning"": ""突破该价位说明个股趋势修复概率提高"", ""not_trading_instruction"": true, ""price"": 11.85, ""source"": ""recent_high + scenario_path""}}","{""conflicting"": [""大盘风险背景压低个股置信度"", ""个股弱于所属板块"", ""价格结构与主路径冲突"", ""成交量不确认当前路径"", ""基础财务指标偏弱"", ""个股 Alpha 评分已接入"", ""主路径和第二路径差距较小""], ""market_context"": ""risk_off_pressure"", ""missing"": [""options_volatility"", ""single_stock_options""], ""price_close"": 8.960000038146973, ""sector_relative_strength_20d"": -0.1771, ""supporting"": [""历史相似结构支持主路径""]}","{""10d"": 8.65, ""1d"": 8.92, ""20d"": 8.61, ""3d"": 8.84, ""5d"": 8.76, ""60d"": 8.61}",,,,,,,,,,,,,,,,,,,,,,,,,,,not_yet_validated,pending,,,,,,,,,,,,false
f08c455cda44a1b06a9e,2026-07-07,stock,stock_baseline_v1,TSLA,TSLA,QQQ,402.8999938964844,stock_failed_bounce,0.2638,stock_downside_continuation,0.1848,stock_event_risk,0.1607,43.14,risk_off_pressure,neutral,47.19,50.23,54.64,100,0,0.3994,-0.0136,0.1919,0.51,87.5,"{""expected"": 402.08, ""lower"": 392.07, ""upper"": 412.09}","{""bounce_target_zone"": {""base"": 415.1, ""conservative"": 415.1, ""extended"": 449.12, ""meaning"": ""概率反抽情景参考区间，不是目标价承诺。"", ""not_trading_instruction"": true, ""source"": ""scenario_path + atr + recent_resistance""}, ""breakdown_level"": {""confidence"": ""low"", ""distance_pct"": -0.0851, ""meaning"": ""跌破该价位说明个股跌破结构风险上升"", ""not_trading_instruction"": true, ""price"": 368.6, ""source"": ""recent_low + risk_activation""}, ""breakout_level"": {""confidence"": ""low"", ""distance_pct"": 0.0744, ""meaning"": ""突破该价位说明个股突破情景需要重新评估"", ""not_trading_instruction"": true, ""price"": 432.86, ""source"": ""recent_high + primary_confirmation""}, ""failed_bounce_warning_zone"": {""critical_warning"": 368.6, ""first_warning"": 393.75, ""meaning"": ""跌入该区间说明失败反抽风险上升。"", ""not_trading_instruction"": true, ""source"": ""risk_path + atr + recent_support""}, ""nearest_resistance"": {""confidence"": ""low"", ""distance_pct"": 0.0605, ""meaning"": ""最近阻力代理，来自近期高点和 ATR 区间"", ""not_trading_instruction"": true, ""price"": 427.29, ""source"": ""price_structure + volatility_band""}, ""nearest_support"": {""confidence"": ""low"", ""distance_pct"": -0.0404, ""meaning"": ""最近支撑代理，来自近期低点和 ATR 区间"", ""not_trading_instruction"": true, ""price"": 386.64, ""source"": ""price_structure + volatility_band""}, ""primary_confirmation_level"": {""confidence"": ""low"", ""distance_pct"": 0.0744, ""meaning"": ""站上该价位说明个股主路径正在兑现"", ""not_trading_instruction"": true, ""price"": 432.86, ""source"": ""price_structure + scenario_path""}, ""primary_invalidation_level"": {""confidence"": ""low"", ""distance_pct"": -0.0851, ""meaning"": ""跌破该价位说明个股主路径失效概率上升"", ""not_trading_instruction"": true, ""price"": 368.6, ""source"": ""recent_low + volatility_band""}, ""risk_scenario_activation_level"": {""confidence"": ""low"", ""distance_pct"": -0.0851, ""meaning"": ""跌破该价位说明个股风险路径权重上升"", ""not_trading_instruction"": true, ""price"": 368.6, ""source"": ""volatility_band""}, ""trend_repair_confirmation_level"": {""confidence"": ""low"", ""distance_pct"": 0.0744, ""meaning"": ""突破该价位说明个股趋势修复概率提高"", ""not_trading_instruction"": true, ""price"": 432.86, ""source"": ""recent_high + scenario_path""}}","{""conflicting"": [""大盘风险背景压低个股置信度"", ""公司新闻或财报事件风险上升"", ""个股 Alpha 评分已接入"", ""主路径和第二路径差距较小""], ""market_context"": ""risk_off_pressure"", ""missing"": [""options_volatility"", ""single_stock_options""], ""price_close"": 402.8999938964844, ""sector_relative_strength_20d"": 0.0084, ""supporting"": [""历史相似结构支持主路径""]}","{""10d"": 396.93, ""1d"": 402.08, ""20d"": 396.5, ""3d"": 400.54, ""5d"": 399.04, ""60d"": 397.41}",,,,,,,,,,,,,,,,,,,,,,,,,,,not_yet_validated,pending,,,,,,,,,,,,false
170f2099b7d9ce6ea943,2026-07-08,stock,stock_baseline_v1,CEG,CEG,SPY,244.52000427246094,stock_downside_continuation,0.2641,stock_failed_bounce,0.2509,stock_event_risk,0.1062,27.24,risk_off_pressure,conflicting,28.28,36.15,22.16,61.64,20.5,0.4357,-0.0157,0.2425,0.31,87.5,"{""expected"": 244.04, ""lower"": 239.14, ""upper"": 248.95}","{""bounce_target_zone"": {""base"": 250.5, ""conservative"": 250.5, ""extended"": 290.75, ""meaning"": ""概率反抽情景参考区间，不是目标价承诺。"", ""not_trading_instruction"": true, ""source"": ""scenario_path + atr + recent_resistance""}, ""breakdown_level"": {""confidence"": ""low"", ""distance_pct"": -0.065, ""meaning"": ""跌破该价位说明个股跌破结构风险上升"", ""not_trading_instruction"": true, ""price"": 228.63, ""source"": ""recent_low + risk_activation""}, ""breakout_level"": {""confidence"": ""low"", ""distance_pct"": 0.1564, ""meaning"": ""突破该价位说明个股突破情景需要重新评估"", ""not_trading_instruction"": true, ""price"": 282.77, ""source"": ""recent_high + primary_confirmation""}, ""failed_bounce_warning_zone"": {""critical_warning"": 228.63, ""first_warning"": 240.03, ""meaning"": ""跌入该区间说明失败反抽风险上升。"", ""not_trading_instruction"": true, ""source"": ""risk_path + atr + recent_support""}, ""nearest_resistance"": {""confidence"": ""low"", ""distance_pct"": 0.0489, ""meaning"": ""最近阻力代理，来自近期高点和 ATR 区间"", ""not_trading_instruction"": true, ""price"": 256.48, ""source"": ""price_structure + volatility_band""}, ""nearest_support"": {""confidence"": ""low"", ""distance_pct"": -0.0326, ""meaning"": ""最近支撑代理，来自近期低点和 ATR 区间"", ""not_trading_instruction"": true, ""price"": 236.54, ""source"": ""price_structure + volatility_band""}, ""primary_confirmation_level"": {""confidence"": ""low"", ""distance_pct"": 0.1564, ""meaning"": ""站上该价位说明个股主路径正在兑现"", ""not_trading_instruction"": true, ""price"": 282.77, ""source"": ""price_structure + scenario_path""}, ""primary_invalidation_level"": {""confidence"": ""low"", ""distance_pct"": -0.065, ""meaning"": ""跌破该价位说明个股主路径失效概率上升"", ""not_trading_instruction"": true, ""price"": 228.63, ""source"": ""recent_low + volatility_band""}, ""risk_scenario_activation_level"": {""confidence"": ""low"", ""distance_pct"": -0.065, ""meaning"": ""跌破该价位说明个股风险路径权重上升"", ""not_trading_instruction"": true, ""price"": 228.63, ""source"": ""volatility_band""}, ""trend_repair_confirmation_level"": {""confidence"": ""low"", ""distance_pct"": 0.1564, ""meaning"": ""突破该价位说明个股趋势修复概率提高"", ""not_trading_instruction"": true, ""price"": 282.77, ""source"": ""recent_high + scenario_path""}}","{""conflicting"": [""大盘风险背景压低个股置信度"", ""个股弱于所属板块"", ""价格结构与主路径冲突"", ""成交量不确认当前路径"", ""个股相对弱于大盘/benchmark"", ""个股 Alpha 评分已接入"", ""主路径和第二路径差距较小""], ""market_context"": ""risk_off_pressure"", ""missing"": [""options_volatility"", ""single_stock_options""], ""price_close"": 244.52000427246094, ""sector_relative_strength_20d"": -0.0668, ""supporting"": [""基础财务指标偏支持""]}","{""10d"": 241.12, ""1d"": 244.04, ""20d"": 240.64, ""3d"": 243.19, ""5d"": 242.35, ""60d"": 240.67}",,,,,,,,,,,,,,,,,,,,,,,,,,,not_yet_validated,pending,,,,,,,,,,,,false
372532409a399730d285,2026-07-08,stock,stock_baseline_v1,NVDA,NVDA,QQQ,204.1199951171875,stock_failed_bounce,0.2703,stock_downside_continuation,0.2331,stock_event_risk,0.1396,40.25,risk_off_pressure,neutral,52.4,42.97,39.87,100,36.5,0.5138,-0.0135,0.1341,0.4,87.5,"{""expected"": 203.77, ""lower"": 200.49, ""upper"": 207.06}","{""bounce_target_zone"": {""base"": 208.12, ""conservative"": 208.12, ""extended"": 219.32, ""meaning"": ""概率反抽情景参考区间，不是目标价承诺。"", ""not_trading_instruction"": true, ""source"": ""scenario_path + atr + recent_resistance""}, ""breakdown_level"": {""confidence"": ""low"", ""distance_pct"": -0.0702, ""meaning"": ""跌破该价位说明个股跌破结构风险上升"", ""not_trading_instruction"": true, ""price"": 189.8, ""source"": ""recent_low + risk_activation""}, ""breakout_level"": {""confidence"": ""low"", ""distance_pct"": 0.0484, ""meaning"": ""突破该价位说明个股突破情景需要重新评估"", ""not_trading_instruction"": true, ""price"": 213.99, ""source"": ""recent_high + primary_confirmation""}, ""failed_bounce_warning_zone"": {""critical_warning"": 189.8, ""first_warning"": 201.12, ""meaning"": ""跌入该区间说明失败反抽风险上升。"", ""not_trading_instruction"": true, ""source"": ""risk_path + atr + recent_support""}, ""nearest_resistance"": {""confidence"": ""low"", ""distance_pct"": 0.0392, ""meaning"": ""最近阻力代理，来自近期高点和 ATR 区间"", ""not_trading_instruction"": true, ""price"": 212.12, ""source"": ""price_structure + volatility_band""}, ""nearest_support"": {""confidence"": ""low"", ""distance_pct"": -0.0261, ""meaning"": ""最近支撑代理，来自近期低点和 ATR 区间"", ""not_trading_instruction"": true, ""price"": 198.79, ""source"": ""price_structure + volatility_band""}, ""primary_confirmation_level"": {""confidence"": ""low"", ""distance_pct"": 0.0484, ""meaning"": ""站上该价位说明个股主路径正在兑现"", ""not_trading_instruction"": true, ""price"": 213.99, ""source"": ""price_structure + scenario_path""}, ""primary_invalidation_level"": {""confidence"": ""low"", ""distance_pct"": -0.0702, ""meaning"": ""跌破该价位说明个股主路径失效概率上升"", ""not_trading_instruction"": true, ""price"": 189.8, ""source"": ""recent_low + volatility_band""}, ""risk_scenario_activation_level"": {""confidence"": ""low"", ""distance_pct"": -0.0702, ""meaning"": ""跌破该价位说明个股风险路径权重上升"", ""not_trading_instruction"": true, ""price"": 189.8, ""source"": ""volatility_band""}, ""trend_repair_confirmation_level"": {""confidence"": ""low"", ""distance_pct"": 0.0484, ""meaning"": ""突破该价位说明个股趋势修复概率提高"", ""not_trading_instruction"": true, ""price"": 213.99, ""source"": ""recent_high + scenario_path""}}","{""conflicting"": [""大盘风险背景压低个股置信度"", ""个股相对弱于大盘/benchmark"", ""公司新闻或财报事件风险上升"", ""历史相似结构与主路径冲突"", ""个股 Alpha 评分已接入"", ""主路径和第二路径差距较小""], ""market_context"": ""risk_off_pressure"", ""missing"": [""options_volatility"", ""single_stock_options""], ""price_close"": 204.1199951171875, ""sector_relative_strength_20d"": -0.0066, ""supporting"": [""基础财务指标偏支持""]}","{""10d"": 201.66, ""1d"": 203.77, ""20d"": 201.32, ""3d"": 203.14, ""5d"": 202.53, ""60d"": 201.37}",,,,,,,,,,,,,,,,,,,,,,,,,,,not_yet_validated,pending,,,,,,,,,,,,false
5b6a3cf223d2840d77bd,2026-07-08,stock,stock_baseline_v1,SMR,SMR,IWM,8.760000228881836,stock_downside_continuation,0.293,stock_failed_bounce,0.2343,stock_event_risk,0.1238,33.86,risk_off_pressure,conflicting,0,32.02,50.0,51.4,0,0.2049,-0.0411,0.372,0.5,87.5,"{""expected"": 8.72, ""lower"": 8.3, ""upper"": 9.13}","{""bounce_target_zone"": {""base"": 9.27, ""conservative"": 9.27, ""extended"": 12.53, ""meaning"": ""概率反抽情景参考区间，不是目标价承诺。"", ""not_trading_instruction"": true, ""source"": ""scenario_path + atr + recent_resistance""}, ""breakdown_level"": {""confidence"": ""low"", ""distance_pct"": -0.1067, ""meaning"": ""跌破该价位说明个股跌破结构风险上升"", ""not_trading_instruction"": true, ""price"": 7.83, ""source"": ""recent_low + risk_activation""}, ""breakout_level"": {""confidence"": ""low"", ""distance_pct"": 0.3527, ""meaning"": ""突破该价位说明个股突破情景需要重新评估"", ""not_trading_instruction"": true, ""price"": 11.85, ""source"": ""recent_high + primary_confirmation""}, ""failed_bounce_warning_zone"": {""critical_warning"": 8.21, ""first_warning"": 8.38, ""meaning"": ""跌入该区间说明失败反抽风险上升。"", ""not_trading_instruction"": true, ""source"": ""risk_path + atr + recent_support""}, ""nearest_resistance"": {""confidence"": ""low"", ""distance_pct"": 0.1164, ""meaning"": ""最近阻力代理，来自近期高点和 ATR 区间"", ""not_trading_instruction"": true, ""price"": 9.78, ""source"": ""price_structure + volatility_band""}, ""nearest_support"": {""confidence"": ""low"", ""distance_pct"": -0.0239, ""meaning"": ""最近支撑代理，来自近期低点和 ATR 区间"", ""not_trading_instruction"": true, ""price"": 8.55, ""source"": ""price_structure + volatility_band""}, ""primary_confirmation_level"": {""confidence"": ""low"", ""distance_pct"": 0.3527, ""meaning"": ""站上该价位说明个股主路径正在兑现"", ""not_trading_instruction"": true, ""price"": 11.85, ""source"": ""price_structure + scenario_path""}, ""primary_invalidation_level"": {""confidence"": ""low"", ""distance_pct"": -0.0631, ""meaning"": ""跌破该价位说明个股主路径失效概率上升"", ""not_trading_instruction"": true, ""price"": 8.21, ""source"": ""recent_low + volatility_band""}, ""risk_scenario_activation_level"": {""confidence"": ""low"", ""distance_pct"": -0.1067, ""meaning"": ""跌破该价位说明个股风险路径权重上升"", ""not_trading_instruction"": true, ""price"": 7.83, ""source"": ""volatility_band""}, ""trend_repair_confirmation_level"": {""confidence"": ""low"", ""distance_pct"": 0.3527, ""meaning"": ""突破该价位说明个股趋势修复概率提高"", ""not_trading_instruction"": true, ""price"": 11.85, ""source"": ""recent_high + scenario_path""}}","{""conflicting"": [""大盘风险背景压低个股置信度"", ""个股弱于所属板块"", ""价格结构与主路径冲突"", ""成交量不确认当前路径"", ""基础财务指标偏弱"", ""个股 Alpha 评分已接入"", ""主路径和第二路径差距较小""], ""market_context"": ""risk_off_pressure"", ""missing"": [""options_volatility"", ""single_stock_options""], ""price_close"": 8.760000228881836, ""sector_relative_strength_20d"": -0.2282, ""supporting"": [""当前没有足够强的多源支持证据。""]}","{""10d"": 8.46, ""1d"": 8.72, ""20d"": 8.41, ""3d"": 8.64, ""5d"": 8.56, ""60d"": 8.4}",,,,,,,,,,,,,,,,,,,,,,,,,,,not_yet_validated,pending,,,,,,,,,,,,false
878561c5815888828d1b,2026-07-08,stock,stock_baseline_v1,TSLA,TSLA,QQQ,394.05999755859375,stock_failed_bounce,0.2886,stock_downside_continuation,0.2293,stock_event_risk,0.1454,32.25,risk_off_pressure,conflicting,35.48,31.32,41.46,100,0,0.3561,-0.0223,0.1965,0.44,87.5,"{""expected"": 392.97, ""lower"": 382.95, ""upper"": 403.0}","{""bounce_target_zone"": {""base"": 406.28, ""conservative"": 406.28, ""extended"": 449.15, ""meaning"": ""概率反抽情景参考区间，不是目标价承诺。"", ""not_trading_instruction"": true, ""source"": ""scenario_path + atr + recent_resistance""}, ""breakdown_level"": {""confidence"": ""low"", ""distance_pct"": -0.0646, ""meaning"": ""跌破该价位说明个股跌破结构风险上升"", ""not_trading_instruction"": true, ""price"": 368.6, ""source"": ""recent_low + risk_activation""}, ""breakout_level"": {""confidence"": ""low"", ""distance_pct"": 0.0985, ""meaning"": ""突破该价位说明个股突破情景需要重新评估"", ""not_trading_instruction"": true, ""price"": 432.86, ""source"": ""recent_high + primary_confirmation""}, ""failed_bounce_warning_zone"": {""critical_warning"": 368.6, ""first_warning"": 384.9, ""meaning"": ""跌入该区间说明失败反抽风险上升。"", ""not_trading_instruction"": true, ""source"": ""risk_path + atr + recent_support""}, ""nearest_resistance"": {""confidence"": ""low"", ""distance_pct"": 0.062, ""meaning"": ""最近阻力代理，来自近期高点和 ATR 区间"", ""not_trading_instruction"": true, ""price"": 418.5, ""source"": ""price_structure + volatility_band""}, ""nearest_support"": {""confidence"": ""low"", ""distance_pct"": -0.0413, ""meaning"": ""最近支撑代理，来自近期低点和 ATR 区间"", ""not_trading_instruction"": true, ""price"": 377.77, ""source"": ""price_structure + volatility_band""}, ""primary_confirmation_level"": {""confidence"": ""low"", ""distance_pct"": 0.0985, ""meaning"": ""站上该价位说明个股主路径正在兑现"", ""not_trading_instruction"": true, ""price"": 432.86, ""source"": ""price_structure + scenario_path""}, ""primary_invalidation_level"": {""confidence"": ""low"", ""distance_pct"": -0.0646, ""meaning"": ""跌破该价位说明个股主路径失效概率上升"", ""not_trading_instruction"": true, ""price"": 368.6, ""source"": ""recent_low + volatility_band""}, ""risk_scenario_activation_level"": {""confidence"": ""low"", ""distance_pct"": -0.0646, ""meaning"": ""跌破该价位说明个股风险路径权重上升"", ""not_trading_instruction"": true, ""price"": 368.6, ""source"": ""volatility_band""}, ""trend_repair_confirmation_level"": {""confidence"": ""low"", ""distance_pct"": 0.0985, ""meaning"": ""突破该价位说明个股趋势修复概率提高"", ""not_trading_instruction"": true, ""price"": 432.86, ""source"": ""recent_high + scenario_path""}}","{""conflicting"": [""大盘风险背景压低个股置信度"", ""个股弱于所属板块"", ""价格结构与主路径冲突"", ""成交量不确认当前路径"", ""个股相对弱于大盘/benchmark"", ""公司新闻或财报事件风险上升"", ""历史相似结构与主路径冲突"", ""个股 Alpha 评分已接入"", ""主路径和第二路径差距较小""], ""market_context"": ""risk_off_pressure"", ""missing"": [""options_volatility"", ""single_stock_options""], ""price_close"": 394.05999755859375, ""sector_relative_strength_20d"": -0.0356, ""supporting"": [""近期公司新闻偏正面。"", ""基础财务指标已接入且收入增长为正。""]}","{""10d"": 386.26, ""1d"": 392.97, ""20d"": 385.18, ""3d"": 390.99, ""5d"": 389.06, ""60d"": 385.29}",,,,,,,,,,,,,,,,,,,,,,,,,,,not_yet_validated,pending,,,,,,,,,,,,false
42134c88bcdfaf77e971,2026-07-09,stock,stock_baseline_v1,CEG,CEG,SPY,250.74000549316406,stock_failed_bounce,0.2478,stock_downside_continuation,0.2477,stock_event_risk,0.1079,32.04,risk_off_pressure,neutral,45.98,36.81,24.52,56.52,20.5,0.4432,-0.0143,0.2232,0.33,87.5,"{""expected"": 250.29, ""lower"": 245.4, ""upper"": 255.19}","{""bounce_target_zone"": {""base"": 256.71, ""conservative"": 256.71, ""extended"": 290.72, ""meaning"": ""概率反抽情景参考区间，不是目标价承诺。"", ""not_trading_instruction"": true, ""source"": ""scenario_path + atr + recent_resistance""}, ""breakdown_level"": {""confidence"": ""low"", ""distance_pct"": -0.0882, ""meaning"": ""跌破该价位说明个股跌破结构风险上升"", ""not_trading_instruction"": true, ""price"": 228.63, ""source"": ""recent_low + risk_activation""}, ""breakout_level"": {""confidence"": ""low"", ""distance_pct"": 0.1277, ""meaning"": ""突破该价位说明个股突破情景需要重新评估"", ""not_trading_instruction"": true, ""price"": 282.77, ""source"": ""recent_high + primary_confirmation""}, ""failed_bounce_warning_zone"": {""critical_warning"": 228.63, ""first_warning"": 246.27, ""meaning"": ""跌入该区间说明失败反抽风险上升。"", ""not_trading_instruction"": true, ""source"": ""risk_path + atr + recent_support""}, ""nearest_resistance"": {""confidence"": ""low"", ""distance_pct"": 0.0476, ""meaning"": ""最近阻力代理，来自近期高点和 ATR 区间"", ""not_trading_instruction"": true, ""price"": 262.67, ""source"": ""price_structure + volatility_band""}, ""nearest_support"": {""confidence"": ""low"", ""distance_pct"": -0.0317, ""meaning"": ""最近支撑代理，来自近期低点和 ATR 区间"", ""not_trading_instruction"": true, ""price"": 242.79, ""source"": ""price_structure + volatility_band""}, ""primary_confirmation_level"": {""confidence"": ""low"", ""distance_pct"": 0.1277, ""meaning"": ""站上该价位说明个股主路径正在兑现"", ""not_trading_instruction"": true, ""price"": 282.77, ""source"": ""price_structure + scenario_path""}, ""primary_invalidation_level"": {""confidence"": ""low"", ""distance_pct"": -0.0882, ""meaning"": ""跌破该价位说明个股主路径失效概率上升"", ""not_trading_instruction"": true, ""price"": 228.63, ""source"": ""recent_low + volatility_band""}, ""risk_scenario_activation_level"": {""confidence"": ""low"", ""distance_pct"": -0.0882, ""meaning"": ""跌破该价位说明个股风险路径权重上升"", ""not_trading_instruction"": true, ""price"": 228.63, ""source"": ""volatility_band""}, ""trend_repair_confirmation_level"": {""confidence"": ""low"", ""distance_pct"": 0.1277, ""meaning"": ""突破该价位说明个股趋势修复概率提高"", ""not_trading_instruction"": true, ""price"": 282.77, ""source"": ""recent_high + scenario_path""}}","{""conflicting"": [""大盘风险背景压低个股置信度"", ""成交量不确认当前路径"", ""个股相对弱于大盘/benchmark"", ""个股 Alpha 评分已接入"", ""主路径和第二路径差距较小""], ""market_context"": ""risk_off_pressure"", ""missing"": [""options_volatility"", ""single_stock_options""], ""price_close"": 250.74000549316406, ""sector_relative_strength_20d"": -0.0298, ""supporting"": [""基础财务指标偏支持""]}","{""10d"": 247.5, ""1d"": 250.29, ""20d"": 247.07, ""3d"": 249.48, ""5d"": 248.68, ""60d"": 247.16}",,,,,,,,,,,,,,,,,,,,,,,,,,,not_yet_validated,pending,,,,,,,,,,,,false
6ef0a741a287afc68d9b,2026-07-09,stock,stock_baseline_v1,NVDA,NVDA,QQQ,202.77999877929688,stock_failed_bounce,0.2693,stock_downside_continuation,0.2368,stock_event_risk,0.1391,39.68,risk_off_pressure,conflicting,51.8,38.63,32.36,100,36.5,0.4878,-0.0136,0.1398,0.39,87.5,"{""expected"": 202.43, ""lower"": 199.17, ""upper"": 205.69}","{""bounce_target_zone"": {""base"": 206.76, ""conservative"": 206.76, ""extended"": 219.3, ""meaning"": ""概率反抽情景参考区间，不是目标价承诺。"", ""not_trading_instruction"": true, ""source"": ""scenario_path + atr + recent_resistance""}, ""breakdown_level"": {""confidence"": ""low"", ""distance_pct"": -0.064, ""meaning"": ""跌破该价位说明个股跌破结构风险上升"", ""not_trading_instruction"": true, ""price"": 189.8, ""source"": ""recent_low + risk_activation""}, ""breakout_level"": {""confidence"": ""low"", ""distance_pct"": 0.0553, ""meaning"": ""突破该价位说明个股突破情景需要重新评估"", ""not_trading_instruction"": true, ""price"": 213.99, ""source"": ""recent_high + primary_confirmation""}, ""failed_bounce_warning_zone"": {""critical_warning"": 189.8, ""first_warning"": 199.79, ""meaning"": ""跌入该区间说明失败反抽风险上升。"", ""not_trading_instruction"": true, ""source"": ""risk_path + atr + recent_support""}, ""nearest_resistance"": {""confidence"": ""low"", ""distance_pct"": 0.0393, ""meaning"": ""最近阻力代理，来自近期高点和 ATR 区间"", ""not_trading_instruction"": true, ""price"": 210.74, ""source"": ""price_structure + volatility_band""}, ""nearest_support"": {""confidence"": ""low"", ""distance_pct"": -0.0262, ""meaning"": ""最近支撑代理，来自近期低点和 ATR 区间"", ""not_trading_instruction"": true, ""price"": 197.47, ""source"": ""price_structure + volatility_band""}, ""primary_confirmation_level"": {""confidence"": ""low"", ""distance_pct"": 0.0553, ""meaning"": ""站上该价位说明个股主路径正在兑现"", ""not_trading_instruction"": true, ""price"": 213.99, ""source"": ""price_structure + scenario_path""}, ""primary_invalidation_level"": {""confidence"": ""low"", ""distance_pct"": -0.064, ""meaning"": ""跌破该价位说明个股主路径失效概率上升"", ""not_trading_instruction"": true, ""price"": 189.8, ""source"": ""recent_low + volatility_band""}, ""risk_scenario_activation_level"": {""confidence"": ""low"", ""distance_pct"": -0.064, ""meaning"": ""跌破该价位说明个股风险路径权重上升"", ""not_trading_instruction"": true, ""price"": 189.8, ""source"": ""volatility_band""}, ""trend_repair_confirmation_level"": {""confidence"": ""low"", ""distance_pct"": 0.0553, ""meaning"": ""突破该价位说明个股趋势修复概率提高"", ""not_trading_instruction"": true, ""price"": 213.99, ""source"": ""recent_high + scenario_path""}}","{""conflicting"": [""大盘风险背景压低个股置信度"", ""个股弱于所属板块"", ""成交量不确认当前路径"", ""个股相对弱于大盘/benchmark"", ""公司新闻或财报事件风险上升"", ""个股 Alpha 评分已接入"", ""主路径和第二路径差距较小""], ""market_context"": ""risk_off_pressure"", ""missing"": [""options_volatility"", ""single_stock_options""], ""price_close"": 202.77999877929688, ""sector_relative_strength_20d"": -0.0513, ""supporting"": [""基础财务指标偏支持"", ""历史相似结构支持主路径""]}","{""10d"": 200.33, ""1d"": 202.43, ""20d"": 199.99, ""3d"": 201.81, ""5d"": 201.2, ""60d"": 200.03}",,,,,,,,,,,,,,,,,,,,,,,,,,,not_yet_validated,pending,,,,,,,,,,,,false
d671b56d899895e66c6a,2026-07-09,stock,stock_baseline_v1,SMR,SMR,IWM,9.029999732971191,stock_downside_continuation,0.2777,stock_failed_bounce,0.2544,stock_event_risk,0.1208,30.6,risk_off_pressure,conflicting,0,33.51,8.73,51.4,0,0.2681,-0.0377,0.3527,0.48,87.5,"{""expected"": 8.99, ""lower"": 8.59, ""upper"": 9.39}","{""bounce_target_zone"": {""base"": 9.52, ""conservative"": 9.52, ""extended"": 12.5, ""meaning"": ""概率反抽情景参考区间，不是目标价承诺。"", ""not_trading_instruction"": true, ""source"": ""scenario_path + atr + recent_resistance""}, ""breakdown_level"": {""confidence"": ""low"", ""distance_pct"": -0.0985, ""meaning"": ""跌破该价位说明个股跌破结构风险上升"", ""not_trading_instruction"": true, ""price"": 8.14, ""source"": ""recent_low + risk_activation""}, ""breakout_level"": {""confidence"": ""low"", ""distance_pct"": 0.3123, ""meaning"": ""突破该价位说明个股突破情景需要重新评估"", ""not_trading_instruction"": true, ""price"": 11.85, ""source"": ""recent_high + primary_confirmation""}, ""failed_bounce_warning_zone"": {""critical_warning"": 8.5, ""first_warning"": 8.67, ""meaning"": ""跌入该区间说明失败反抽风险上升。"", ""not_trading_instruction"": true, ""source"": ""risk_path + atr + recent_support""}, ""nearest_resistance"": {""confidence"": ""low"", ""distance_pct"": 0.1075, ""meaning"": ""最近阻力代理，来自近期高点和 ATR 区间"", ""not_trading_instruction"": true, ""price"": 10.0, ""source"": ""price_structure + volatility_band""}, ""nearest_support"": {""confidence"": ""low"", ""distance_pct"": -0.0532, ""meaning"": ""最近支撑代理，来自近期低点和 ATR 区间"", ""not_trading_instruction"": true, ""price"": 8.55, ""source"": ""price_structure + volatility_band""}, ""primary_confirmation_level"": {""confidence"": ""low"", ""distance_pct"": 0.3123, ""meaning"": ""站上该价位说明个股主路径正在兑现"", ""not_trading_instruction"": true, ""price"": 11.85, ""source"": ""price_structure + scenario_path""}, ""primary_invalidation_level"": {""confidence"": ""low"", ""distance_pct"": -0.0582, ""meaning"": ""跌破该价位说明个股主路径失效概率上升"", ""not_trading_instruction"": true, ""price"": 8.5, ""source"": ""recent_low + volatility_band""}, ""risk_scenario_activation_level"": {""confidence"": ""low"", ""distance_pct"": -0.0985, ""meaning"": ""跌破该价位说明个股风险路径权重上升"", ""not_trading_instruction"": true, ""price"": 8.14, ""source"": ""volatility_band""}, ""trend_repair_confirmation_level"": {""confidence"": ""low"", ""distance_pct"": 0.3123, ""meaning"": ""突破该价位说明个股趋势修复概率提高"", ""not_trading_instruction"": true, ""price"": 11.85, ""source"": ""recent_high + scenario_path""}}","{""conflicting"": [""大盘风险背景压低个股置信度"", ""个股弱于所属板块"", ""价格结构与主路径冲突"", ""成交量不确认当前路径"", ""个股相对弱于大盘/benchmark"", ""基础财务指标偏弱"", ""个股 Alpha 评分已接入"", ""主路径和第二路径差距较小""], ""market_context"": ""risk_off_pressure"", ""missing"": [""options_volatility"", ""single_stock_options""], ""price_close"": 9.029999732971191, ""sector_relative_strength_20d"": -0.1231, ""supporting"": [""历史相似结构支持主路径""]}","{""10d"": 8.74, ""1d"": 8.99, ""20d"": 8.69, ""3d"": 8.92, ""5d"": 8.84, ""60d"": 8.69}",,,,,,,,,,,,,,,,,,,,,,,,,,,not_yet_validated,pending,,,,,,,,,,,,false
7196cd3f7a5f9c02fe7f,2026-07-09,stock,stock_baseline_v1,TSLA,TSLA,QQQ,406.54998779296875,stock_failed_bounce,0.2778,stock_downside_continuation,0.1819,stock_event_risk,0.1611,43.05,risk_off_pressure,neutral,46.49,51.06,48.94,100,1.5,0.3885,-0.0158,0.1934,0.47,87.5,"{""expected"": 405.67, ""lower"": 395.49, ""upper"": 415.85}","{""bounce_target_zone"": {""base"": 418.97, ""conservative"": 418.97, ""extended"": 449.43, ""meaning"": ""概率反抽情景参考区间，不是目标价承诺。"", ""not_trading_instruction"": true, ""source"": ""scenario_path + atr + recent_resistance""}, ""breakdown_level"": {""confidence"": ""low"", ""distance_pct"": -0.0933, ""meaning"": ""跌破该价位说明个股跌破结构风险上升"", ""not_trading_instruction"": true, ""price"": 368.6, ""source"": ""recent_low + risk_activation""}, ""breakout_level"": {""confidence"": ""low"", ""distance_pct"": 0.0647, ""meaning"": ""突破该价位说明个股突破情景需要重新评估"", ""not_trading_instruction"": true, ""price"": 432.86, ""source"": ""recent_high + primary_confirmation""}, ""failed_bounce_warning_zone"": {""critical_warning"": 368.6, ""first_warning"": 397.23, ""meaning"": ""跌入该区间说明失败反抽风险上升。"", ""not_trading_instruction"": true, ""source"": ""risk_path + atr + recent_support""}, ""nearest_resistance"": {""confidence"": ""low"", ""distance_pct"": 0.0611, ""meaning"": ""最近阻力代理，来自近期高点和 ATR 区间"", ""not_trading_instruction"": true, ""price"": 431.4, ""source"": ""price_structure + volatility_band""}, ""nearest_support"": {""confidence"": ""low"", ""distance_pct"": -0.0407, ""meaning"": ""最近支撑代理，来自近期低点和 ATR 区间"", ""not_trading_instruction"": true, ""price"": 389.98, ""source"": ""price_structure + volatility_band""}, ""primary_confirmation_level"": {""confidence"": ""low"", ""distance_pct"": 0.0647, ""meaning"": ""站上该价位说明个股主路径正在兑现"", ""not_trading_instruction"": true, ""price"": 432.86, ""source"": ""price_structure + scenario_path""}, ""primary_invalidation_level"": {""confidence"": ""low"", ""distance_pct"": -0.0933, ""meaning"": ""跌破该价位说明个股主路径失效概率上升"", ""not_trading_instruction"": true, ""price"": 368.6, ""source"": ""recent_low + volatility_band""}, ""risk_scenario_activation_level"": {""confidence"": ""low"", ""distance_pct"": -0.0933, ""meaning"": ""跌破该价位说明个股风险路径权重上升"", ""not_trading_instruction"": true, ""price"": 368.6, ""source"": ""volatility_band""}, ""trend_repair_confirmation_level"": {""confidence"": ""low"", ""distance_pct"": 0.0647, ""meaning"": ""突破该价位说明个股趋势修复概率提高"", ""not_trading_instruction"": true, ""price"": 432.86, ""source"": ""recent_high + scenario_path""}}","{""conflicting"": [""大盘风险背景压低个股置信度"", ""公司新闻或财报事件风险上升"", ""个股 Alpha 评分已接入""], ""market_context"": ""risk_off_pressure"", ""missing"": [""options_volatility"", ""single_stock_options""], ""price_close"": 406.54998779296875, ""sector_relative_strength_20d"": 0.0164, ""supporting"": [""历史相似结构支持主路径""]}","{""10d"": 400.0, ""1d"": 405.67, ""20d"": 399.41, ""3d"": 403.99, ""5d"": 402.35, ""60d"": 400.12}",,,,,,,,,,,,,,,,,,,,,,,,,,,not_yet_validated,pending,,,,,,,,,,,,false
28e449ddcc952540c4c0,2026-07-10,stock,stock_baseline_v1,CEG,CEG,SPY,251.3800048828125,stock_failed_bounce,0.2547,stock_downside_continuation,0.25,stock_event_risk,0.1079,35.15,risk_off_pressure,neutral,45.37,48.82,27.86,72,24.5,0.4754,-0.0124,0.2212,0.32,87.5,"{""expected"": 250.97, ""lower"": 246.5, ""upper"": 255.45}","{""bounce_target_zone"": {""base"": 256.83, ""conservative"": 256.83, ""extended"": 290.04, ""meaning"": ""概率反抽情景参考区间，不是目标价承诺。"", ""not_trading_instruction"": true, ""source"": ""scenario_path + atr + recent_resistance""}, ""breakdown_level"": {""confidence"": ""low"", ""distance_pct"": -0.0905, ""meaning"": ""跌破该价位说明个股跌破结构风险上升"", ""not_trading_instruction"": true, ""price"": 228.63, ""source"": ""recent_low + risk_activation""}, ""breakout_level"": {""confidence"": ""low"", ""distance_pct"": 0.1249, ""meaning"": ""突破该价位说明个股突破情景需要重新评估"", ""not_trading_instruction"": true, ""price"": 282.77, ""source"": ""recent_high + primary_confirmation""}, ""failed_bounce_warning_zone"": {""critical_warning"": 228.63, ""first_warning"": 247.29, ""meaning"": ""跌入该区间说明失败反抽风险上升。"", ""not_trading_instruction"": true, ""source"": ""risk_path + atr + recent_support""}, ""nearest_resistance"": {""confidence"": ""low"", ""distance_pct"": 0.0434, ""meaning"": ""最近阻力代理，来自近期高点和 ATR 区间"", ""not_trading_instruction"": true, ""price"": 262.29, ""source"": ""price_structure + volatility_band""}, ""nearest_support"": {""confidence"": ""low"", ""distance_pct"": -0.0289, ""meaning"": ""最近支撑代理，来自近期低点和 ATR 区间"", ""not_trading_instruction"": true, ""price"": 244.11, ""source"": ""price_structure + volatility_band""}, ""primary_confirmation_level"": {""confidence"": ""low"", ""distance_pct"": 0.1249, ""meaning"": ""站上该价位说明个股主路径正在兑现"", ""not_trading_instruction"": true, ""price"": 282.77, ""source"": ""price_structure + scenario_path""}, ""primary_invalidation_level"": {""confidence"": ""low"", ""distance_pct"": -0.0905, ""meaning"": ""跌破该价位说明个股主路径失效概率上升"", ""not_trading_instruction"": true, ""price"": 228.63, ""source"": ""recent_low + volatility_band""}, ""risk_scenario_activation_level"": {""confidence"": ""low"", ""distance_pct"": -0.0905, ""meaning"": ""跌破该价位说明个股风险路径权重上升"", ""not_trading_instruction"": true, ""price"": 228.63, ""source"": ""volatility_band""}, ""trend_repair_confirmation_level"": {""confidence"": ""low"", ""distance_pct"": 0.1249, ""meaning"": ""突破该价位说明个股趋势修复概率提高"", ""not_trading_instruction"": true, ""price"": 282.77, ""source"": ""recent_high + scenario_path""}}","{""conflicting"": [""大盘风险背景压低个股置信度"", ""个股相对弱于大盘/benchmark"", ""个股 Alpha 评分已接入"", ""主路径和第二路径差距较小""], ""market_context"": ""risk_off_pressure"", ""missing"": [""options_volatility"", ""single_stock_options""], ""price_close"": 251.3800048828125, ""sector_relative_strength_20d"": 0.0054, ""supporting"": [""近期公司新闻偏支持"", ""基础财务指标偏支持""]}","{""10d"": 248.46, ""1d"": 250.97, ""20d"": 248.11, ""3d"": 250.24, ""5d"": 249.51, ""60d"": 248.26}",,,,,,,,,,,,,,,,,,,,,,,,,,,not_yet_validated,pending,,,,,,,,,,,,false
44a45d55f51aa092c30e,2026-07-10,stock,stock_baseline_v1,NVDA,NVDA,QQQ,210.9600067138672,stock_failed_bounce,0.2687,stock_downside_continuation,0.1931,stock_event_risk,0.1557,47.5,risk_off_pressure,neutral,70.46,59.92,43.95,100,43.5,0.5594,-0.0097,0.1224,0.49,87.5,"{""expected"": 210.66, ""lower"": 207.32, ""upper"": 214.01}","{""bounce_target_zone"": {""base"": 215.04, ""conservative"": 215.04, ""extended"": 219.43, ""meaning"": ""概率反抽情景参考区间，不是目标价承诺。"", ""not_trading_instruction"": true, ""source"": ""scenario_path + atr + recent_resistance""}, ""breakdown_level"": {""confidence"": ""low"", ""distance_pct"": -0.1003, ""meaning"": ""跌破该价位说明个股跌破结构风险上升"", ""not_trading_instruction"": true, ""price"": 189.8, ""source"": ""recent_low + risk_activation""}, ""breakout_level"": {""confidence"": ""low"", ""distance_pct"": 0.0145, ""meaning"": ""突破该价位说明个股突破情景需要重新评估"", ""not_trading_instruction"": true, ""price"": 214.02, ""source"": ""recent_high + primary_confirmation""}, ""failed_bounce_warning_zone"": {""critical_warning"": 189.8, ""first_warning"": 207.9, ""meaning"": ""跌入该区间说明失败反抽风险上升。"", ""not_trading_instruction"": true, ""source"": ""risk_path + atr + recent_support""}, ""nearest_resistance"": {""confidence"": ""low"", ""distance_pct"": 0.0144, ""meaning"": ""最近阻力代理，来自近期高点和 ATR 区间"", ""not_trading_instruction"": true, ""price"": 213.99, ""source"": ""price_structure + volatility_band""}, ""nearest_support"": {""confidence"": ""low"", ""distance_pct"": -0.0258, ""meaning"": ""最近支撑代理，来自近期低点和 ATR 区间"", ""not_trading_instruction"": true, ""price"": 205.52, ""source"": ""price_structure + volatility_band""}, ""primary_confirmation_level"": {""confidence"": ""low"", ""distance_pct"": 0.0145, ""meaning"": ""站上该价位说明个股主路径正在兑现"", ""not_trading_instruction"": true, ""price"": 214.02, ""source"": ""price_structure + scenario_path""}, ""primary_invalidation_level"": {""confidence"": ""low"", ""distance_pct"": -0.1003, ""meaning"": ""跌破该价位说明个股主路径失效概率上升"", ""not_trading_instruction"": true, ""price"": 189.8, ""source"": ""recent_low + volatility_band""}, ""risk_scenario_activation_level"": {""confidence"": ""low"", ""distance_pct"": -0.1003, ""meaning"": ""跌破该价位说明个股风险路径权重上升"", ""not_trading_instruction"": true, ""price"": 189.8, ""source"": ""volatility_band""}, ""trend_repair_confirmation_level"": {""confidence"": ""low"", ""distance_pct"": 0.0144, ""meaning"": ""突破该价位说明个股趋势修复概率提高"", ""not_trading_instruction"": true, ""price"": 213.99, ""source"": ""recent_high + scenario_path""}}","{""conflicting"": [""大盘风险背景压低个股置信度"", ""公司新闻或财报事件风险上升"", ""个股 Alpha 评分已接入"", ""主路径和第二路径差距较小""], ""market_context"": ""risk_off_pressure"", ""missing"": [""options_volatility"", ""single_stock_options""], ""price_close"": 210.9600067138672, ""sector_relative_strength_20d"": 0.0008, ""supporting"": [""价格结构支持主路径"", ""基础财务指标偏支持""]}","{""10d"": 208.83, ""1d"": 210.66, ""20d"": 208.65, ""3d"": 210.11, ""5d"": 209.58, ""60d"": 208.92}",,,,,,,,,,,,,,,,,,,,,,,,,,,not_yet_validated,pending,,,,,,,,,,,,false
07340b61ddef547fe9fd,2026-07-10,stock,stock_baseline_v1,SMR,SMR,IWM,9.039999961853027,stock_downside_continuation,0.2562,stock_failed_bounce,0.2484,stock_event_risk,0.1212,25.62,risk_off_pressure,conflicting,3.89,38.39,16.5,69.42,0,0.319,-0.0288,0.352,0.46,87.5,"{""expected"": 9.01, ""lower"": 8.64, ""upper"": 9.37}","{""bounce_target_zone"": {""base"": 9.48, ""conservative"": 9.48, ""extended"": 12.44, ""meaning"": ""概率反抽情景参考区间，不是目标价承诺。"", ""not_trading_instruction"": true, ""source"": ""scenario_path + atr + recent_resistance""}, ""breakdown_level"": {""confidence"": ""low"", ""distance_pct"": -0.0899, ""meaning"": ""跌破该价位说明个股跌破结构风险上升"", ""not_trading_instruction"": true, ""price"": 8.23, ""source"": ""recent_low + risk_activation""}, ""breakout_level"": {""confidence"": ""low"", ""distance_pct"": 0.3108, ""meaning"": ""突破该价位说明个股突破情景需要重新评估"", ""not_trading_instruction"": true, ""price"": 11.85, ""source"": ""recent_high + primary_confirmation""}, ""failed_bounce_warning_zone"": {""critical_warning"": 8.55, ""first_warning"": 8.71, ""meaning"": ""跌入该区间说明失败反抽风险上升。"", ""not_trading_instruction"": true, ""source"": ""risk_path + atr + recent_support""}, ""nearest_resistance"": {""confidence"": ""low"", ""distance_pct"": 0.098, ""meaning"": ""最近阻力代理，来自近期高点和 ATR 区间"", ""not_trading_instruction"": true, ""price"": 9.93, ""source"": ""price_structure + volatility_band""}, ""nearest_support"": {""confidence"": ""low"", ""distance_pct"": -0.0542, ""meaning"": ""最近支撑代理，来自近期低点和 ATR 区间"", ""not_trading_instruction"": true, ""price"": 8.55, ""source"": ""price_structure + volatility_band""}, ""primary_confirmation_level"": {""confidence"": ""low"", ""distance_pct"": 0.3108, ""meaning"": ""站上该价位说明个股主路径正在兑现"", ""not_trading_instruction"": true, ""price"": 11.85, ""source"": ""price_structure + scenario_path""}, ""primary_invalidation_level"": {""confidence"": ""low"", ""distance_pct"": -0.0542, ""meaning"": ""跌破该价位说明个股主路径失效概率上升"", ""not_trading_instruction"": true, ""price"": 8.55, ""source"": ""recent_low + volatility_band""}, ""risk_scenario_activation_level"": {""confidence"": ""low"", ""distance_pct"": -0.0899, ""meaning"": ""跌破该价位说明个股风险路径权重上升"", ""not_trading_instruction"": true, ""price"": 8.23, ""source"": ""volatility_band""}, ""trend_repair_confirmation_level"": {""confidence"": ""low"", ""distance_pct"": 0.3108, ""meaning"": ""突破该价位说明个股趋势修复概率提高"", ""not_trading_instruction"": true, ""price"": 11.85, ""source"": ""recent_high + scenario_path""}}","{""conflicting"": [""大盘风险背景压低个股置信度"", ""个股弱于所属板块"", ""价格结构与主路径冲突"", ""成交量不确认当前路径"", ""个股相对弱于大盘/benchmark"", ""基础财务指标偏弱"", ""个股 Alpha 评分已接入"", ""主路径和第二路径差距较小""], ""market_context"": ""risk_off_pressure"", ""missing"": [""options_volatility"", ""single_stock_options""], ""price_close"": 9.039999961853027, ""sector_relative_strength_20d"": -0.059, ""supporting"": [""近期公司新闻偏支持""]}","{""10d"": 8.8, ""1d"": 9.01, ""20d"": 8.77, ""3d"": 8.95, ""5d"": 8.89, ""60d"": 8.78}",,,,,,,,,,,,,,,,,,,,,,,,,,,not_yet_validated,pending,,,,,,,,,,,,false
96fee89bf2ee120483e2,2026-07-10,stock,stock_baseline_v1,TSLA,TSLA,QQQ,407.760009765625,stock_failed_bounce,0.2576,stock_downside_continuation,0.1867,stock_event_risk,0.1646,42.16,risk_off_pressure,supportive,57.84,48.94,50.98,100,5.5,0.4202,-0.0128,0.1881,0.52,87.5,"{""expected"": 406.95, ""lower"": 397.02, ""upper"": 416.88}","{""bounce_target_zone"": {""base"": 419.86, ""conservative"": 419.86, ""extended"": 449.0, ""meaning"": ""概率反抽情景参考区间，不是目标价承诺。"", ""not_trading_instruction"": true, ""source"": ""scenario_path + atr + recent_resistance""}, ""breakdown_level"": {""confidence"": ""low"", ""distance_pct"": -0.096, ""meaning"": ""跌破该价位说明个股跌破结构风险上升"", ""not_trading_instruction"": true, ""price"": 368.6, ""source"": ""recent_low + risk_activation""}, ""breakout_level"": {""confidence"": ""low"", ""distance_pct"": 0.0616, ""meaning"": ""突破该价位说明个股突破情景需要重新评估"", ""not_trading_instruction"": true, ""price"": 432.86, ""source"": ""recent_high + primary_confirmation""}, ""failed_bounce_warning_zone"": {""critical_warning"": 368.6, ""first_warning"": 398.68, ""meaning"": ""跌入该区间说明失败反抽风险上升。"", ""not_trading_instruction"": true, ""source"": ""risk_path + atr + recent_support""}, ""nearest_resistance"": {""confidence"": ""low"", ""distance_pct"": 0.0594, ""meaning"": ""最近阻力代理，来自近期高点和 ATR 区间"", ""not_trading_instruction"": true, ""price"": 431.97, ""source"": ""price_structure + volatility_band""}, ""nearest_support"": {""confidence"": ""low"", ""distance_pct"": -0.0396, ""meaning"": ""最近支撑代理，来自近期低点和 ATR 区间"", ""not_trading_instruction"": true, ""price"": 391.62, ""source"": ""price_structure + volatility_band""}, ""primary_confirmation_level"": {""confidence"": ""low"", ""distance_pct"": 0.0616, ""meaning"": ""站上该价位说明个股主路径正在兑现"", ""not_trading_instruction"": true, ""price"": 432.86, ""source"": ""price_structure + scenario_path""}, ""primary_invalidation_level"": {""confidence"": ""low"", ""distance_pct"": -0.096, ""meaning"": ""跌破该价位说明个股主路径失效概率上升"", ""not_trading_instruction"": true, ""price"": 368.6, ""source"": ""recent_low + volatility_band""}, ""risk_scenario_activation_level"": {""confidence"": ""low"", ""distance_pct"": -0.096, ""meaning"": ""跌破该价位说明个股风险路径权重上升"", ""not_trading_instruction"": true, ""price"": 368.6, ""source"": ""volatility_band""}, ""trend_repair_confirmation_level"": {""confidence"": ""low"", ""distance_pct"": 0.0616, ""meaning"": ""突破该价位说明个股趋势修复概率提高"", ""not_trading_instruction"": true, ""price"": 432.86, ""source"": ""recent_high + scenario_path""}}","{""conflicting"": [""大盘风险背景压低个股置信度"", ""公司新闻或财报事件风险上升"", ""个股 Alpha 评分已接入"", ""主路径和第二路径差距较小""], ""market_context"": ""risk_off_pressure"", ""missing"": [""options_volatility"", ""single_stock_options""], ""price_close"": 407.760009765625, ""sector_relative_strength_20d"": 0.0355, ""supporting"": [""个股跑赢所属板块"", ""历史相似结构支持主路径""]}","{""10d"": 401.94, ""1d"": 406.95, ""20d"": 401.57, ""3d"": 405.44, ""5d"": 403.98, ""60d"": 402.56}",,,,,,,,,,,,,,,,,,,,,,,,,,,not_yet_validated,pending,,,,,,,,,,,,false
6c4a88b75dfb1981e80a,2026-07-13,stock,stock_baseline_v1,CEG,CEG,SPY,257.57000732421875,stock_failed_bounce,0.2606,stock_downside_continuation,0.2448,stock_event_risk,0.1095,38.01,risk_off_pressure,neutral,51.43,53.8,37.46,71.98,28.5,0.5169,-0.0121,0.202,0.34,87.5,"{""expected"": 257.16, ""lower"": 252.71, ""upper"": 261.61}","{""bounce_target_zone"": {""base"": 262.99, ""conservative"": 262.99, ""extended"": 290.0, ""meaning"": ""概率反抽情景参考区间，不是目标价承诺。"", ""not_trading_instruction"": true, ""source"": ""scenario_path + atr + recent_resistance""}, ""breakdown_level"": {""confidence"": ""low"", ""distance_pct"": -0.1124, ""meaning"": ""跌破该价位说明个股跌破结构风险上升"", ""not_trading_instruction"": true, ""price"": 228.63, ""source"": ""recent_low + risk_activation""}, ""breakout_level"": {""confidence"": ""low"", ""distance_pct"": 0.0978, ""meaning"": ""突破该价位说明个股突破情景需要重新评估"", ""not_trading_instruction"": true, ""price"": 282.77, ""source"": ""recent_high + primary_confirmation""}, ""failed_bounce_warning_zone"": {""critical_warning"": 228.63, ""first_warning"": 253.51, ""meaning"": ""跌入该区间说明失败反抽风险上升。"", ""not_trading_instruction"": true, ""source"": ""risk_path + atr + recent_support""}, ""nearest_resistance"": {""confidence"": ""low"", ""distance_pct"": 0.0421, ""meaning"": ""最近阻力代理，来自近期高点和 ATR 区间"", ""not_trading_instruction"": true, ""price"": 268.41, ""source"": ""price_structure + volatility_band""}, ""nearest_support"": {""confidence"": ""low"", ""distance_pct"": -0.0281, ""meaning"": ""最近支撑代理，来自近期低点和 ATR 区间"", ""not_trading_instruction"": true, ""price"": 250.34, ""source"": ""price_structure + volatility_band""}, ""primary_confirmation_level"": {""confidence"": ""low"", ""distance_pct"": 0.0978, ""meaning"": ""站上该价位说明个股主路径正在兑现"", ""not_trading_instruction"": true, ""price"": 282.77, ""source"": ""price_structure + scenario_path""}, ""primary_invalidation_level"": {""confidence"": ""low"", ""distance_pct"": -0.1124, ""meaning"": ""跌破该价位说明个股主路径失效概率上升"", ""not_trading_instruction"": true, ""price"": 228.63, ""source"": ""recent_low + volatility_band""}, ""risk_scenario_activation_level"": {""confidence"": ""low"", ""distance_pct"": -0.1124, ""meaning"": ""跌破该价位说明个股风险路径权重上升"", ""not_trading_instruction"": true, ""price"": 228.63, ""source"": ""volatility_band""}, ""trend_repair_confirmation_level"": {""confidence"": ""low"", ""distance_pct"": 0.0978, ""meaning"": ""突破该价位说明个股趋势修复概率提高"", ""not_trading_instruction"": true, ""price"": 282.77, ""source"": ""recent_high + scenario_path""}}","{""conflicting"": [""大盘风险背景压低个股置信度"", ""个股相对弱于大盘/benchmark"", ""个股 Alpha 评分已接入"", ""主路径和第二路径差距较小""], ""market_context"": ""risk_off_pressure"", ""missing"": [""options_volatility"", ""single_stock_options""], ""price_close"": 257.57000732421875, ""sector_relative_strength_20d"": 0.0061, ""supporting"": [""近期公司新闻偏支持"", ""基础财务指标偏支持""]}","{""10d"": 254.63, ""1d"": 257.16, ""20d"": 254.28, ""3d"": 256.42, ""5d"": 255.69, ""60d"": 254.46}",,,,,,,,,,,,,,,,,,,,,,,,,,,not_yet_validated,pending,,,,,,,,,,,,false
73912591e6cb9b9653c2,2026-07-13,stock,stock_baseline_v1,NVDA,NVDA,QQQ,203.52999877929688,stock_failed_bounce,0.2682,stock_downside_continuation,0.2232,stock_event_risk,0.1395,43.28,risk_off_pressure,neutral,54.53,34.3,41.79,100,38.5,0.5348,-0.0133,0.1366,0.41,87.5,"{""expected"": 203.19, ""lower"": 199.79, ""upper"": 206.58}","{""bounce_target_zone"": {""base"": 207.67, ""conservative"": 207.67, ""extended"": 219.51, ""meaning"": ""概率反抽情景参考区间，不是目标价承诺。"", ""not_trading_instruction"": true, ""source"": ""scenario_path + atr + recent_resistance""}, ""breakdown_level"": {""confidence"": ""low"", ""distance_pct"": -0.0675, ""meaning"": ""跌破该价位说明个股跌破结构风险上升"", ""not_trading_instruction"": true, ""price"": 189.8, ""source"": ""recent_low + risk_activation""}, ""breakout_level"": {""confidence"": ""low"", ""distance_pct"": 0.0514, ""meaning"": ""突破该价位说明个股突破情景需要重新评估"", ""not_trading_instruction"": true, ""price"": 213.99, ""source"": ""recent_high + primary_confirmation""}, ""failed_bounce_warning_zone"": {""critical_warning"": 189.8, ""first_warning"": 200.43, ""meaning"": ""跌入该区间说明失败反抽风险上升。"", ""not_trading_instruction"": true, ""source"": ""risk_path + atr + recent_support""}, ""nearest_resistance"": {""confidence"": ""low"", ""distance_pct"": 0.0407, ""meaning"": ""最近阻力代理，来自近期高点和 ATR 区间"", ""not_trading_instruction"": true, ""price"": 211.81, ""source"": ""price_structure + volatility_band""}, ""nearest_support"": {""confidence"": ""low"", ""distance_pct"": -0.0271, ""meaning"": ""最近支撑代理，来自近期低点和 ATR 区间"", ""not_trading_instruction"": true, ""price"": 198.01, ""source"": ""price_structure + volatility_band""}, ""primary_confirmation_level"": {""confidence"": ""low"", ""distance_pct"": 0.0514, ""meaning"": ""站上该价位说明个股主路径正在兑现"", ""not_trading_instruction"": true, ""price"": 213.99, ""source"": ""price_structure + scenario_path""}, ""primary_invalidation_level"": {""confidence"": ""low"", ""distance_pct"": -0.0675, ""meaning"": ""跌破该价位说明个股主路径失效概率上升"", ""not_trading_instruction"": true, ""price"": 189.8, ""source"": ""recent_low + volatility_band""}, ""risk_scenario_activation_level"": {""confidence"": ""low"", ""distance_pct"": -0.0675, ""meaning"": ""跌破该价位说明个股风险路径权重上升"", ""not_trading_instruction"": true, ""price"": 189.8, ""source"": ""volatility_band""}, ""trend_repair_confirmation_level"": {""confidence"": ""low"", ""distance_pct"": 0.0514, ""meaning"": ""突破该价位说明个股趋势修复概率提高"", ""not_trading_instruction"": true, ""price"": 213.99, ""source"": ""recent_high + scenario_path""}}","{""conflicting"": [""大盘风险背景压低个股置信度"", ""成交量不确认当前路径"", ""个股相对弱于大盘/benchmark"", ""公司新闻或财报事件风险上升"", ""个股 Alpha 评分已接入"", ""主路径和第二路径差距较小""], ""market_context"": ""risk_off_pressure"", ""missing"": [""options_volatility"", ""single_stock_options""], ""price_close"": 203.52999877929688, ""sector_relative_strength_20d"": 0.004, ""supporting"": [""基础财务指标偏支持"", ""历史相似结构支持主路径""]}","{""10d"": 201.07, ""1d"": 203.19, ""20d"": 200.75, ""3d"": 202.56, ""5d"": 201.95, ""60d"": 200.82}",,,,,,,,,,,,,,,,,,,,,,,,,,,not_yet_validated,pending,,,,,,,,,,,,false
65140639e9400786dd09,2026-07-13,stock,stock_baseline_v1,SMR,SMR,IWM,8.350000381469727,stock_downside_continuation,0.2809,stock_failed_bounce,0.2418,stock_event_risk,0.1206,34.82,risk_off_pressure,conflicting,0,48.87,50.0,64.3,0,0.2695,-0.0347,0.4014,0.43,87.5,"{""expected"": 8.31, ""lower"": 7.95, ""upper"": 8.68}","{""bounce_target_zone"": {""base"": 8.79, ""conservative"": 8.79, ""extended"": 12.44, ""meaning"": ""概率反抽情景参考区间，不是目标价承诺。"", ""not_trading_instruction"": true, ""source"": ""scenario_path + atr + recent_resistance""}, ""breakdown_level"": {""confidence"": ""low"", ""distance_pct"": -0.0969, ""meaning"": ""跌破该价位说明个股跌破结构风险上升"", ""not_trading_instruction"": true, ""price"": 7.54, ""source"": ""recent_low + risk_activation""}, ""breakout_level"": {""confidence"": ""low"", ""distance_pct"": 0.4192, ""meaning"": ""突破该价位说明个股突破情景需要重新评估"", ""not_trading_instruction"": true, ""price"": 11.85, ""source"": ""recent_high + primary_confirmation""}, ""failed_bounce_warning_zone"": {""critical_warning"": 7.87, ""first_warning"": 8.02, ""meaning"": ""跌入该区间说明失败反抽风险上升。"", ""not_trading_instruction"": true, ""source"": ""risk_path + atr + recent_support""}, ""nearest_resistance"": {""confidence"": ""low"", ""distance_pct"": 0.1057, ""meaning"": ""最近阻力代理，来自近期高点和 ATR 区间"", ""not_trading_instruction"": true, ""price"": 9.23, ""source"": ""price_structure + volatility_band""}, ""nearest_support"": {""confidence"": ""low"", ""distance_pct"": -0.0096, ""meaning"": ""最近支撑代理，来自近期低点和 ATR 区间"", ""not_trading_instruction"": true, ""price"": 8.27, ""source"": ""price_structure + volatility_band""}, ""primary_confirmation_level"": {""confidence"": ""low"", ""distance_pct"": 0.4192, ""meaning"": ""站上该价位说明个股主路径正在兑现"", ""not_trading_instruction"": true, ""price"": 11.85, ""source"": ""price_structure + scenario_path""}, ""primary_invalidation_level"": {""confidence"": ""low"", ""distance_pct"": -0.0573, ""meaning"": ""跌破该价位说明个股主路径失效概率上升"", ""not_trading_instruction"": true, ""price"": 7.87, ""source"": ""recent_low + volatility_band""}, ""risk_scenario_activation_level"": {""confidence"": ""low"", ""distance_pct"": -0.0969, ""meaning"": ""跌破该价位说明个股风险路径权重上升"", ""not_trading_instruction"": true, ""price"": 7.54, ""source"": ""volatility_band""}, ""trend_repair_confirmation_level"": {""confidence"": ""low"", ""distance_pct"": 0.4192, ""meaning"": ""突破该价位说明个股趋势修复概率提高"", ""not_trading_instruction"": true, ""price"": 11.85, ""source"": ""recent_high + scenario_path""}}","{""conflicting"": [""大盘风险背景压低个股置信度"", ""个股弱于所属板块"", ""价格结构与主路径冲突"", ""基础财务指标偏弱"", ""历史相似结构与主路径冲突"", ""个股 Alpha 评分已接入"", ""主路径和第二路径差距较小""], ""market_context"": ""risk_off_pressure"", ""missing"": [""options_volatility"", ""single_stock_options""], ""price_close"": 8.350000381469727, ""sector_relative_strength_20d"": -0.1654, ""supporting"": [""近期公司新闻偏支持""]}","{""10d"": 8.1, ""1d"": 8.31, ""20d"": 8.06, ""3d"": 8.25, ""5d"": 8.19, ""60d"": 8.06}",,,,,,,,,,,,,,,,,,,,,,,,,,,not_yet_validated,pending,,,,,,,,,,,,false
dd07a57e879c026ff982,2026-07-13,stock,stock_baseline_v1,TSLA,TSLA,QQQ,394.760009765625,stock_failed_bounce,0.2851,stock_downside_continuation,0.2156,stock_event_risk,0.1437,36.51,risk_off_pressure,neutral,35.38,33.89,39.52,100,0,0.3772,-0.0203,0.1915,0.43,87.5,"{""expected"": 393.77, ""lower"": 383.98, ""upper"": 403.55}","{""bounce_target_zone"": {""base"": 406.69, ""conservative"": 406.69, ""extended"": 448.77, ""meaning"": ""概率反抽情景参考区间，不是目标价承诺。"", ""not_trading_instruction"": true, ""source"": ""scenario_path + atr + recent_resistance""}, ""breakdown_level"": {""confidence"": ""low"", ""distance_pct"": -0.0663, ""meaning"": ""跌破该价位说明个股跌破结构风险上升"", ""not_trading_instruction"": true, ""price"": 368.6, ""source"": ""recent_low + risk_activation""}, ""breakout_level"": {""confidence"": ""low"", ""distance_pct"": 0.0965, ""meaning"": ""突破该价位说明个股突破情景需要重新评估"", ""not_trading_instruction"": true, ""price"": 432.86, ""source"": ""recent_high + primary_confirmation""}, ""failed_bounce_warning_zone"": {""critical_warning"": 368.6, ""first_warning"": 385.81, ""meaning"": ""跌入该区间说明失败反抽风险上升。"", ""not_trading_instruction"": true, ""source"": ""risk_path + atr + recent_support""}, ""nearest_resistance"": {""confidence"": ""low"", ""distance_pct"": 0.0605, ""meaning"": ""最近阻力代理，来自近期高点和 ATR 区间"", ""not_trading_instruction"": true, ""price"": 418.63, ""source"": ""price_structure + volatility_band""}, ""nearest_support"": {""confidence"": ""low"", ""distance_pct"": -0.0403, ""meaning"": ""最近支撑代理，来自近期低点和 ATR 区间"", ""not_trading_instruction"": true, ""price"": 378.85, ""source"": ""price_structure + volatility_band""}, ""primary_confirmation_level"": {""confidence"": ""low"", ""distance_pct"": 0.0965, ""meaning"": ""站上该价位说明个股主路径正在兑现"", ""not_trading_instruction"": true, ""price"": 432.86, ""source"": ""price_structure + scenario_path""}, ""primary_invalidation_level"": {""confidence"": ""low"", ""distance_pct"": -0.0663, ""meaning"": ""跌破该价位说明个股主路径失效概率上升"", ""not_trading_instruction"": true, ""price"": 368.6, ""source"": ""recent_low + volatility_band""}, ""risk_scenario_activation_level"": {""confidence"": ""low"", ""distance_pct"": -0.0663, ""meaning"": ""跌破该价位说明个股风险路径权重上升"", ""not_trading_instruction"": true, ""price"": 368.6, ""source"": ""volatility_band""}, ""trend_repair_confirmation_level"": {""confidence"": ""low"", ""distance_pct"": 0.0965, ""meaning"": ""突破该价位说明个股趋势修复概率提高"", ""not_trading_instruction"": true, ""price"": 432.86, ""source"": ""recent_high + scenario_path""}}","{""conflicting"": [""大盘风险背景压低个股置信度"", ""价格结构与主路径冲突"", ""成交量不确认当前路径"", ""个股相对弱于大盘/benchmark"", ""公司新闻或财报事件风险上升"", ""个股 Alpha 评分已接入"", ""主路径和第二路径差距较小""], ""market_context"": ""risk_off_pressure"", ""missing"": [""options_volatility"", ""single_stock_options""], ""price_close"": 394.760009765625, ""sector_relative_strength_20d"": -0.0088, ""supporting"": [""基础财务指标已接入且收入增长为正。""]}","{""10d"": 387.5, ""1d"": 393.77, ""20d"": 386.54, ""3d"": 391.93, ""5d"": 390.12, ""60d"": 386.73}",,,,,,,,,,,,,,,,,,,,,,,,,,,not_yet_validated,pending,,,,,,,,,,,,false
ceaae64de96bd5504d9d,2026-07-14,stock,stock_baseline_v1,CEG,CEG,SPY,256.42999267578125,stock_failed_bounce,0.2555,stock_downside_continuation,0.2401,stock_event_risk,0.1082,35.53,market_headwind,neutral,53.63,56.19,30.16,71.98,24.5,0.4755,-0.0128,0.2056,0.32,87.5,"{""expected"": 256.02, ""lower"": 251.46, ""upper"": 260.57}","{""bounce_target_zone"": {""base"": 261.98, ""conservative"": 261.98, ""extended"": 290.17, ""meaning"": ""概率反抽情景参考区间，不是目标价承诺。"", ""not_trading_instruction"": true, ""source"": ""scenario_path + atr + recent_resistance""}, ""breakdown_level"": {""confidence"": ""low"", ""distance_pct"": -0.1084, ""meaning"": ""跌破该价位说明个股跌破结构风险上升"", ""not_trading_instruction"": true, ""price"": 228.63, ""source"": ""recent_low + risk_activation""}, ""breakout_level"": {""confidence"": ""low"", ""distance_pct"": 0.1027, ""meaning"": ""突破该价位说明个股突破情景需要重新评估"", ""not_trading_instruction"": true, ""price"": 282.77, ""source"": ""recent_high + primary_confirmation""}, ""failed_bounce_warning_zone"": {""critical_warning"": 228.63, ""first_warning"": 252.27, ""meaning"": ""跌入该区间说明失败反抽风险上升。"", ""not_trading_instruction"": true, ""source"": ""risk_path + atr + recent_support""}, ""nearest_resistance"": {""confidence"": ""low"", ""distance_pct"": 0.0433, ""meaning"": ""最近阻力代理，来自近期高点和 ATR 区间"", ""not_trading_instruction"": true, ""price"": 267.53, ""source"": ""price_structure + volatility_band""}, ""nearest_support"": {""confidence"": ""low"", ""distance_pct"": -0.0289, ""meaning"": ""最近支撑代理，来自近期低点和 ATR 区间"", ""not_trading_instruction"": true, ""price"": 249.03, ""source"": ""price_structure + volatility_band""}, ""primary_confirmation_level"": {""confidence"": ""low"", ""distance_pct"": 0.1027, ""meaning"": ""站上该价位说明个股主路径正在兑现"", ""not_trading_instruction"": true, ""price"": 282.77, ""source"": ""price_structure + scenario_path""}, ""primary_invalidation_level"": {""confidence"": ""low"", ""distance_pct"": -0.1084, ""meaning"": ""跌破该价位说明个股主路径失效概率上升"", ""not_trading_instruction"": true, ""price"": 228.63, ""source"": ""recent_low + volatility_band""}, ""risk_scenario_activation_level"": {""confidence"": ""low"", ""distance_pct"": -0.1084, ""meaning"": ""跌破该价位说明个股风险路径权重上升"", ""not_trading_instruction"": true, ""price"": 228.63, ""source"": ""volatility_band""}, ""trend_repair_confirmation_level"": {""confidence"": ""low"", ""distance_pct"": 0.1027, ""meaning"": ""突破该价位说明个股趋势修复概率提高"", ""not_trading_instruction"": true, ""price"": 282.77, ""source"": ""recent_high + scenario_path""}}","{""conflicting"": [""大盘风险背景压低个股置信度"", ""个股相对弱于大盘/benchmark"", ""历史相似结构与主路径冲突"", ""个股 Alpha 评分已接入"", ""主路径和第二路径差距较小""], ""market_context"": ""market_headwind"", ""missing"": [""options_volatility"", ""single_stock_options""], ""price_close"": 256.42999267578125, ""sector_relative_strength_20d"": -0.0155, ""supporting"": [""近期公司新闻偏支持"", ""基础财务指标偏支持""]}","{""10d"": 253.43, ""1d"": 256.02, ""20d"": 253.05, ""3d"": 255.27, ""5d"": 254.52, ""60d"": 253.16}",,,,,,,,,,,,,,,,,,,,,,,,,,,not_yet_validated,pending,,,,,,,,,,,,false
aebfa35f83e7d38352d9,2026-07-14,stock,stock_baseline_v1,NVDA,NVDA,QQQ,211.8000030517578,stock_failed_bounce,0.2681,stock_downside_continuation,0.1927,stock_event_risk,0.1559,50.05,risk_off_pressure,supportive,70.28,52.34,51.18,100,47.5,0.5976,-0.0102,0.1246,0.47,87.5,"{""expected"": 211.49, ""lower"": 208.08, ""upper"": 214.91}","{""bounce_target_zone"": {""base"": 215.97, ""conservative"": 215.97, ""extended"": 219.55, ""meaning"": ""概率反抽情景参考区间，不是目标价承诺。"", ""not_trading_instruction"": true, ""source"": ""scenario_path + atr + recent_resistance""}, ""breakdown_level"": {""confidence"": ""low"", ""distance_pct"": -0.1039, ""meaning"": ""跌破该价位说明个股跌破结构风险上升"", ""not_trading_instruction"": true, ""price"": 189.8, ""source"": ""recent_low + risk_activation""}, ""breakout_level"": {""confidence"": ""low"", ""distance_pct"": 0.0148, ""meaning"": ""突破该价位说明个股突破情景需要重新评估"", ""not_trading_instruction"": true, ""price"": 214.93, ""source"": ""recent_high + primary_confirmation""}, ""failed_bounce_warning_zone"": {""critical_warning"": 189.8, ""first_warning"": 208.67, ""meaning"": ""跌入该区间说明失败反抽风险上升。"", ""not_trading_instruction"": true, ""source"": ""risk_path + atr + recent_support""}, ""nearest_resistance"": {""confidence"": ""low"", ""distance_pct"": 0.0103, ""meaning"": ""最近阻力代理，来自近期高点和 ATR 区间"", ""not_trading_instruction"": true, ""price"": 213.99, ""source"": ""price_structure + volatility_band""}, ""nearest_support"": {""confidence"": ""low"", ""distance_pct"": -0.0262, ""meaning"": ""最近支撑代理，来自近期低点和 ATR 区间"", ""not_trading_instruction"": true, ""price"": 206.24, ""source"": ""price_structure + volatility_band""}, ""primary_confirmation_level"": {""confidence"": ""low"", ""distance_pct"": 0.0148, ""meaning"": ""站上该价位说明个股主路径正在兑现"", ""not_trading_instruction"": true, ""price"": 214.93, ""source"": ""price_structure + scenario_path""}, ""primary_invalidation_level"": {""confidence"": ""low"", ""distance_pct"": -0.1039, ""meaning"": ""跌破该价位说明个股主路径失效概率上升"", ""not_trading_instruction"": true, ""price"": 189.8, ""source"": ""recent_low + volatility_band""}, ""risk_scenario_activation_level"": {""confidence"": ""low"", ""distance_pct"": -0.1039, ""meaning"": ""跌破该价位说明个股风险路径权重上升"", ""not_trading_instruction"": true, ""price"": 189.8, ""source"": ""volatility_band""}, ""trend_repair_confirmation_level"": {""confidence"": ""low"", ""distance_pct"": 0.0103, ""meaning"": ""突破该价位说明个股趋势修复概率提高"", ""not_trading_instruction"": true, ""price"": 213.99, ""source"": ""recent_high + scenario_path""}}","{""conflicting"": [""大盘风险背景压低个股置信度"", ""公司新闻或财报事件风险上升"", ""个股 Alpha 评分已接入"", ""主路径和第二路径差距较小""], ""market_context"": ""risk_off_pressure"", ""missing"": [""options_volatility"", ""single_stock_options""], ""price_close"": 211.8000030517578, ""sector_relative_strength_20d"": 0.0386, ""supporting"": [""个股跑赢所属板块"", ""价格结构支持主路径"", ""基础财务指标偏支持""]}","{""10d"": 209.59, ""1d"": 211.49, ""20d"": 209.39, ""3d"": 210.92, ""5d"": 210.37, ""60d"": 209.64}",,,,,,,,,,,,,,,,,,,,,,,,,,,not_yet_validated,pending,,,,,,,,,,,,false
6dbcd4213137159c3689,2026-07-14,stock,stock_baseline_v1,SMR,SMR,IWM,8.600000381469727,stock_downside_continuation,0.2899,stock_failed_bounce,0.2097,stock_event_risk,0.1212,38.74,risk_off_pressure,conflicting,0,37.29,50.0,66.86,0,0.2714,-0.0279,0.3835,0.43,87.5,"{""expected"": 8.57, ""lower"": 8.24, ""upper"": 8.9}","{""bounce_target_zone"": {""base"": 9.0, ""conservative"": 9.0, ""extended"": 12.39, ""meaning"": ""概率反抽情景参考区间，不是目标价承诺。"", ""not_trading_instruction"": true, ""source"": ""scenario_path + atr + recent_resistance""}, ""breakdown_level"": {""confidence"": ""low"", ""distance_pct"": -0.0862, ""meaning"": ""跌破该价位说明个股跌破结构风险上升"", ""not_trading_instruction"": true, ""price"": 7.86, ""source"": ""recent_low + risk_activation""}, ""breakout_level"": {""confidence"": ""low"", ""distance_pct"": 0.3779, ""meaning"": ""突破该价位说明个股突破情景需要重新评估"", ""not_trading_instruction"": true, ""price"": 11.85, ""source"": ""recent_high + primary_confirmation""}, ""failed_bounce_warning_zone"": {""critical_warning"": 8.16, ""first_warning"": 8.3, ""meaning"": ""跌入该区间说明失败反抽风险上升。"", ""not_trading_instruction"": true, ""source"": ""risk_path + atr + recent_support""}, ""nearest_resistance"": {""confidence"": ""low"", ""distance_pct"": 0.094, ""meaning"": ""最近阻力代理，来自近期高点和 ATR 区间"", ""not_trading_instruction"": true, ""price"": 9.41, ""source"": ""price_structure + volatility_band""}, ""nearest_support"": {""confidence"": ""low"", ""distance_pct"": -0.0384, ""meaning"": ""最近支撑代理，来自近期低点和 ATR 区间"", ""not_trading_instruction"": true, ""price"": 8.27, ""source"": ""price_structure + volatility_band""}, ""primary_confirmation_level"": {""confidence"": ""low"", ""distance_pct"": 0.3779, ""meaning"": ""站上该价位说明个股主路径正在兑现"", ""not_trading_instruction"": true, ""price"": 11.85, ""source"": ""price_structure + scenario_path""}, ""primary_invalidation_level"": {""confidence"": ""low"", ""distance_pct"": -0.0509, ""meaning"": ""跌破该价位说明个股主路径失效概率上升"", ""not_trading_instruction"": true, ""price"": 8.16, ""source"": ""recent_low + volatility_band""}, ""risk_scenario_activation_level"": {""confidence"": ""low"", ""distance_pct"": -0.0862, ""meaning"": ""跌破该价位说明个股风险路径权重上升"", ""not_trading_instruction"": true, ""price"": 7.86, ""source"": ""volatility_band""}, ""trend_repair_confirmation_level"": {""confidence"": ""low"", ""distance_pct"": 0.3779, ""meaning"": ""突破该价位说明个股趋势修复概率提高"", ""not_trading_instruction"": true, ""price"": 11.85, ""source"": ""recent_high + scenario_path""}}","{""conflicting"": [""大盘风险背景压低个股置信度"", ""个股弱于所属板块"", ""价格结构与主路径冲突"", ""成交量不确认当前路径"", ""基础财务指标偏弱"", ""历史相似结构与主路径冲突"", ""个股 Alpha 评分已接入""], ""market_context"": ""risk_off_pressure"", ""missing"": [""options_volatility"", ""single_stock_options""], ""price_close"": 8.600000381469727, ""sector_relative_strength_20d"": -0.1565, ""supporting"": [""近期公司新闻偏支持""]}","{""10d"": 8.39, ""1d"": 8.57, ""20d"": 8.36, ""3d"": 8.52, ""5d"": 8.47, ""60d"": 8.36}",,,,,,,,,,,,,,,,,,,,,,,,,,,not_yet_validated,pending,,,,,,,,,,,,false
968cb3fb3dabfcce342e,2026-07-14,stock,stock_baseline_v1,TSLA,TSLA,QQQ,396.17999267578125,stock_failed_bounce,0.2702,stock_downside_continuation,0.2297,stock_event_risk,0.1459,34.61,risk_off_pressure,neutral,42.53,27.58,36.42,100,0,0.3617,-0.0189,0.1782,0.44,87.5,"{""expected"": 395.23, ""lower"": 386.09, ""upper"": 404.37}","{""bounce_target_zone"": {""base"": 407.32, ""conservative"": 407.32, ""extended"": 447.71, ""meaning"": ""概率反抽情景参考区间，不是目标价承诺。"", ""not_trading_instruction"": true, ""source"": ""scenario_path + atr + recent_resistance""}, ""breakdown_level"": {""confidence"": ""low"", ""distance_pct"": -0.0696, ""meaning"": ""跌破该价位说明个股跌破结构风险上升"", ""not_trading_instruction"": true, ""price"": 368.6, ""source"": ""recent_low + risk_activation""}, ""breakout_level"": {""confidence"": ""low"", ""distance_pct"": 0.0926, ""meaning"": ""突破该价位说明个股突破情景需要重新评估"", ""not_trading_instruction"": true, ""price"": 432.86, ""source"": ""recent_high + primary_confirmation""}, ""failed_bounce_warning_zone"": {""critical_warning"": 368.6, ""first_warning"": 387.82, ""meaning"": ""跌入该区间说明失败反抽风险上升。"", ""not_trading_instruction"": true, ""source"": ""risk_path + atr + recent_support""}, ""nearest_resistance"": {""confidence"": ""low"", ""distance_pct"": 0.0562, ""meaning"": ""最近阻力代理，来自近期高点和 ATR 区间"", ""not_trading_instruction"": true, ""price"": 418.46, ""source"": ""price_structure + volatility_band""}, ""nearest_support"": {""confidence"": ""low"", ""distance_pct"": -0.0375, ""meaning"": ""最近支撑代理，来自近期低点和 ATR 区间"", ""not_trading_instruction"": true, ""price"": 381.33, ""source"": ""price_structure + volatility_band""}, ""primary_confirmation_level"": {""confidence"": ""low"", ""distance_pct"": 0.0926, ""meaning"": ""站上该价位说明个股主路径正在兑现"", ""not_trading_instruction"": true, ""price"": 432.86, ""source"": ""price_structure + scenario_path""}, ""primary_invalidation_level"": {""confidence"": ""low"", ""distance_pct"": -0.0696, ""meaning"": ""跌破该价位说明个股主路径失效概率上升"", ""not_trading_instruction"": true, ""price"": 368.6, ""source"": ""recent_low + volatility_band""}, ""risk_scenario_activation_level"": {""confidence"": ""low"", ""distance_pct"": -0.0696, ""meaning"": ""跌破该价位说明个股风险路径权重上升"", ""not_trading_instruction"": true, ""price"": 368.6, ""source"": ""volatility_band""}, ""trend_repair_confirmation_level"": {""confidence"": ""low"", ""distance_pct"": 0.0926, ""meaning"": ""突破该价位说明个股趋势修复概率提高"", ""not_trading_instruction"": true, ""price"": 432.86, ""source"": ""recent_high + scenario_path""}}","{""conflicting"": [""大盘风险背景压低个股置信度"", ""成交量不确认当前路径"", ""个股相对弱于大盘/benchmark"", ""公司新闻或财报事件风险上升"", ""历史相似结构与主路径冲突"", ""个股 Alpha 评分已接入"", ""主路径和第二路径差距较小""], ""market_context"": ""risk_off_pressure"", ""missing"": [""options_volatility"", ""single_stock_options""], ""price_close"": 396.17999267578125, ""sector_relative_strength_20d"": -0.0192, ""supporting"": [""近期公司新闻偏正面。"", ""基础财务指标已接入且收入增长为正。""]}","{""10d"": 389.43, ""1d"": 395.23, ""20d"": 388.53, ""3d"": 393.51, ""5d"": 391.84, ""60d"": 388.7}",,,,,,,,,,,,,,,,,,,,,,,,,,,not_yet_validated,pending,,,,,,,,,,,,false
f4637db923ec77f445a8,2026-07-15,stock,stock_baseline_v1,CEG,CEG,SPY,258.114990234375,stock_failed_bounce,0.2571,stock_downside_continuation,0.2469,stock_event_risk,0.1089,32.69,market_headwind,neutral,53.95,35.18,29.86,64.3,24.5,0.4651,-0.0135,0.2003,0.32,87.5,"{""expected"": 257.68, ""lower"": 253.09, ""upper"": 262.26}","{""bounce_target_zone"": {""base"": 263.71, ""conservative"": 263.71, ""extended"": 290.22, ""meaning"": ""概率反抽情景参考区间，不是目标价承诺。"", ""not_trading_instruction"": true, ""source"": ""scenario_path + atr + recent_resistance""}, ""breakdown_level"": {""confidence"": ""low"", ""distance_pct"": -0.1142, ""meaning"": ""跌破该价位说明个股跌破结构风险上升"", ""not_trading_instruction"": true, ""price"": 228.63, ""source"": ""recent_low + risk_activation""}, ""breakout_level"": {""confidence"": ""low"", ""distance_pct"": 0.0955, ""meaning"": ""突破该价位说明个股突破情景需要重新评估"", ""not_trading_instruction"": true, ""price"": 282.77, ""source"": ""recent_high + primary_confirmation""}, ""failed_bounce_warning_zone"": {""critical_warning"": 228.63, ""first_warning"": 253.92, ""meaning"": ""跌入该区间说明失败反抽风险上升。"", ""not_trading_instruction"": true, ""source"": ""risk_path + atr + recent_support""}, ""nearest_resistance"": {""confidence"": ""low"", ""distance_pct"": 0.0433, ""meaning"": ""最近阻力代理，来自近期高点和 ATR 区间"", ""not_trading_instruction"": true, ""price"": 269.3, ""source"": ""price_structure + volatility_band""}, ""nearest_support"": {""confidence"": ""low"", ""distance_pct"": -0.0289, ""meaning"": ""最近支撑代理，来自近期低点和 ATR 区间"", ""not_trading_instruction"": true, ""price"": 250.66, ""source"": ""price_structure + volatility_band""}, ""primary_confirmation_level"": {""confidence"": ""low"", ""distance_pct"": 0.0955, ""meaning"": ""站上该价位说明个股主路径正在兑现"", ""not_trading_instruction"": true, ""price"": 282.77, ""source"": ""price_structure + scenario_path""}, ""primary_invalidation_level"": {""confidence"": ""low"", ""distance_pct"": -0.1142, ""meaning"": ""跌破该价位说明个股主路径失效概率上升"", ""not_trading_instruction"": true, ""price"": 228.63, ""source"": ""recent_low + volatility_band""}, ""risk_scenario_activation_level"": {""confidence"": ""low"", ""distance_pct"": -0.1142, ""meaning"": ""跌破该价位说明个股风险路径权重上升"", ""not_trading_instruction"": true, ""price"": 228.63, ""source"": ""volatility_band""}, ""trend_repair_confirmation_level"": {""confidence"": ""low"", ""distance_pct"": 0.0955, ""meaning"": ""突破该价位说明个股趋势修复概率提高"", ""not_trading_instruction"": true, ""price"": 282.77, ""source"": ""recent_high + scenario_path""}}","{""conflicting"": [""大盘风险背景压低个股置信度"", ""成交量不确认当前路径"", ""个股相对弱于大盘/benchmark"", ""历史相似结构与主路径冲突"", ""个股 Alpha 评分已接入"", ""主路径和第二路径差距较小""], ""market_context"": ""market_headwind"", ""missing"": [""options_volatility"", ""single_stock_options""], ""price_close"": 258.114990234375, ""sector_relative_strength_20d"": -0.0269, ""supporting"": [""近期公司新闻偏支持"", ""基础财务指标偏支持""]}","{""10d"": 254.97, ""1d"": 257.68, ""20d"": 254.55, ""3d"": 256.89, ""5d"": 256.11, ""60d"": 254.62}",,,,,,,,,,,,,,,,,,,,,,,,,,,not_yet_validated,pending,,,,,,,,,,,,false
e4d4d852814af05d8c2e,2026-07-15,stock,stock_baseline_v1,NVDA,NVDA,QQQ,212.5,stock_failed_bounce,0.2624,stock_downside_continuation,0.1886,stock_event_risk,0.1533,49.55,market_headwind,supportive,66.27,52.27,51.67,100,47.5,0.5984,-0.0108,0.1277,0.44,87.5,"{""expected"": 212.19, ""lower"": 208.67, ""upper"": 215.7}","{""bounce_target_zone"": {""base"": 216.78, ""conservative"": 216.78, ""extended"": 219.7, ""meaning"": ""概率反抽情景参考区间，不是目标价承诺。"", ""not_trading_instruction"": true, ""source"": ""scenario_path + atr + recent_resistance""}, ""breakdown_level"": {""confidence"": ""low"", ""distance_pct"": -0.1068, ""meaning"": ""跌破该价位说明个股跌破结构风险上升"", ""not_trading_instruction"": true, ""price"": 189.8, ""source"": ""recent_low + risk_activation""}, ""breakout_level"": {""confidence"": ""low"", ""distance_pct"": 0.0151, ""meaning"": ""突破该价位说明个股突破情景需要重新评估"", ""not_trading_instruction"": true, ""price"": 215.71, ""source"": ""recent_high + primary_confirmation""}, ""failed_bounce_warning_zone"": {""critical_warning"": 189.8, ""first_warning"": 209.29, ""meaning"": ""跌入该区间说明失败反抽风险上升。"", ""not_trading_instruction"": true, ""source"": ""risk_path + atr + recent_support""}, ""nearest_resistance"": {""confidence"": ""low"", ""distance_pct"": 0.007, ""meaning"": ""最近阻力代理，来自近期高点和 ATR 区间"", ""not_trading_instruction"": true, ""price"": 213.99, ""source"": ""price_structure + volatility_band""}, ""nearest_support"": {""confidence"": ""low"", ""distance_pct"": -0.0269, ""meaning"": ""最近支撑代理，来自近期低点和 ATR 区间"", ""not_trading_instruction"": true, ""price"": 206.79, ""source"": ""price_structure + volatility_band""}, ""primary_confirmation_level"": {""confidence"": ""low"", ""distance_pct"": 0.0151, ""meaning"": ""站上该价位说明个股主路径正在兑现"", ""not_trading_instruction"": true, ""price"": 215.71, ""source"": ""price_structure + scenario_path""}, ""primary_invalidation_level"": {""confidence"": ""low"", ""distance_pct"": -0.1068, ""meaning"": ""跌破该价位说明个股主路径失效概率上升"", ""not_trading_instruction"": true, ""price"": 189.8, ""source"": ""recent_low + volatility_band""}, ""risk_scenario_activation_level"": {""confidence"": ""low"", ""distance_pct"": -0.1068, ""meaning"": ""跌破该价位说明个股风险路径权重上升"", ""not_trading_instruction"": true, ""price"": 189.8, ""source"": ""volatility_band""}, ""trend_repair_confirmation_level"": {""confidence"": ""low"", ""distance_pct"": 0.007, ""meaning"": ""突破该价位说明个股趋势修复概率提高"", ""not_trading_instruction"": true, ""price"": 213.99, ""source"": ""recent_high + scenario_path""}}","{""conflicting"": [""大盘风险背景压低个股置信度"", ""公司新闻或财报事件风险上升"", ""个股 Alpha 评分已接入"", ""主路径和第二路径差距较小""], ""market_context"": ""market_headwind"", ""missing"": [""options_volatility"", ""single_stock_options""], ""price_close"": 212.5, ""sector_relative_strength_20d"": 0.0535, ""supporting"": [""个股跑赢所属板块"", ""价格结构支持主路径"", ""基础财务指标偏支持""]}","{""10d"": 210.23, ""1d"": 212.19, ""20d"": 209.99, ""3d"": 211.6, ""5d"": 211.03, ""60d"": 210.2}",,,,,,,,,,,,,,,,,,,,,,,,,,,not_yet_validated,pending,,,,,,,,,,,,false
24eeb135cec5e6049482,2026-07-15,stock,stock_baseline_v1,SMR,SMR,IWM,8.359999656677246,stock_downside_continuation,0.3205,stock_failed_bounce,0.2022,stock_event_risk,0.1165,38.53,risk_off_pressure,conflicting,0,35.4,50.0,66.86,0,0.2055,-0.0335,0.4007,0.4,87.5,"{""expected"": 8.32, ""lower"": 8.0, ""upper"": 8.65}","{""bounce_target_zone"": {""base"": 8.76, ""conservative"": 8.76, ""extended"": 12.39, ""meaning"": ""概率反抽情景参考区间，不是目标价承诺。"", ""not_trading_instruction"": true, ""source"": ""scenario_path + atr + recent_resistance""}, ""breakdown_level"": {""confidence"": ""low"", ""distance_pct"": -0.0882, ""meaning"": ""跌破该价位说明个股跌破结构风险上升"", ""not_trading_instruction"": true, ""price"": 7.62, ""source"": ""recent_low + risk_activation""}, ""breakout_level"": {""confidence"": ""low"", ""distance_pct"": 0.4175, ""meaning"": ""突破该价位说明个股突破情景需要重新评估"", ""not_trading_instruction"": true, ""price"": 11.85, ""source"": ""recent_high + primary_confirmation""}, ""failed_bounce_warning_zone"": {""critical_warning"": 7.92, ""first_warning"": 8.06, ""meaning"": ""跌入该区间说明失败反抽风险上升。"", ""not_trading_instruction"": true, ""source"": ""risk_path + atr + recent_support""}, ""nearest_resistance"": {""confidence"": ""low"", ""distance_pct"": 0.0962, ""meaning"": ""最近阻力代理，来自近期高点和 ATR 区间"", ""not_trading_instruction"": true, ""price"": 9.16, ""source"": ""price_structure + volatility_band""}, ""nearest_support"": {""confidence"": ""low"", ""distance_pct"": -0.0347, ""meaning"": ""最近支撑代理，来自近期低点和 ATR 区间"", ""not_trading_instruction"": true, ""price"": 8.07, ""source"": ""price_structure + volatility_band""}, ""primary_confirmation_level"": {""confidence"": ""low"", ""distance_pct"": 0.4175, ""meaning"": ""站上该价位说明个股主路径正在兑现"", ""not_trading_instruction"": true, ""price"": 11.85, ""source"": ""price_structure + scenario_path""}, ""primary_invalidation_level"": {""confidence"": ""low"", ""distance_pct"": -0.0521, ""meaning"": ""跌破该价位说明个股主路径失效概率上升"", ""not_trading_instruction"": true, ""price"": 7.92, ""source"": ""recent_low + volatility_band""}, ""risk_scenario_activation_level"": {""confidence"": ""low"", ""distance_pct"": -0.0882, ""meaning"": ""跌破该价位说明个股风险路径权重上升"", ""not_trading_instruction"": true, ""price"": 7.62, ""source"": ""volatility_band""}, ""trend_repair_confirmation_level"": {""confidence"": ""low"", ""distance_pct"": 0.4175, ""meaning"": ""突破该价位说明个股趋势修复概率提高"", ""not_trading_instruction"": true, ""price"": 11.85, ""source"": ""recent_high + scenario_path""}}","{""conflicting"": [""大盘风险背景压低个股置信度"", ""个股弱于所属板块"", ""价格结构与主路径冲突"", ""成交量不确认当前路径"", ""基础财务指标偏弱"", ""历史相似结构与主路径冲突"", ""个股 Alpha 评分已接入""], ""market_context"": ""risk_off_pressure"", ""missing"": [""options_volatility"", ""single_stock_options""], ""price_close"": 8.359999656677246, ""sector_relative_strength_20d"": -0.225, ""supporting"": [""近期公司新闻偏支持""]}","{""10d"": 8.13, ""1d"": 8.32, ""20d"": 8.09, ""3d"": 8.27, ""5d"": 8.21, ""60d"": 8.08}",,,,,,,,,,,,,,,,,,,,,,,,,,,not_yet_validated,pending,,,,,,,,,,,,false
a8b070f5fc9c42375263,2026-07-15,stock,stock_baseline_v1,TSLA,TSLA,QQQ,394.4599914550781,stock_failed_bounce,0.2643,stock_downside_continuation,0.2304,stock_event_risk,0.1757,35.38,market_headwind,neutral,44.17,35.38,38.11,100,0,0.3758,-0.0203,0.182,0.43,87.5,"{""expected"": 393.41, ""lower"": 384.11, ""upper"": 402.7}","{""bounce_target_zone"": {""base"": 405.79, ""conservative"": 405.79, ""extended"": 447.97, ""meaning"": ""概率反抽情景参考区间，不是目标价承诺。"", ""not_trading_instruction"": true, ""source"": ""scenario_path + atr + recent_resistance""}, ""breakdown_level"": {""confidence"": ""low"", ""distance_pct"": -0.0656, ""meaning"": ""跌破该价位说明个股跌破结构风险上升"", ""not_trading_instruction"": true, ""price"": 368.6, ""source"": ""recent_low + risk_activation""}, ""breakout_level"": {""confidence"": ""low"", ""distance_pct"": 0.0973, ""meaning"": ""突破该价位说明个股突破情景需要重新评估"", ""not_trading_instruction"": true, ""price"": 432.86, ""source"": ""recent_high + primary_confirmation""}, ""failed_bounce_warning_zone"": {""critical_warning"": 368.6, ""first_warning"": 385.96, ""meaning"": ""跌入该区间说明失败反抽风险上升。"", ""not_trading_instruction"": true, ""source"": ""risk_path + atr + recent_support""}, ""nearest_resistance"": {""confidence"": ""low"", ""distance_pct"": 0.0574, ""meaning"": ""最近阻力代理，来自近期高点和 ATR 区间"", ""not_trading_instruction"": true, ""price"": 417.12, ""source"": ""price_structure + volatility_band""}, ""nearest_support"": {""confidence"": ""low"", ""distance_pct"": -0.0383, ""meaning"": ""最近支撑代理，来自近期低点和 ATR 区间"", ""not_trading_instruction"": true, ""price"": 379.35, ""source"": ""price_structure + volatility_band""}, ""primary_confirmation_level"": {""confidence"": ""low"", ""distance_pct"": 0.0973, ""meaning"": ""站上该价位说明个股主路径正在兑现"", ""not_trading_instruction"": true, ""price"": 432.86, ""source"": ""price_structure + scenario_path""}, ""primary_invalidation_level"": {""confidence"": ""low"", ""distance_pct"": -0.0656, ""meaning"": ""跌破该价位说明个股主路径失效概率上升"", ""not_trading_instruction"": true, ""price"": 368.6, ""source"": ""recent_low + volatility_band""}, ""risk_scenario_activation_level"": {""confidence"": ""low"", ""distance_pct"": -0.0656, ""meaning"": ""跌破该价位说明个股风险路径权重上升"", ""not_trading_instruction"": true, ""price"": 368.6, ""source"": ""volatility_band""}, ""trend_repair_confirmation_level"": {""confidence"": ""low"", ""distance_pct"": 0.0973, ""meaning"": ""突破该价位说明个股趋势修复概率提高"", ""not_trading_instruction"": true, ""price"": 432.86, ""source"": ""recent_high + scenario_path""}}","{""conflicting"": [""大盘风险背景压低个股置信度"", ""成交量不确认当前路径"", ""个股相对弱于大盘/benchmark"", ""公司新闻或财报事件风险上升"", ""财报日期临近"", ""历史相似结构与主路径冲突"", ""个股 Alpha 评分已接入"", ""主路径和第二路径差距较小""], ""market_context"": ""market_headwind"", ""missing"": [""options_volatility"", ""single_stock_options""], ""price_close"": 394.4599914550781, ""sector_relative_strength_20d"": -0.0274, ""supporting"": [""近期公司新闻偏正面。"", ""基础财务指标已接入且收入增长为正。""]}","{""10d"": 387.28, ""1d"": 393.41, ""20d"": 386.3, ""3d"": 391.54, ""5d"": 389.78, ""60d"": 386.47}",,,,,,,,,,,,,,,,,,,,,,,,,,,not_yet_validated,pending,,,,,,,,,,,,false
19fb7e317352d67103bf,2026-07-16,stock,stock_baseline_v1,CEG,CEG,SPY,251.77000427246094,stock_downside_continuation,0.2586,stock_failed_bounce,0.2583,stock_event_risk,0.1371,27.35,risk_off_pressure,conflicting,40.98,39.2,22.47,65.5,15.5,0.3931,-0.0159,0.22,0.29,87.5,"{""expected"": 251.26, ""lower"": 246.63, ""upper"": 255.89}","{""bounce_target_zone"": {""base"": 257.41, ""conservative"": 257.41, ""extended"": 290.3, ""meaning"": ""概率反抽情景参考区间，不是目标价承诺。"", ""not_trading_instruction"": true, ""source"": ""scenario_path + atr + recent_resistance""}, ""breakdown_level"": {""confidence"": ""low"", ""distance_pct"": -0.0919, ""meaning"": ""跌破该价位说明个股跌破结构风险上升"", ""not_trading_instruction"": true, ""price"": 228.63, ""source"": ""recent_low + risk_activation""}, ""breakout_level"": {""confidence"": ""low"", ""distance_pct"": 0.1231, ""meaning"": ""突破该价位说明个股突破情景需要重新评估"", ""not_trading_instruction"": true, ""price"": 282.77, ""source"": ""recent_high + primary_confirmation""}, ""failed_bounce_warning_zone"": {""critical_warning"": 228.63, ""first_warning"": 247.54, ""meaning"": ""跌入该区间说明失败反抽风险上升。"", ""not_trading_instruction"": true, ""source"": ""risk_path + atr + recent_support""}, ""nearest_resistance"": {""confidence"": ""low"", ""distance_pct"": 0.0448, ""meaning"": ""最近阻力代理，来自近期高点和 ATR 区间"", ""not_trading_instruction"": true, ""price"": 263.06, ""source"": ""price_structure + volatility_band""}, ""nearest_support"": {""confidence"": ""low"", ""distance_pct"": -0.0299, ""meaning"": ""最近支撑代理，来自近期低点和 ATR 区间"", ""not_trading_instruction"": true, ""price"": 244.24, ""source"": ""price_structure + volatility_band""}, ""primary_confirmation_level"": {""confidence"": ""low"", ""distance_pct"": 0.1231, ""meaning"": ""站上该价位说明个股主路径正在兑现"", ""not_trading_instruction"": true, ""price"": 282.77, ""source"": ""price_structure + scenario_path""}, ""primary_invalidation_level"": {""confidence"": ""low"", ""distance_pct"": -0.0919, ""meaning"": ""跌破该价位说明个股主路径失效概率上升"", ""not_trading_instruction"": true, ""price"": 228.63, ""source"": ""recent_low + volatility_band""}, ""risk_scenario_activation_level"": {""confidence"": ""low"", ""distance_pct"": -0.0919, ""meaning"": ""跌破该价位说明个股风险路径权重上升"", ""not_trading_instruction"": true, ""price"": 228.63, ""source"": ""volatility_band""}, ""trend_repair_confirmation_level"": {""confidence"": ""low"", ""distance_pct"": 0.1231, ""meaning"": ""突破该价位说明个股趋势修复概率提高"", ""not_trading_instruction"": true, ""price"": 282.77, ""source"": ""recent_high + scenario_path""}}","{""conflicting"": [""大盘风险背景压低个股置信度"", ""个股弱于所属板块"", ""价格结构与主路径冲突"", ""成交量不确认当前路径"", ""个股相对弱于大盘/benchmark"", ""公司新闻或财报事件风险上升"", ""历史相似结构与主路径冲突"", ""个股 Alpha 评分已接入"", ""主路径和第二路径差距较小""], ""market_context"": ""risk_off_pressure"", ""missing"": [""options_volatility"", ""single_stock_options""], ""price_close"": 251.77000427246094, ""sector_relative_strength_20d"": -0.0697, ""supporting"": [""基础财务指标偏支持""]}","{""10d"": 248.25, ""1d"": 251.26, ""20d"": 247.74, ""3d"": 250.36, ""5d"": 249.5, ""60d"": 247.76}",,,,,,,,,,,,,,,,,,,,,,,,,,,not_yet_validated,pending,,,,,,,,,,,,false
a95c048b6c4ec333be73,2026-07-16,stock,stock_baseline_v1,NVDA,NVDA,QQQ,207.39999389648438,stock_failed_bounce,0.259,stock_downside_continuation,0.1912,stock_event_risk,0.1514,46.0,market_headwind,supportive,56.66,35.94,50.04,100,44.5,0.5842,-0.0106,0.1281,0.45,87.5,"{""expected"": 207.1, ""lower"": 203.66, ""upper"": 210.54}","{""bounce_target_zone"": {""base"": 211.6, ""conservative"": 211.6, ""extended"": 219.59, ""meaning"": ""概率反抽情景参考区间，不是目标价承诺。"", ""not_trading_instruction"": true, ""source"": ""scenario_path + atr + recent_resistance""}, ""breakdown_level"": {""confidence"": ""low"", ""distance_pct"": -0.0849, ""meaning"": ""跌破该价位说明个股跌破结构风险上升"", ""not_trading_instruction"": true, ""price"": 189.8, ""source"": ""recent_low + risk_activation""}, ""breakout_level"": {""confidence"": ""low"", ""distance_pct"": 0.0318, ""meaning"": ""突破该价位说明个股突破情景需要重新评估"", ""not_trading_instruction"": true, ""price"": 213.99, ""source"": ""recent_high + primary_confirmation""}, ""failed_bounce_warning_zone"": {""critical_warning"": 189.8, ""first_warning"": 204.25, ""meaning"": ""跌入该区间说明失败反抽风险上升。"", ""not_trading_instruction"": true, ""source"": ""risk_path + atr + recent_support""}, ""nearest_resistance"": {""confidence"": ""low"", ""distance_pct"": 0.0318, ""meaning"": ""最近阻力代理，来自近期高点和 ATR 区间"", ""not_trading_instruction"": true, ""price"": 213.99, ""source"": ""price_structure + volatility_band""}, ""nearest_support"": {""confidence"": ""low"", ""distance_pct"": -0.027, ""meaning"": ""最近支撑代理，来自近期低点和 ATR 区间"", ""not_trading_instruction"": true, ""price"": 201.8, ""source"": ""price_structure + volatility_band""}, ""primary_confirmation_level"": {""confidence"": ""low"", ""distance_pct"": 0.0318, ""meaning"": ""站上该价位说明个股主路径正在兑现"", ""not_trading_instruction"": true, ""price"": 213.99, ""source"": ""price_structure + scenario_path""}, ""primary_invalidation_level"": {""confidence"": ""low"", ""distance_pct"": -0.0849, ""meaning"": ""跌破该价位说明个股主路径失效概率上升"", ""not_trading_instruction"": true, ""price"": 189.8, ""source"": ""recent_low + volatility_band""}, ""risk_scenario_activation_level"": {""confidence"": ""low"", ""distance_pct"": -0.0849, ""meaning"": ""跌破该价位说明个股风险路径权重上升"", ""not_trading_instruction"": true, ""price"": 189.8, ""source"": ""volatility_band""}, ""trend_repair_confirmation_level"": {""confidence"": ""low"", ""distance_pct"": 0.0318, ""meaning"": ""突破该价位说明个股趋势修复概率提高"", ""not_trading_instruction"": true, ""price"": 213.99, ""source"": ""recent_high + scenario_path""}}","{""conflicting"": [""大盘风险背景压低个股置信度"", ""成交量不确认当前路径"", ""公司新闻或财报事件风险上升"", ""个股 Alpha 评分已接入"", ""主路径和第二路径差距较小""], ""market_context"": ""market_headwind"", ""missing"": [""options_volatility"", ""single_stock_options""], ""price_close"": 207.39999389648438, ""sector_relative_strength_20d"": 0.0478, ""supporting"": [""个股跑赢所属板块"", ""基础财务指标偏支持""]}","{""10d"": 205.22, ""1d"": 207.1, ""20d"": 205.0, ""3d"": 206.54, ""5d"": 206.0, ""60d"": 205.2}",,,,,,,,,,,,,,,,,,,,,,,,,,,not_yet_validated,pending,,,,,,,,,,,,false
ae6fa3e39b622652d5fe,2026-07-16,stock,stock_baseline_v1,SMR,SMR,IWM,7.639999866485596,stock_downside_continuation,0.3196,stock_failed_bounce,0.2355,stock_event_risk,0.1127,38.96,risk_off_pressure,conflicting,0,41.0,50.0,64.3,0,0.1884,-0.0432,0.4523,0.36,87.5,"{""expected"": 7.6, ""lower"": 7.27, ""upper"": 7.93}","{""bounce_target_zone"": {""base"": 8.05, ""conservative"": 8.05, ""extended"": 12.39, ""meaning"": ""概率反抽情景参考区间，不是目标价承诺。"", ""not_trading_instruction"": true, ""source"": ""scenario_path + atr + recent_resistance""}, ""breakdown_level"": {""confidence"": ""low"", ""distance_pct"": -0.0976, ""meaning"": ""跌破该价位说明个股跌破结构风险上升"", ""not_trading_instruction"": true, ""price"": 6.89, ""source"": ""recent_low + risk_activation""}, ""breakout_level"": {""confidence"": ""low"", ""distance_pct"": 0.551, ""meaning"": ""突破该价位说明个股突破情景需要重新评估"", ""not_trading_instruction"": true, ""price"": 11.85, ""source"": ""recent_high + primary_confirmation""}, ""failed_bounce_warning_zone"": {""critical_warning"": 7.2, ""first_warning"": 7.33, ""meaning"": ""跌入该区间说明失败反抽风险上升。"", ""not_trading_instruction"": true, ""source"": ""risk_path + atr + recent_support""}, ""nearest_resistance"": {""confidence"": ""low"", ""distance_pct"": 0.1065, ""meaning"": ""最近阻力代理，来自近期高点和 ATR 区间"", ""not_trading_instruction"": true, ""price"": 8.45, ""source"": ""price_structure + volatility_band""}, ""nearest_support"": {""confidence"": ""low"", ""distance_pct"": -0.0157, ""meaning"": ""最近支撑代理，来自近期低点和 ATR 区间"", ""not_trading_instruction"": true, ""price"": 7.52, ""source"": ""price_structure + volatility_band""}, ""primary_confirmation_level"": {""confidence"": ""low"", ""distance_pct"": 0.551, ""meaning"": ""站上该价位说明个股主路径正在兑现"", ""not_trading_instruction"": true, ""price"": 11.85, ""source"": ""price_structure + scenario_path""}, ""primary_invalidation_level"": {""confidence"": ""low"", ""distance_pct"": -0.0577, ""meaning"": ""跌破该价位说明个股主路径失效概率上升"", ""not_trading_instruction"": true, ""price"": 7.2, ""source"": ""recent_low + volatility_band""}, ""risk_scenario_activation_level"": {""confidence"": ""low"", ""distance_pct"": -0.0976, ""meaning"": ""跌破该价位说明个股风险路径权重上升"", ""not_trading_instruction"": true, ""price"": 6.89, ""source"": ""volatility_band""}, ""trend_repair_confirmation_level"": {""confidence"": ""low"", ""distance_pct"": 0.551, ""meaning"": ""突破该价位说明个股趋势修复概率提高"", ""not_trading_instruction"": true, ""price"": 11.85, ""source"": ""recent_high + scenario_path""}}","{""conflicting"": [""大盘风险背景压低个股置信度"", ""个股弱于所属板块"", ""价格结构与主路径冲突"", ""成交量不确认当前路径"", ""基础财务指标偏弱"", ""历史相似结构与主路径冲突"", ""个股 Alpha 评分已接入""], ""market_context"": ""risk_off_pressure"", ""missing"": [""options_volatility"", ""single_stock_options""], ""price_close"": 7.639999866485596, ""sector_relative_strength_20d"": -0.2366, ""supporting"": [""近期公司新闻偏支持""]}","{""10d"": 7.37, ""1d"": 7.6, ""20d"": 7.33, ""3d"": 7.53, ""5d"": 7.47, ""60d"": 7.31}",,,,,,,,,,,,,,,,,,,,,,,,,,,not_yet_validated,pending,,,,,,,,,,,,false
37e0c6f3d5372b8648df,2026-07-16,stock,stock_baseline_v1,TSLA,TSLA,QQQ,391.05999755859375,stock_failed_bounce,0.2771,stock_downside_continuation,0.2232,stock_event_risk,0.1712,34.62,market_headwind,neutral,36.64,34.4,41.29,100,0,0.3794,-0.0208,0.1851,0.42,87.5,"{""expected"": 390.01, ""lower"": 380.64, ""upper"": 399.38}","{""bounce_target_zone"": {""base"": 402.48, ""conservative"": 402.48, ""extended"": 448.08, ""meaning"": ""概率反抽情景参考区间，不是目标价承诺。"", ""not_trading_instruction"": true, ""source"": ""scenario_path + atr + recent_resistance""}, ""breakdown_level"": {""confidence"": ""low"", ""distance_pct"": -0.0574, ""meaning"": ""跌破该价位说明个股跌破结构风险上升"", ""not_trading_instruction"": true, ""price"": 368.6, ""source"": ""recent_low + risk_activation""}, ""breakout_level"": {""confidence"": ""low"", ""distance_pct"": 0.1069, ""meaning"": ""突破该价位说明个股突破情景需要重新评估"", ""not_trading_instruction"": true, ""price"": 432.86, ""source"": ""recent_high + primary_confirmation""}, ""failed_bounce_warning_zone"": {""critical_warning"": 368.6, ""first_warning"": 382.5, ""meaning"": ""跌入该区间说明失败反抽风险上升。"", ""not_trading_instruction"": true, ""source"": ""risk_path + atr + recent_support""}, ""nearest_resistance"": {""confidence"": ""low"", ""distance_pct"": 0.0584, ""meaning"": ""最近阻力代理，来自近期高点和 ATR 区间"", ""not_trading_instruction"": true, ""price"": 413.9, ""source"": ""price_structure + volatility_band""}, ""nearest_support"": {""confidence"": ""low"", ""distance_pct"": -0.0389, ""meaning"": ""最近支撑代理，来自近期低点和 ATR 区间"", ""not_trading_instruction"": true, ""price"": 375.84, ""source"": ""price_structure + volatility_band""}, ""primary_confirmation_level"": {""confidence"": ""low"", ""distance_pct"": 0.1069, ""meaning"": ""站上该价位说明个股主路径正在兑现"", ""not_trading_instruction"": true, ""price"": 432.86, ""source"": ""price_structure + scenario_path""}, ""primary_invalidation_level"": {""confidence"": ""low"", ""distance_pct"": -0.0574, ""meaning"": ""跌破该价位说明个股主路径失效概率上升"", ""not_trading_instruction"": true, ""price"": 368.6, ""source"": ""recent_low + volatility_band""}, ""risk_scenario_activation_level"": {""confidence"": ""low"", ""distance_pct"": -0.0574, ""meaning"": ""跌破该价位说明个股风险路径权重上升"", ""not_trading_instruction"": true, ""price"": 368.6, ""source"": ""volatility_band""}, ""trend_repair_confirmation_level"": {""confidence"": ""low"", ""distance_pct"": 0.1069, ""meaning"": ""突破该价位说明个股趋势修复概率提高"", ""not_trading_instruction"": true, ""price"": 432.86, ""source"": ""recent_high + scenario_path""}}","{""conflicting"": [""大盘风险背景压低个股置信度"", ""价格结构与主路径冲突"", ""成交量不确认当前路径"", ""个股相对弱于大盘/benchmark"", ""公司新闻或财报事件风险上升"", ""财报日期临近"", ""历史相似结构与主路径冲突"", ""个股 Alpha 评分已接入"", ""主路径和第二路径差距较小""], ""market_context"": ""market_headwind"", ""missing"": [""options_volatility"", ""single_stock_options""], ""price_close"": 391.05999755859375, ""sector_relative_strength_20d"": -0.0242, ""supporting"": [""近期公司新闻偏正面。"", ""基础财务指标已接入且收入增长为正。""]}","{""10d"": 383.75, ""1d"": 390.01, ""20d"": 382.76, ""3d"": 388.13, ""5d"": 386.33, ""60d"": 382.91}",,,,,,,,,,,,,,,,,,,,,,,,,,,not_yet_validated,pending,,,,,,,,,,,,false
67515498d807be0ae183,2026-07-17,stock,stock_baseline_v1,CEG,CEG,SPY,252.38999938964844,stock_downside_continuation,0.2703,stock_failed_bounce,0.2529,stock_event_risk,0.1081,27.45,risk_off_pressure,conflicting,42.63,37.14,26.26,54.36,20.5,0.4152,-0.015,0.2181,0.32,87.5,"{""expected"": 251.92, ""lower"": 247.28, ""upper"": 256.55}","{""bounce_target_zone"": {""base"": 258.04, ""conservative"": 258.04, ""extended"": 290.31, ""meaning"": ""概率反抽情景参考区间，不是目标价承诺。"", ""not_trading_instruction"": true, ""source"": ""scenario_path + atr + recent_resistance""}, ""breakdown_level"": {""confidence"": ""low"", ""distance_pct"": -0.0941, ""meaning"": ""跌破该价位说明个股跌破结构风险上升"", ""not_trading_instruction"": true, ""price"": 228.63, ""source"": ""recent_low + risk_activation""}, ""breakout_level"": {""confidence"": ""low"", ""distance_pct"": 0.1204, ""meaning"": ""突破该价位说明个股突破情景需要重新评估"", ""not_trading_instruction"": true, ""price"": 282.77, ""source"": ""recent_high + primary_confirmation""}, ""failed_bounce_warning_zone"": {""critical_warning"": 228.63, ""first_warning"": 248.15, ""meaning"": ""跌入该区间说明失败反抽风险上升。"", ""not_trading_instruction"": true, ""source"": ""risk_path + atr + recent_support""}, ""nearest_resistance"": {""confidence"": ""low"", ""distance_pct"": 0.0448, ""meaning"": ""最近阻力代理，来自近期高点和 ATR 区间"", ""not_trading_instruction"": true, ""price"": 263.69, ""source"": ""price_structure + volatility_band""}, ""nearest_support"": {""confidence"": ""low"", ""distance_pct"": -0.0299, ""meaning"": ""最近支撑代理，来自近期低点和 ATR 区间"", ""not_trading_instruction"": true, ""price"": 244.85, ""source"": ""price_structure + volatility_band""}, ""primary_confirmation_level"": {""confidence"": ""low"", ""distance_pct"": 0.1204, ""meaning"": ""站上该价位说明个股主路径正在兑现"", ""not_trading_instruction"": true, ""price"": 282.77, ""source"": ""price_structure + scenario_path""}, ""primary_invalidation_level"": {""confidence"": ""low"", ""distance_pct"": -0.0941, ""meaning"": ""跌破该价位说明个股主路径失效概率上升"", ""not_trading_instruction"": true, ""price"": 228.63, ""source"": ""recent_low + volatility_band""}, ""risk_scenario_activation_level"": {""confidence"": ""low"", ""distance_pct"": -0.0941, ""meaning"": ""跌破该价位说明个股风险路径权重上升"", ""not_trading_instruction"": true, ""price"": 228.63, ""source"": ""volatility_band""}, ""trend_repair_confirmation_level"": {""confidence"": ""low"", ""distance_pct"": 0.1204, ""meaning"": ""突破该价位说明个股趋势修复概率提高"", ""not_trading_instruction"": true, ""price"": 282.77, ""source"": ""recent_high + scenario_path""}}","{""conflicting"": [""大盘风险背景压低个股置信度"", ""个股弱于所属板块"", ""成交量不确认当前路径"", ""个股相对弱于大盘/benchmark"", ""公司新闻或财报事件风险上升"", ""历史相似结构与主路径冲突"", ""个股 Alpha 评分已接入"", ""主路径和第二路径差距较小""], ""market_context"": ""risk_off_pressure"", ""missing"": [""options_volatility"", ""single_stock_options""], ""price_close"": 252.38999938964844, ""sector_relative_strength_20d"": -0.0713, ""supporting"": [""基础财务指标偏支持""]}","{""10d"": 249.06, ""1d"": 251.92, ""20d"": 248.58, ""3d"": 251.08, ""5d"": 250.26, ""60d"": 248.6}",,,,,,,,,,,,,,,,,,,,,,,,,,,not_yet_validated,pending,,,,,,,,,,,,false
52445e5ec97cb3bf8b36,2026-07-17,stock,stock_baseline_v1,NVDA,NVDA,QQQ,202.80999755859375,stock_failed_bounce,0.2719,stock_downside_continuation,0.1978,stock_event_risk,0.1471,44.77,risk_off_pressure,supportive,41.82,42.29,49.35,100,46.5,0.5889,-0.0123,0.1397,0.45,87.5,"{""expected"": 202.48, ""lower"": 198.87, ""upper"": 206.1}","{""bounce_target_zone"": {""base"": 207.22, ""conservative"": 207.22, ""extended"": 219.87, ""meaning"": ""概率反抽情景参考区间，不是目标价承诺。"", ""not_trading_instruction"": true, ""source"": ""scenario_path + atr + recent_resistance""}, ""breakdown_level"": {""confidence"": ""low"", ""distance_pct"": -0.0641, ""meaning"": ""跌破该价位说明个股跌破结构风险上升"", ""not_trading_instruction"": true, ""price"": 189.8, ""source"": ""recent_low + risk_activation""}, ""breakout_level"": {""confidence"": ""low"", ""distance_pct"": 0.0551, ""meaning"": ""突破该价位说明个股突破情景需要重新评估"", ""not_trading_instruction"": true, ""price"": 213.99, ""source"": ""recent_high + primary_confirmation""}, ""failed_bounce_warning_zone"": {""critical_warning"": 189.8, ""first_warning"": 199.5, ""meaning"": ""跌入该区间说明失败反抽风险上升。"", ""not_trading_instruction"": true, ""source"": ""risk_path + atr + recent_support""}, ""nearest_resistance"": {""confidence"": ""low"", ""distance_pct"": 0.0435, ""meaning"": ""最近阻力代理，来自近期高点和 ATR 区间"", ""not_trading_instruction"": true, ""price"": 211.63, ""source"": ""price_structure + volatility_band""}, ""nearest_support"": {""confidence"": ""low"", ""distance_pct"": -0.029, ""meaning"": ""最近支撑代理，来自近期低点和 ATR 区间"", ""not_trading_instruction"": true, ""price"": 196.93, ""source"": ""price_structure + volatility_band""}, ""primary_confirmation_level"": {""confidence"": ""low"", ""distance_pct"": 0.0551, ""meaning"": ""站上该价位说明个股主路径正在兑现"", ""not_trading_instruction"": true, ""price"": 213.99, ""source"": ""price_structure + scenario_path""}, ""primary_invalidation_level"": {""confidence"": ""low"", ""distance_pct"": -0.0641, ""meaning"": ""跌破该价位说明个股主路径失效概率上升"", ""not_trading_instruction"": true, ""price"": 189.8, ""source"": ""recent_low + volatility_band""}, ""risk_scenario_activation_level"": {""confidence"": ""low"", ""distance_pct"": -0.0641, ""meaning"": ""跌破该价位说明个股风险路径权重上升"", ""not_trading_instruction"": true, ""price"": 189.8, ""source"": ""volatility_band""}, ""trend_repair_confirmation_level"": {""confidence"": ""low"", ""distance_pct"": 0.0551, ""meaning"": ""突破该价位说明个股趋势修复概率提高"", ""not_trading_instruction"": true, ""price"": 213.99, ""source"": ""recent_high + scenario_path""}}","{""conflicting"": [""大盘风险背景压低个股置信度"", ""价格结构与主路径冲突"", ""公司新闻或财报事件风险上升"", ""个股 Alpha 评分已接入"", ""主路径和第二路径差距较小""], ""market_context"": ""risk_off_pressure"", ""missing"": [""options_volatility"", ""single_stock_options""], ""price_close"": 202.80999755859375, ""sector_relative_strength_20d"": 0.046, ""supporting"": [""个股跑赢所属板块"", ""基础财务指标偏支持""]}","{""10d"": 200.41, ""1d"": 202.48, ""20d"": 200.14, ""3d"": 201.87, ""5d"": 201.27, ""60d"": 200.31}",,,,,,,,,,,,,,,,,,,,,,,,,,,not_yet_validated,pending,,,,,,,,,,,,false
9c00437f7d85f5c054b5,2026-07-17,stock,stock_baseline_v1,SMR,SMR,IWM,7.71999979019165,stock_downside_continuation,0.3254,stock_failed_bounce,0.2311,stock_event_risk,0.1125,38.73,risk_off_pressure,conflicting,0,37.16,50.0,66.86,0,0.1658,-0.0427,0.4466,0.37,87.5,"{""expected"": 7.68, ""lower"": 7.34, ""upper"": 8.02}","{""bounce_target_zone"": {""base"": 8.13, ""conservative"": 8.13, ""extended"": 12.4, ""meaning"": ""概率反抽情景参考区间，不是目标价承诺。"", ""not_trading_instruction"": true, ""source"": ""scenario_path + atr + recent_resistance""}, ""breakdown_level"": {""confidence"": ""low"", ""distance_pct"": -0.0981, ""meaning"": ""跌破该价位说明个股跌破结构风险上升"", ""not_trading_instruction"": true, ""price"": 6.96, ""source"": ""recent_low + risk_activation""}, ""breakout_level"": {""confidence"": ""low"", ""distance_pct"": 0.535, ""meaning"": ""突破该价位说明个股突破情景需要重新评估"", ""not_trading_instruction"": true, ""price"": 11.85, ""source"": ""recent_high + primary_confirmation""}, ""failed_bounce_warning_zone"": {""critical_warning"": 7.21, ""first_warning"": 7.41, ""meaning"": ""跌入该区间说明失败反抽风险上升。"", ""not_trading_instruction"": true, ""source"": ""risk_path + atr + recent_support""}, ""nearest_resistance"": {""confidence"": ""low"", ""distance_pct"": 0.107, ""meaning"": ""最近阻力代理，来自近期高点和 ATR 区间"", ""not_trading_instruction"": true, ""price"": 8.55, ""source"": ""price_structure + volatility_band""}, ""nearest_support"": {""confidence"": ""low"", ""distance_pct"": -0.0661, ""meaning"": ""最近支撑代理，来自近期低点和 ATR 区间"", ""not_trading_instruction"": true, ""price"": 7.21, ""source"": ""price_structure + volatility_band""}, ""primary_confirmation_level"": {""confidence"": ""low"", ""distance_pct"": 0.535, ""meaning"": ""站上该价位说明个股主路径正在兑现"", ""not_trading_instruction"": true, ""price"": 11.85, ""source"": ""price_structure + scenario_path""}, ""primary_invalidation_level"": {""confidence"": ""low"", ""distance_pct"": -0.0661, ""meaning"": ""跌破该价位说明个股主路径失效概率上升"", ""not_trading_instruction"": true, ""price"": 7.21, ""source"": ""recent_low + volatility_band""}, ""risk_scenario_activation_level"": {""confidence"": ""low"", ""distance_pct"": -0.0981, ""meaning"": ""跌破该价位说明个股风险路径权重上升"", ""not_trading_instruction"": true, ""price"": 6.96, ""source"": ""volatility_band""}, ""trend_repair_confirmation_level"": {""confidence"": ""low"", ""distance_pct"": 0.535, ""meaning"": ""突破该价位说明个股趋势修复概率提高"", ""not_trading_instruction"": true, ""price"": 11.85, ""source"": ""recent_high + scenario_path""}}","{""conflicting"": [""大盘风险背景压低个股置信度"", ""个股弱于所属板块"", ""价格结构与主路径冲突"", ""成交量不确认当前路径"", ""基础财务指标偏弱"", ""历史相似结构与主路径冲突"", ""个股 Alpha 评分已接入""], ""market_context"": ""risk_off_pressure"", ""missing"": [""options_volatility"", ""single_stock_options""], ""price_close"": 7.71999979019165, ""sector_relative_strength_20d"": -0.2694, ""supporting"": [""近期公司新闻偏支持""]}","{""10d"": 7.45, ""1d"": 7.68, ""20d"": 7.4, ""3d"": 7.61, ""5d"": 7.54, ""60d"": 7.39}",,,,,,,,,,,,,,,,,,,,,,,,,,,not_yet_validated,pending,,,,,,,,,,,,false
495c76efefcf35dc232b,2026-07-17,stock,stock_baseline_v1,TSLA,TSLA,QQQ,380.8399963378906,stock_failed_bounce,0.283,stock_downside_continuation,0.2277,stock_event_risk,0.166,30.91,risk_off_pressure,conflicting,25.98,35.73,41.29,100,0,0.3787,-0.0214,0.1862,0.43,87.5,"{""expected"": 379.81, ""lower"": 370.63, ""upper"": 388.99}","{""bounce_target_zone"": {""base"": 392.03, ""conservative"": 392.03, ""extended"": 447.78, ""meaning"": ""概率反抽情景参考区间，不是目标价承诺。"", ""not_trading_instruction"": true, ""source"": ""scenario_path + atr + recent_resistance""}, ""breakdown_level"": {""confidence"": ""low"", ""distance_pct"": -0.0539, ""meaning"": ""跌破该价位说明个股跌破结构风险上升"", ""not_trading_instruction"": true, ""price"": 360.33, ""source"": ""recent_low + risk_activation""}, ""breakout_level"": {""confidence"": ""low"", ""distance_pct"": 0.1366, ""meaning"": ""突破该价位说明个股突破情景需要重新评估"", ""not_trading_instruction"": true, ""price"": 432.86, ""source"": ""recent_high + primary_confirmation""}, ""failed_bounce_warning_zone"": {""critical_warning"": 368.6, ""first_warning"": 372.45, ""meaning"": ""跌入该区间说明失败反抽风险上升。"", ""not_trading_instruction"": true, ""source"": ""risk_path + atr + recent_support""}, ""nearest_resistance"": {""confidence"": ""low"", ""distance_pct"": 0.0588, ""meaning"": ""最近阻力代理，来自近期高点和 ATR 区间"", ""not_trading_instruction"": true, ""price"": 403.22, ""source"": ""price_structure + volatility_band""}, ""nearest_support"": {""confidence"": ""low"", ""distance_pct"": -0.0321, ""meaning"": ""最近支撑代理，来自近期低点和 ATR 区间"", ""not_trading_instruction"": true, ""price"": 368.6, ""source"": ""price_structure + volatility_band""}, ""primary_confirmation_level"": {""confidence"": ""low"", ""distance_pct"": 0.1366, ""meaning"": ""站上该价位说明个股主路径正在兑现"", ""not_trading_instruction"": true, ""price"": 432.86, ""source"": ""price_structure + scenario_path""}, ""primary_invalidation_level"": {""confidence"": ""low"", ""distance_pct"": -0.0321, ""meaning"": ""跌破该价位说明个股主路径失效概率上升"", ""not_trading_instruction"": true, ""price"": 368.6, ""source"": ""recent_low + volatility_band""}, ""risk_scenario_activation_level"": {""confidence"": ""low"", ""distance_pct"": -0.0539, ""meaning"": ""跌破该价位说明个股风险路径权重上升"", ""not_trading_instruction"": true, ""price"": 360.33, ""source"": ""volatility_band""}, ""trend_repair_confirmation_level"": {""confidence"": ""low"", ""distance_pct"": 0.1366, ""meaning"": ""突破该价位说明个股趋势修复概率提高"", ""not_trading_instruction"": true, ""price"": 432.86, ""source"": ""recent_high + scenario_path""}}","{""conflicting"": [""大盘风险背景压低个股置信度"", ""个股弱于所属板块"", ""价格结构与主路径冲突"", ""成交量不确认当前路径"", ""个股相对弱于大盘/benchmark"", ""公司新闻或财报事件风险上升"", ""财报日期临近"", ""历史相似结构与主路径冲突"", ""个股 Alpha 评分已接入"", ""主路径和第二路径差距较小""], ""market_context"": ""risk_off_pressure"", ""missing"": [""options_volatility"", ""single_stock_options""], ""price_close"": 380.8399963378906, ""sector_relative_strength_20d"": -0.0388, ""supporting"": [""基础财务指标已接入且收入增长为正。""]}","{""10d"": 373.6, ""1d"": 379.81, ""20d"": 372.59, ""3d"": 377.95, ""5d"": 376.17, ""60d"": 372.7}",,,,,,,,,,,,,,,,,,,,,,,,,,,not_yet_validated,pending,,,,,,,,,,,,false
f074a551f7e994c9c5fc,2026-07-20,stock,stock_baseline_v1,CEG,CEG,SPY,253.5,stock_downside_continuation,0.274,stock_failed_bounce,0.259,stock_event_risk,0.1052,28.54,risk_off_pressure,conflicting,42.26,37.12,23.16,50.14,20.5,0.407,-0.0151,0.2146,0.3,87.5,"{""expected"": 253.03, ""lower"": 248.59, ""upper"": 257.47}","{""bounce_target_zone"": {""base"": 258.92, ""conservative"": 258.92, ""extended"": 286.97, ""meaning"": ""概率反抽情景参考区间，不是目标价承诺。"", ""not_trading_instruction"": true, ""source"": ""scenario_path + atr + recent_resistance""}, ""breakdown_level"": {""confidence"": ""low"", ""distance_pct"": -0.0981, ""meaning"": ""跌破该价位说明个股跌破结构风险上升"", ""not_trading_instruction"": true, ""price"": 228.63, ""source"": ""recent_low + risk_activation""}, ""breakout_level"": {""confidence"": ""low"", ""distance_pct"": 0.1035, ""meaning"": ""突破该价位说明个股突破情景需要重新评估"", ""not_trading_instruction"": true, ""price"": 279.74, ""source"": ""recent_high + primary_confirmation""}, ""failed_bounce_warning_zone"": {""critical_warning"": 228.63, ""first_warning"": 249.43, ""meaning"": ""跌入该区间说明失败反抽风险上升。"", ""not_trading_instruction"": true, ""source"": ""risk_path + atr + recent_support""}, ""nearest_resistance"": {""confidence"": ""low"", ""distance_pct"": 0.0428, ""meaning"": ""最近阻力代理，来自近期高点和 ATR 区间"", ""not_trading_instruction"": true, ""price"": 264.34, ""source"": ""price_structure + volatility_band""}, ""nearest_support"": {""confidence"": ""low"", ""distance_pct"": -0.0285, ""meaning"": ""最近支撑代理，来自近期低点和 ATR 区间"", ""not_trading_instruction"": true, ""price"": 246.27, ""source"": ""price_structure + volatility_band""}, ""primary_confirmation_level"": {""confidence"": ""low"", ""distance_pct"": 0.1035, ""meaning"": ""站上该价位说明个股主路径正在兑现"", ""not_trading_instruction"": true, ""price"": 279.74, ""source"": ""price_structure + scenario_path""}, ""primary_invalidation_level"": {""confidence"": ""low"", ""distance_pct"": -0.0981, ""meaning"": ""跌破该价位说明个股主路径失效概率上升"", ""not_trading_instruction"": true, ""price"": 228.63, ""source"": ""recent_low + volatility_band""}, ""risk_scenario_activation_level"": {""confidence"": ""low"", ""distance_pct"": -0.0981, ""meaning"": ""跌破该价位说明个股风险路径权重上升"", ""not_trading_instruction"": true, ""price"": 228.63, ""source"": ""volatility_band""}, ""trend_repair_confirmation_level"": {""confidence"": ""low"", ""distance_pct"": 0.1035, ""meaning"": ""突破该价位说明个股趋势修复概率提高"", ""not_trading_instruction"": true, ""price"": 279.74, ""source"": ""recent_high + scenario_path""}}","{""conflicting"": [""大盘风险背景压低个股置信度"", ""个股弱于所属板块"", ""成交量不确认当前路径"", ""个股相对弱于大盘/benchmark"", ""个股 Alpha 评分已接入"", ""主路径和第二路径差距较小""], ""market_context"": ""risk_off_pressure"", ""missing"": [""options_volatility"", ""single_stock_options""], ""price_close"": 253.5, ""sector_relative_strength_20d"": -0.079, ""supporting"": [""基础财务指标偏支持""]}","{""10d"": 250.19, ""1d"": 253.03, ""20d"": 249.7, ""3d"": 252.2, ""5d"": 251.38, ""60d"": 249.68}",,,,,,,,,,,,,,,,,,,,,,,,,,,not_yet_validated,pending,,,,,,,,,,,,false
4cacc07deb0a34e37cf0,2026-07-20,stock,stock_baseline_v1,NVDA,NVDA,QQQ,203.27999877929688,stock_failed_bounce,0.2576,stock_downside_continuation,0.2196,stock_event_risk,0.152,45.28,risk_off_pressure,supportive,48.08,27.64,49.22,100,44.5,0.578,-0.0126,0.1377,0.46,87.5,"{""expected"": 202.93, ""lower"": 199.35, ""upper"": 206.51}","{""bounce_target_zone"": {""base"": 207.65, ""conservative"": 207.65, ""extended"": 219.82, ""meaning"": ""概率反抽情景参考区间，不是目标价承诺。"", ""not_trading_instruction"": true, ""source"": ""scenario_path + atr + recent_resistance""}, ""breakdown_level"": {""confidence"": ""low"", ""distance_pct"": -0.0663, ""meaning"": ""跌破该价位说明个股跌破结构风险上升"", ""not_trading_instruction"": true, ""price"": 189.8, ""source"": ""recent_low + risk_activation""}, ""breakout_level"": {""confidence"": ""low"", ""distance_pct"": 0.0527, ""meaning"": ""突破该价位说明个股突破情景需要重新评估"", ""not_trading_instruction"": true, ""price"": 213.99, ""source"": ""recent_high + primary_confirmation""}, ""failed_bounce_warning_zone"": {""critical_warning"": 189.8, ""first_warning"": 200.0, ""meaning"": ""跌入该区间说明失败反抽风险上升。"", ""not_trading_instruction"": true, ""source"": ""risk_path + atr + recent_support""}, ""nearest_resistance"": {""confidence"": ""low"", ""distance_pct"": 0.043, ""meaning"": ""最近阻力代理，来自近期高点和 ATR 区间"", ""not_trading_instruction"": true, ""price"": 212.02, ""source"": ""price_structure + volatility_band""}, ""nearest_support"": {""confidence"": ""low"", ""distance_pct"": -0.0287, ""meaning"": ""最近支撑代理，来自近期低点和 ATR 区间"", ""not_trading_instruction"": true, ""price"": 197.45, ""source"": ""price_structure + volatility_band""}, ""primary_confirmation_level"": {""confidence"": ""low"", ""distance_pct"": 0.0527, ""meaning"": ""站上该价位说明个股主路径正在兑现"", ""not_trading_instruction"": true, ""price"": 213.99, ""source"": ""price_structure + scenario_path""}, ""primary_invalidation_level"": {""confidence"": ""low"", ""distance_pct"": -0.0663, ""meaning"": ""跌破该价位说明个股主路径失效概率上升"", ""not_trading_instruction"": true, ""price"": 189.8, ""source"": ""recent_low + volatility_band""}, ""risk_scenario_activation_level"": {""confidence"": ""low"", ""distance_pct"": -0.0663, ""meaning"": ""跌破该价位说明个股风险路径权重上升"", ""not_trading_instruction"": true, ""price"": 189.8, ""source"": ""volatility_band""}, ""trend_repair_confirmation_level"": {""confidence"": ""low"", ""distance_pct"": 0.0527, ""meaning"": ""突破该价位说明个股趋势修复概率提高"", ""not_trading_instruction"": true, ""price"": 213.99, ""source"": ""recent_high + scenario_path""}}","{""conflicting"": [""大盘风险背景压低个股置信度"", ""成交量不确认当前路径"", ""公司新闻或财报事件风险上升"", ""个股 Alpha 评分已接入"", ""主路径和第二路径差距较小""], ""market_context"": ""risk_off_pressure"", ""missing"": [""options_volatility"", ""single_stock_options""], ""price_close"": 203.27999877929688, ""sector_relative_strength_20d"": 0.047, ""supporting"": [""个股跑赢所属板块"", ""基础财务指标偏支持"", ""历史相似结构支持主路径""]}","{""10d"": 200.84, ""1d"": 202.93, ""20d"": 200.55, ""3d"": 202.31, ""5d"": 201.7, ""60d"": 200.71}",,,,,,,,,,,,,,,,,,,,,,,,,,,not_yet_validated,pending,,,,,,,,,,,,false
f5601f8194013f4d2e1e,2026-07-20,stock,stock_baseline_v1,SMR,SMR,IWM,7.960000038146973,stock_downside_continuation,0.3551,stock_failed_bounce,0.1913,stock_event_risk,0.113,41.56,risk_off_pressure,conflicting,0,47.39,50.0,49.24,0,0.1313,-0.0402,0.4294,0.37,87.5,"{""expected"": 7.92, ""lower"": 7.59, ""upper"": 8.25}","{""bounce_target_zone"": {""base"": 8.37, ""conservative"": 8.37, ""extended"": 12.39, ""meaning"": ""概率反抽情景参考区间，不是目标价承诺。"", ""not_trading_instruction"": true, ""source"": ""scenario_path + atr + recent_resistance""}, ""breakdown_level"": {""confidence"": ""low"", ""distance_pct"": -0.0942, ""meaning"": ""跌破该价位说明个股跌破结构风险上升"", ""not_trading_instruction"": true, ""price"": 7.21, ""source"": ""recent_low + risk_activation""}, ""breakout_level"": {""confidence"": ""low"", ""distance_pct"": 0.4887, ""meaning"": ""突破该价位说明个股突破情景需要重新评估"", ""not_trading_instruction"": true, ""price"": 11.85, ""source"": ""recent_high + primary_confirmation""}, ""failed_bounce_warning_zone"": {""critical_warning"": 7.21, ""first_warning"": 7.66, ""meaning"": ""跌入该区间说明失败反抽风险上升。"", ""not_trading_instruction"": true, ""source"": ""risk_path + atr + recent_support""}, ""nearest_resistance"": {""confidence"": ""low"", ""distance_pct"": 0.1018, ""meaning"": ""最近阻力代理，来自近期高点和 ATR 区间"", ""not_trading_instruction"": true, ""price"": 8.77, ""source"": ""price_structure + volatility_band""}, ""nearest_support"": {""confidence"": ""low"", ""distance_pct"": -0.0679, ""meaning"": ""最近支撑代理，来自近期低点和 ATR 区间"", ""not_trading_instruction"": true, ""price"": 7.42, ""source"": ""price_structure + volatility_band""}, ""primary_confirmation_level"": {""confidence"": ""low"", ""distance_pct"": 0.4887, ""meaning"": ""站上该价位说明个股主路径正在兑现"", ""not_trading_instruction"": true, ""price"": 11.85, ""source"": ""price_structure + scenario_path""}, ""primary_invalidation_level"": {""confidence"": ""low"", ""distance_pct"": -0.0942, ""meaning"": ""跌破该价位说明个股主路径失效概率上升"", ""not_trading_instruction"": true, ""price"": 7.21, ""source"": ""recent_low + volatility_band""}, ""risk_scenario_activation_level"": {""confidence"": ""low"", ""distance_pct"": -0.0942, ""meaning"": ""跌破该价位说明个股风险路径权重上升"", ""not_trading_instruction"": true, ""price"": 7.21, ""source"": ""volatility_band""}, ""trend_repair_confirmation_level"": {""confidence"": ""low"", ""distance_pct"": 0.4887, ""meaning"": ""突破该价位说明个股趋势修复概率提高"", ""not_trading_instruction"": true, ""price"": 11.85, ""source"": ""recent_high + scenario_path""}}","{""conflicting"": [""大盘风险背景压低个股置信度"", ""个股弱于所属板块"", ""价格结构与主路径冲突"", ""公司新闻或财报事件风险上升"", ""基础财务指标偏弱"", ""历史相似结构与主路径冲突"", ""个股 Alpha 评分已接入""], ""market_context"": ""risk_off_pressure"", ""missing"": [""options_volatility"", ""single_stock_options""], ""price_close"": 7.960000038146973, ""sector_relative_strength_20d"": -0.326, ""supporting"": [""主路径概率相对领先""]}","{""10d"": 7.7, ""1d"": 7.92, ""20d"": 7.65, ""3d"": 7.85, ""5d"": 7.79, ""60d"": 7.64}",,,,,,,,,,,,,,,,,,,,,,,,,,,not_yet_validated,pending,,,,,,,,,,,,false
e51b6e038c7d5dacd0cd,2026-07-20,stock,stock_baseline_v1,TSLA,TSLA,QQQ,369.57000732421875,stock_failed_bounce,0.2721,stock_downside_continuation,0.247,stock_event_risk,0.159,29.77,risk_off_pressure,conflicting,19.23,38.18,37.14,100,0,0.3664,-0.0212,0.1794,0.44,87.5,"{""expected"": 368.58, ""lower"": 360.0, ""upper"": 377.16}","{""bounce_target_zone"": {""base"": 380.03, ""conservative"": 380.03, ""extended"": 446.81, ""meaning"": ""概率反抽情景参考区间，不是目标价承诺。"", ""not_trading_instruction"": true, ""source"": ""scenario_path + atr + recent_resistance""}, ""breakdown_level"": {""confidence"": ""low"", ""distance_pct"": -0.0519, ""meaning"": ""跌破该价位说明个股跌破结构风险上升"", ""not_trading_instruction"": true, ""price"": 350.39, ""source"": ""recent_low + risk_activation""}, ""breakout_level"": {""confidence"": ""low"", ""distance_pct"": 0.1713, ""meaning"": ""突破该价位说明个股突破情景需要重新评估"", ""not_trading_instruction"": true, ""price"": 432.86, ""source"": ""recent_high + primary_confirmation""}, ""failed_bounce_warning_zone"": {""critical_warning"": 358.23, ""first_warning"": 361.72, ""meaning"": ""跌入该区间说明失败反抽风险上升。"", ""not_trading_instruction"": true, ""source"": ""risk_path + atr + recent_support""}, ""nearest_resistance"": {""confidence"": ""low"", ""distance_pct"": 0.0566, ""meaning"": ""最近阻力代理，来自近期高点和 ATR 区间"", ""not_trading_instruction"": true, ""price"": 390.5, ""source"": ""price_structure + volatility_band""}, ""nearest_support"": {""confidence"": ""low"", ""distance_pct"": -0.0026, ""meaning"": ""最近支撑代理，来自近期低点和 ATR 区间"", ""not_trading_instruction"": true, ""price"": 368.6, ""source"": ""price_structure + volatility_band""}, ""primary_confirmation_level"": {""confidence"": ""low"", ""distance_pct"": 0.1713, ""meaning"": ""站上该价位说明个股主路径正在兑现"", ""not_trading_instruction"": true, ""price"": 432.86, ""source"": ""price_structure + scenario_path""}, ""primary_invalidation_level"": {""confidence"": ""low"", ""distance_pct"": -0.0307, ""meaning"": ""跌破该价位说明个股主路径失效概率上升"", ""not_trading_instruction"": true, ""price"": 358.23, ""source"": ""recent_low + volatility_band""}, ""risk_scenario_activation_level"": {""confidence"": ""low"", ""distance_pct"": -0.0519, ""meaning"": ""跌破该价位说明个股风险路径权重上升"", ""not_trading_instruction"": true, ""price"": 350.39, ""source"": ""volatility_band""}, ""trend_repair_confirmation_level"": {""confidence"": ""low"", ""distance_pct"": 0.1713, ""meaning"": ""突破该价位说明个股趋势修复概率提高"", ""not_trading_instruction"": true, ""price"": 432.86, ""source"": ""recent_high + scenario_path""}}","{""conflicting"": [""大盘风险背景压低个股置信度"", ""个股弱于所属板块"", ""价格结构与主路径冲突"", ""成交量不确认当前路径"", ""个股相对弱于大盘/benchmark"", ""公司新闻或财报事件风险上升"", ""财报日期临近"", ""历史相似结构与主路径冲突"", ""个股 Alpha 评分已接入"", ""主路径和第二路径差距较小""], ""market_context"": ""risk_off_pressure"", ""missing"": [""options_volatility"", ""single_stock_options""], ""price_close"": 369.57000732421875, ""sector_relative_strength_20d"": -0.0554, ""supporting"": [""基础财务指标已接入且收入增长为正。""]}","{""10d"": 362.73, ""1d"": 368.58, ""20d"": 361.73, ""3d"": 366.83, ""5d"": 365.15, ""60d"": 361.72}",,,,,,,,,,,,,,,,,,,,,,,,,,,not_yet_validated,pending,,,,,,,,,,,,false
1ea10ce4ca9475e02eb6,2026-07-21,stock,stock_baseline_v1,CEG,CEG,SPY,262.2200012207031,stock_failed_bounce,0.2734,stock_downside_continuation,0.2448,stock_event_risk,0.1419,30.42,risk_off_pressure,conflicting,57.92,39.04,25.91,68.06,17.5,0.4072,-0.0148,0.1876,0.29,87.5,"{""expected"": 261.73, ""lower"": 257.41, ""upper"": 266.05}","{""bounce_target_zone"": {""base"": 267.49, ""conservative"": 267.49, ""extended"": 282.84, ""meaning"": ""概率反抽情景参考区间，不是目标价承诺。"", ""not_trading_instruction"": true, ""source"": ""scenario_path + atr + recent_resistance""}, ""breakdown_level"": {""confidence"": ""low"", ""distance_pct"": -0.1281, ""meaning"": ""跌破该价位说明个股跌破结构风险上升"", ""not_trading_instruction"": true, ""price"": 228.63, ""source"": ""recent_low + risk_activation""}, ""breakout_level"": {""confidence"": ""low"", ""distance_pct"": 0.0518, ""meaning"": ""突破该价位说明个股突破情景需要重新评估"", ""not_trading_instruction"": true, ""price"": 275.81, ""source"": ""recent_high + primary_confirmation""}, ""failed_bounce_warning_zone"": {""critical_warning"": 228.63, ""first_warning"": 258.26, ""meaning"": ""跌入该区间说明失败反抽风险上升。"", ""not_trading_instruction"": true, ""source"": ""risk_path + atr + recent_support""}, ""nearest_resistance"": {""confidence"": ""low"", ""distance_pct"": 0.0402, ""meaning"": ""最近阻力代理，来自近期高点和 ATR 区间"", ""not_trading_instruction"": true, ""price"": 272.77, ""source"": ""price_structure + volatility_band""}, ""nearest_support"": {""confidence"": ""low"", ""distance_pct"": -0.0268, ""meaning"": ""最近支撑代理，来自近期低点和 ATR 区间"", ""not_trading_instruction"": true, ""price"": 255.19, ""source"": ""price_structure + volatility_band""}, ""primary_confirmation_level"": {""confidence"": ""low"", ""distance_pct"": 0.0518, ""meaning"": ""站上该价位说明个股主路径正在兑现"", ""not_trading_instruction"": true, ""price"": 275.81, ""source"": ""price_structure + scenario_path""}, ""primary_invalidation_level"": {""confidence"": ""low"", ""distance_pct"": -0.1281, ""meaning"": ""跌破该价位说明个股主路径失效概率上升"", ""not_trading_instruction"": true, ""price"": 228.63, ""source"": ""recent_low + volatility_band""}, ""risk_scenario_activation_level"": {""confidence"": ""low"", ""distance_pct"": -0.1281, ""meaning"": ""跌破该价位说明个股风险路径权重上升"", ""not_trading_instruction"": true, ""price"": 228.63, ""source"": ""volatility_band""}, ""trend_repair_confirmation_level"": {""confidence"": ""low"", ""distance_pct"": 0.0518, ""meaning"": ""突破该价位说明个股趋势修复概率提高"", ""not_trading_instruction"": true, ""price"": 275.81, ""source"": ""recent_high + scenario_path""}}","{""conflicting"": [""大盘风险背景压低个股置信度"", ""个股弱于所属板块"", ""成交量不确认当前路径"", ""个股相对弱于大盘/benchmark"", ""公司新闻或财报事件风险上升"", ""历史相似结构与主路径冲突"", ""个股 Alpha 评分已接入"", ""主路径和第二路径差距较小""], ""market_context"": ""risk_off_pressure"", ""missing"": [""options_volatility"", ""single_stock_options""], ""price_close"": 262.2200012207031, ""sector_relative_strength_20d"": -0.0528, ""supporting"": [""基础财务指标偏支持""]}","{""10d"": 258.81, ""1d"": 261.73, ""20d"": 258.32, ""3d"": 260.86, ""5d"": 260.01, ""60d"": 258.35}",,,,,,,,,,,,,,,,,,,,,,,,,,,not_yet_validated,pending,,,,,,,,,,,,false
d9bffcacf56ffce7ddcd,2026-07-21,stock,stock_baseline_v1,NVDA,NVDA,QQQ,207.2899932861328,stock_failed_bounce,0.2684,stock_downside_continuation,0.1922,stock_event_risk,0.1501,46.62,risk_off_pressure,supportive,50.85,32.43,51.39,100,46.5,0.5922,-0.0115,0.133,0.45,87.5,"{""expected"": 206.97, ""lower"": 203.4, ""upper"": 210.54}","{""bounce_target_zone"": {""base"": 211.65, ""conservative"": 211.65, ""extended"": 219.62, ""meaning"": ""概率反抽情景参考区间，不是目标价承诺。"", ""not_trading_instruction"": true, ""source"": ""scenario_path + atr + recent_resistance""}, ""breakdown_level"": {""confidence"": ""low"", ""distance_pct"": -0.0844, ""meaning"": ""跌破该价位说明个股跌破结构风险上升"", ""not_trading_instruction"": true, ""price"": 189.8, ""source"": ""recent_low + risk_activation""}, ""breakout_level"": {""confidence"": ""low"", ""distance_pct"": 0.0315, ""meaning"": ""突破该价位说明个股突破情景需要重新评估"", ""not_trading_instruction"": true, ""price"": 213.81, ""source"": ""recent_high + primary_confirmation""}, ""failed_bounce_warning_zone"": {""critical_warning"": 189.8, ""first_warning"": 204.02, ""meaning"": ""跌入该区间说明失败反抽风险上升。"", ""not_trading_instruction"": true, ""source"": ""risk_path + atr + recent_support""}, ""nearest_resistance"": {""confidence"": ""low"", ""distance_pct"": 0.0315, ""meaning"": ""最近阻力代理，来自近期高点和 ATR 区间"", ""not_trading_instruction"": true, ""price"": 213.81, ""source"": ""price_structure + volatility_band""}, ""nearest_support"": {""confidence"": ""low"", ""distance_pct"": -0.028, ""meaning"": ""最近支撑代理，来自近期低点和 ATR 区间"", ""not_trading_instruction"": true, ""price"": 201.48, ""source"": ""price_structure + volatility_band""}, ""primary_confirmation_level"": {""confidence"": ""low"", ""distance_pct"": 0.0315, ""meaning"": ""站上该价位说明个股主路径正在兑现"", ""not_trading_instruction"": true, ""price"": 213.81, ""source"": ""price_structure + scenario_path""}, ""primary_invalidation_level"": {""confidence"": ""low"", ""distance_pct"": -0.0844, ""meaning"": ""跌破该价位说明个股主路径失效概率上升"", ""not_trading_instruction"": true, ""price"": 189.8, ""source"": ""recent_low + volatility_band""}, ""risk_scenario_activation_level"": {""confidence"": ""low"", ""distance_pct"": -0.0844, ""meaning"": ""跌破该价位说明个股风险路径权重上升"", ""not_trading_instruction"": true, ""price"": 189.8, ""source"": ""volatility_band""}, ""trend_repair_confirmation_level"": {""confidence"": ""low"", ""distance_pct"": 0.0315, ""meaning"": ""突破该价位说明个股趋势修复概率提高"", ""not_trading_instruction"": true, ""price"": 213.81, ""source"": ""recent_high + scenario_path""}}","{""conflicting"": [""大盘风险背景压低个股置信度"", ""成交量不确认当前路径"", ""公司新闻或财报事件风险上升"", ""个股 Alpha 评分已接入"", ""主路径和第二路径差距较小""], ""market_context"": ""risk_off_pressure"", ""missing"": [""options_volatility"", ""single_stock_options""], ""price_close"": 207.2899932861328, ""sector_relative_strength_20d"": 0.0527, ""supporting"": [""个股跑赢所属板块"", ""基础财务指标偏支持"", ""历史相似结构支持主路径""]}","{""10d"": 204.96, ""1d"": 206.97, ""20d"": 204.72, ""3d"": 206.38, ""5d"": 205.79, ""60d"": 204.91}",,,,,,,,,,,,,,,,,,,,,,,,,,,not_yet_validated,pending,,,,,,,,,,,,false
e1fa43812a5cb1af1873,2026-07-21,stock,stock_baseline_v1,SMR,SMR,IWM,8.710000038146973,stock_downside_continuation,0.3241,stock_failed_bounce,0.1908,stock_event_risk,0.1229,35.5,risk_off_pressure,conflicting,24.97,48.93,50.0,51.8,0,0.2043,-0.0321,0.3756,0.41,87.5,"{""expected"": 8.67, ""lower"": 8.33, ""upper"": 9.01}","{""bounce_target_zone"": {""base"": 9.12, ""conservative"": 9.12, ""extended"": 12.37, ""meaning"": ""概率反抽情景参考区间，不是目标价承诺。"", ""not_trading_instruction"": true, ""source"": ""scenario_path + atr + recent_resistance""}, ""breakdown_level"": {""confidence"": ""low"", ""distance_pct"": -0.1722, ""meaning"": ""跌破该价位说明个股跌破结构风险上升"", ""not_trading_instruction"": true, ""price"": 7.21, ""source"": ""recent_low + risk_activation""}, ""breakout_level"": {""confidence"": ""low"", ""distance_pct"": 0.3571, ""meaning"": ""突破该价位说明个股突破情景需要重新评估"", ""not_trading_instruction"": true, ""price"": 11.82, ""source"": ""recent_high + primary_confirmation""}, ""failed_bounce_warning_zone"": {""critical_warning"": 7.21, ""first_warning"": 8.4, ""meaning"": ""跌入该区间说明失败反抽风险上升。"", ""not_trading_instruction"": true, ""source"": ""risk_path + atr + recent_support""}, ""nearest_resistance"": {""confidence"": ""low"", ""distance_pct"": 0.0946, ""meaning"": ""最近阻力代理，来自近期高点和 ATR 区间"", ""not_trading_instruction"": true, ""price"": 9.53, ""source"": ""price_structure + volatility_band""}, ""nearest_support"": {""confidence"": ""low"", ""distance_pct"": -0.0631, ""meaning"": ""最近支撑代理，来自近期低点和 ATR 区间"", ""not_trading_instruction"": true, ""price"": 8.16, ""source"": ""price_structure + volatility_band""}, ""primary_confirmation_level"": {""confidence"": ""low"", ""distance_pct"": 0.3571, ""meaning"": ""站上该价位说明个股主路径正在兑现"", ""not_trading_instruction"": true, ""price"": 11.82, ""source"": ""price_structure + scenario_path""}, ""primary_invalidation_level"": {""confidence"": ""low"", ""distance_pct"": -0.1722, ""meaning"": ""跌破该价位说明个股主路径失效概率上升"", ""not_trading_instruction"": true, ""price"": 7.21, ""source"": ""recent_low + volatility_band""}, ""risk_scenario_activation_level"": {""confidence"": ""low"", ""distance_pct"": -0.1722, ""meaning"": ""跌破该价位说明个股风险路径权重上升"", ""not_trading_instruction"": true, ""price"": 7.21, ""source"": ""volatility_band""}, ""trend_repair_confirmation_level"": {""confidence"": ""low"", ""distance_pct"": 0.3571, ""meaning"": ""突破该价位说明个股趋势修复概率提高"", ""not_trading_instruction"": true, ""price"": 11.82, ""source"": ""recent_high + scenario_path""}}","{""conflicting"": [""大盘风险背景压低个股置信度"", ""个股弱于所属板块"", ""价格结构与主路径冲突"", ""公司新闻或财报事件风险上升"", ""基础财务指标偏弱"", ""历史相似结构与主路径冲突"", ""个股 Alpha 评分已接入""], ""market_context"": ""risk_off_pressure"", ""missing"": [""options_volatility"", ""single_stock_options""], ""price_close"": 8.710000038146973, ""sector_relative_strength_20d"": -0.2296, ""supporting"": [""当前没有足够强的多源支持证据。""]}","{""10d"": 8.47, ""1d"": 8.67, ""20d"": 8.43, ""3d"": 8.61, ""5d"": 8.55, ""60d"": 8.43}",,,,,,,,,,,,,,,,,,,,,,,,,,,not_yet_validated,pending,,,,,,,,,,,,false
6e07aeee79f2bef4cea4,2026-07-21,stock,stock_baseline_v1,TSLA,TSLA,QQQ,378.92999267578125,stock_failed_bounce,0.2713,stock_downside_continuation,0.2408,stock_event_risk,0.1634,31.27,risk_off_pressure,conflicting,29.33,37.58,38.76,100,0,0.3598,-0.02,0.1721,0.44,87.5,"{""expected"": 377.97, ""lower"": 369.52, ""upper"": 386.41}","{""bounce_target_zone"": {""base"": 389.23, ""conservative"": 389.23, ""extended"": 446.59, ""meaning"": ""概率反抽情景参考区间，不是目标价承诺。"", ""not_trading_instruction"": true, ""source"": ""scenario_path + atr + recent_resistance""}, ""breakdown_level"": {""confidence"": ""low"", ""distance_pct"": -0.0498, ""meaning"": ""跌破该价位说明个股跌破结构风险上升"", ""not_trading_instruction"": true, ""price"": 360.05, ""source"": ""recent_low + risk_activation""}, ""breakout_level"": {""confidence"": ""low"", ""distance_pct"": 0.1423, ""meaning"": ""突破该价位说明个股突破情景需要重新评估"", ""not_trading_instruction"": true, ""price"": 432.86, ""source"": ""recent_high + primary_confirmation""}, ""failed_bounce_warning_zone"": {""critical_warning"": 367.78, ""first_warning"": 371.21, ""meaning"": ""跌入该区间说明失败反抽风险上升。"", ""not_trading_instruction"": true, ""source"": ""risk_path + atr + recent_support""}, ""nearest_resistance"": {""confidence"": ""low"", ""distance_pct"": 0.0543, ""meaning"": ""最近阻力代理，来自近期高点和 ATR 区间"", ""not_trading_instruction"": true, ""price"": 399.52, ""source"": ""price_structure + volatility_band""}, ""nearest_support"": {""confidence"": ""low"", ""distance_pct"": -0.0273, ""meaning"": ""最近支撑代理，来自近期低点和 ATR 区间"", ""not_trading_instruction"": true, ""price"": 368.6, ""source"": ""price_structure + volatility_band""}, ""primary_confirmation_level"": {""confidence"": ""low"", ""distance_pct"": 0.1423, ""meaning"": ""站上该价位说明个股主路径正在兑现"", ""not_trading_instruction"": true, ""price"": 432.86, ""source"": ""price_structure + scenario_path""}, ""primary_invalidation_level"": {""confidence"": ""low"", ""distance_pct"": -0.0294, ""meaning"": ""跌破该价位说明个股主路径失效概率上升"", ""not_trading_instruction"": true, ""price"": 367.78, ""source"": ""recent_low + volatility_band""}, ""risk_scenario_activation_level"": {""confidence"": ""low"", ""distance_pct"": -0.0498, ""meaning"": ""跌破该价位说明个股风险路径权重上升"", ""not_trading_instruction"": true, ""price"": 360.05, ""source"": ""volatility_band""}, ""trend_repair_confirmation_level"": {""confidence"": ""low"", ""distance_pct"": 0.1423, ""meaning"": ""突破该价位说明个股趋势修复概率提高"", ""not_trading_instruction"": true, ""price"": 432.86, ""source"": ""recent_high + scenario_path""}}","{""conflicting"": [""大盘风险背景压低个股置信度"", ""个股弱于所属板块"", ""价格结构与主路径冲突"", ""成交量不确认当前路径"", ""个股相对弱于大盘/benchmark"", ""公司新闻或财报事件风险上升"", ""财报日期临近"", ""历史相似结构与主路径冲突"", ""个股 Alpha 评分已接入"", ""主路径和第二路径差距较小""], ""market_context"": ""risk_off_pressure"", ""missing"": [""options_volatility"", ""single_stock_options""], ""price_close"": 378.92999267578125, ""sector_relative_strength_20d"": -0.0639, ""supporting"": [""近期公司新闻偏正面。"", ""基础财务指标已接入且收入增长为正。""]}","{""10d"": 372.26, ""1d"": 377.97, ""20d"": 371.31, ""3d"": 376.25, ""5d"": 374.62, ""60d"": 371.36}",,,,,,,,,,,,,,,,,,,,,,,,,,,not_yet_validated,pending,,,,,,,,,,,,false
9d053a4b1e065d12bd12,2026-07-22,stock,stock_baseline_v1,CEG,CEG,SPY,274.8999938964844,stock_failed_bounce,0.2733,stock_downside_continuation,0.2319,stock_event_risk,0.1105,43.42,risk_off_pressure,neutral,77.69,59.67,34.39,72,29.5,0.4966,-0.0117,0.1483,0.35,87.5,"{""expected"": 274.5, ""lower"": 270.39, ""upper"": 278.61}","{""bounce_target_zone"": {""base"": 279.91, ""conservative"": 279.91, ""extended"": 282.5, ""meaning"": ""概率反抽情景参考区间，不是目标价承诺。"", ""not_trading_instruction"": true, ""source"": ""scenario_path + atr + recent_resistance""}, ""breakdown_level"": {""confidence"": ""low"", ""distance_pct"": -0.1683, ""meaning"": ""跌破该价位说明个股跌破结构风险上升"", ""not_trading_instruction"": true, ""price"": 228.63, ""source"": ""recent_low + risk_activation""}, ""breakout_level"": {""confidence"": ""low"", ""distance_pct"": 0.0137, ""meaning"": ""突破该价位说明个股突破情景需要重新评估"", ""not_trading_instruction"": true, ""price"": 278.66, ""source"": ""recent_high + primary_confirmation""}, ""failed_bounce_warning_zone"": {""critical_warning"": 228.63, ""first_warning"": 271.14, ""meaning"": ""跌入该区间说明失败反抽风险上升。"", ""not_trading_instruction"": true, ""source"": ""risk_path + atr + recent_support""}, ""nearest_resistance"": {""confidence"": ""low"", ""distance_pct"": 0.0033, ""meaning"": ""最近阻力代理，来自近期高点和 ATR 区间"", ""not_trading_instruction"": true, ""price"": 275.81, ""source"": ""price_structure + volatility_band""}, ""nearest_support"": {""confidence"": ""low"", ""distance_pct"": -0.0243, ""meaning"": ""最近支撑代理，来自近期低点和 ATR 区间"", ""not_trading_instruction"": true, ""price"": 268.21, ""source"": ""price_structure + volatility_band""}, ""primary_confirmation_level"": {""confidence"": ""low"", ""distance_pct"": 0.0137, ""meaning"": ""站上该价位说明个股主路径正在兑现"", ""not_trading_instruction"": true, ""price"": 278.66, ""source"": ""price_structure + scenario_path""}, ""primary_invalidation_level"": {""confidence"": ""low"", ""distance_pct"": -0.1683, ""meaning"": ""跌破该价位说明个股主路径失效概率上升"", ""not_trading_instruction"": true, ""price"": 228.63, ""source"": ""recent_low + volatility_band""}, ""risk_scenario_activation_level"": {""confidence"": ""low"", ""distance_pct"": -0.1683, ""meaning"": ""跌破该价位说明个股风险路径权重上升"", ""not_trading_instruction"": true, ""price"": 228.63, ""source"": ""volatility_band""}, ""trend_repair_confirmation_level"": {""confidence"": ""low"", ""distance_pct"": 0.0033, ""meaning"": ""突破该价位说明个股趋势修复概率提高"", ""not_trading_instruction"": true, ""price"": 275.81, ""source"": ""recent_high + scenario_path""}}","{""conflicting"": [""大盘风险背景压低个股置信度"", ""个股相对弱于大盘/benchmark"", ""个股 Alpha 评分已接入"", ""主路径和第二路径差距较小""], ""market_context"": ""risk_off_pressure"", ""missing"": [""options_volatility"", ""single_stock_options""], ""price_close"": 274.8999938964844, ""sector_relative_strength_20d"": -0.0019, ""supporting"": [""价格结构支持主路径"", ""近期公司新闻偏支持"", ""基础财务指标偏支持"", ""历史相似结构支持主路径""]}","{""10d"": 271.97, ""1d"": 274.5, ""20d"": 271.6, ""3d"": 273.76, ""5d"": 273.02, ""60d"": 271.69}",,,,,,,,,,,,,,,,,,,,,,,,,,,not_yet_validated,pending,,,,,,,,,,,,false
427b5429097b78f2bf66,2026-07-22,stock,stock_baseline_v1,NVDA,NVDA,QQQ,212.05999755859375,stock_failed_bounce,0.263,stock_downside_continuation,0.1881,stock_event_risk,0.1543,48.35,market_headwind,supportive,59.54,56.73,58.93,100,49.5,0.6354,-0.009,0.1338,0.52,87.5,"{""expected"": 211.75, ""lower"": 208.08, ""upper"": 215.43}","{""bounce_target_zone"": {""base"": 216.54, ""conservative"": 216.54, ""extended"": 220.36, ""meaning"": ""概率反抽情景参考区间，不是目标价承诺。"", ""not_trading_instruction"": true, ""source"": ""scenario_path + atr + recent_resistance""}, ""breakdown_level"": {""confidence"": ""low"", ""distance_pct"": -0.105, ""meaning"": ""跌破该价位说明个股跌破结构风险上升"", ""not_trading_instruction"": true, ""price"": 189.8, ""source"": ""recent_low + risk_activation""}, ""breakout_level"": {""confidence"": ""low"", ""distance_pct"": 0.0158, ""meaning"": ""突破该价位说明个股突破情景需要重新评估"", ""not_trading_instruction"": true, ""price"": 215.42, ""source"": ""recent_high + primary_confirmation""}, ""failed_bounce_warning_zone"": {""critical_warning"": 189.8, ""first_warning"": 208.7, ""meaning"": ""跌入该区间说明失败反抽风险上升。"", ""not_trading_instruction"": true, ""source"": ""risk_path + atr + recent_support""}, ""nearest_resistance"": {""confidence"": ""low"", ""distance_pct"": 0.011, ""meaning"": ""最近阻力代理，来自近期高点和 ATR 区间"", ""not_trading_instruction"": true, ""price"": 214.39, ""source"": ""price_structure + volatility_band""}, ""nearest_support"": {""confidence"": ""low"", ""distance_pct"": -0.0281, ""meaning"": ""最近支撑代理，来自近期低点和 ATR 区间"", ""not_trading_instruction"": true, ""price"": 206.09, ""source"": ""price_structure + volatility_band""}, ""primary_confirmation_level"": {""confidence"": ""low"", ""distance_pct"": 0.0158, ""meaning"": ""站上该价位说明个股主路径正在兑现"", ""not_trading_instruction"": true, ""price"": 215.42, ""source"": ""price_structure + scenario_path""}, ""primary_invalidation_level"": {""confidence"": ""low"", ""distance_pct"": -0.105, ""meaning"": ""跌破该价位说明个股主路径失效概率上升"", ""not_trading_instruction"": true, ""price"": 189.8, ""source"": ""recent_low + volatility_band""}, ""risk_scenario_activation_level"": {""confidence"": ""low"", ""distance_pct"": -0.105, ""meaning"": ""跌破该价位说明个股风险路径权重上升"", ""not_trading_instruction"": true, ""price"": 189.8, ""source"": ""volatility_band""}, ""trend_repair_confirmation_level"": {""confidence"": ""low"", ""distance_pct"": 0.011, ""meaning"": ""突破该价位说明个股趋势修复概率提高"", ""not_trading_instruction"": true, ""price"": 214.39, ""source"": ""recent_high + scenario_path""}}","{""conflicting"": [""大盘风险背景压低个股置信度"", ""公司新闻或财报事件风险上升"", ""历史相似结构与主路径冲突"", ""个股 Alpha 评分已接入"", ""主路径和第二路径差距较小""], ""market_context"": ""market_headwind"", ""missing"": [""options_volatility"", ""single_stock_options""], ""price_close"": 212.05999755859375, ""sector_relative_strength_20d"": 0.0814, ""supporting"": [""个股跑赢所属板块"", ""基础财务指标偏支持""]}","{""10d"": 209.88, ""1d"": 211.75, ""20d"": 209.76, ""3d"": 211.19, ""5d"": 210.64, ""60d"": 210.16}",,,,,,,,,,,,,,,,,,,,,,,,,,,not_yet_validated,pending,,,,,,,,,,,,false
04c907ede044cb0a4214,2026-07-22,stock,stock_baseline_v1,SMR,SMR,IWM,8.680000305175781,stock_downside_continuation,0.3209,stock_failed_bounce,0.1969,stock_event_risk,0.1264,40.17,market_headwind,conflicting,30.31,55.03,50.0,51.8,0,0.2235,-0.0334,0.3778,0.39,87.5,"{""expected"": 8.64, ""lower"": 8.31, ""upper"": 8.98}","{""bounce_target_zone"": {""base"": 9.09, ""conservative"": 9.09, ""extended"": 11.41, ""meaning"": ""概率反抽情景参考区间，不是目标价承诺。"", ""not_trading_instruction"": true, ""source"": ""scenario_path + atr + recent_resistance""}, ""breakdown_level"": {""confidence"": ""low"", ""distance_pct"": -0.1694, ""meaning"": ""跌破该价位说明个股跌破结构风险上升"", ""not_trading_instruction"": true, ""price"": 7.21, ""source"": ""recent_low + risk_activation""}, ""breakout_level"": {""confidence"": ""low"", ""distance_pct"": 0.2523, ""meaning"": ""突破该价位说明个股突破情景需要重新评估"", ""not_trading_instruction"": true, ""price"": 10.87, ""source"": ""recent_high + primary_confirmation""}, ""failed_bounce_warning_zone"": {""critical_warning"": 7.21, ""first_warning"": 8.37, ""meaning"": ""跌入该区间说明失败反抽风险上升。"", ""not_trading_instruction"": true, ""source"": ""risk_path + atr + recent_support""}, ""nearest_resistance"": {""confidence"": ""low"", ""distance_pct"": 0.094, ""meaning"": ""最近阻力代理，来自近期高点和 ATR 区间"", ""not_trading_instruction"": true, ""price"": 9.5, ""source"": ""price_structure + volatility_band""}, ""nearest_support"": {""confidence"": ""low"", ""distance_pct"": -0.0626, ""meaning"": ""最近支撑代理，来自近期低点和 ATR 区间"", ""not_trading_instruction"": true, ""price"": 8.14, ""source"": ""price_structure + volatility_band""}, ""primary_confirmation_level"": {""confidence"": ""low"", ""distance_pct"": 0.2523, ""meaning"": ""站上该价位说明个股主路径正在兑现"", ""not_trading_instruction"": true, ""price"": 10.87, ""source"": ""price_structure + scenario_path""}, ""primary_invalidation_level"": {""confidence"": ""low"", ""distance_pct"": -0.1694, ""meaning"": ""跌破该价位说明个股主路径失效概率上升"", ""not_trading_instruction"": true, ""price"": 7.21, ""source"": ""recent_low + volatility_band""}, ""risk_scenario_activation_level"": {""confidence"": ""low"", ""distance_pct"": -0.1694, ""meaning"": ""跌破该价位说明个股风险路径权重上升"", ""not_trading_instruction"": true, ""price"": 7.21, ""source"": ""volatility_band""}, ""trend_repair_confirmation_level"": {""confidence"": ""low"", ""distance_pct"": 0.2523, ""meaning"": ""突破该价位说明个股趋势修复概率提高"", ""not_trading_instruction"": true, ""price"": 10.87, ""source"": ""recent_high + scenario_path""}}","{""conflicting"": [""大盘风险背景压低个股置信度"", ""个股弱于所属板块"", ""价格结构与主路径冲突"", ""公司新闻或财报事件风险上升"", ""基础财务指标偏弱"", ""个股 Alpha 评分已接入""], ""market_context"": ""market_headwind"", ""missing"": [""options_volatility"", ""single_stock_options""], ""price_close"": 8.680000305175781, ""sector_relative_strength_20d"": -0.2198, ""supporting"": [""历史相似结构支持主路径""]}","{""10d"": 8.43, ""1d"": 8.64, ""20d"": 8.39, ""3d"": 8.58, ""5d"": 8.52, ""60d"": 8.39}",,,,,,,,,,,,,,,,,,,,,,,,,,,not_yet_validated,pending,,,,,,,,,,,,false
5a58051b136965af1421,2026-07-22,stock,stock_baseline_v1,TSLA,TSLA,QQQ,374.010009765625,stock_failed_bounce,0.2635,stock_downside_continuation,0.2004,stock_event_risk,0.1719,33.31,market_headwind,neutral,25.14,35.63,42.34,100,0,0.3734,-0.015,0.1687,0.47,87.5,"{""expected"": 373.26, ""lower"": 365.09, ""upper"": 381.43}","{""bounce_target_zone"": {""base"": 383.98, ""conservative"": 383.98, ""extended"": 446.16, ""meaning"": ""概率反抽情景参考区间，不是目标价承诺。"", ""not_trading_instruction"": true, ""source"": ""scenario_path + atr + recent_resistance""}, ""breakdown_level"": {""confidence"": ""low"", ""distance_pct"": -0.0489, ""meaning"": ""跌破该价位说明个股跌破结构风险上升"", ""not_trading_instruction"": true, ""price"": 355.72, ""source"": ""recent_low + risk_activation""}, ""breakout_level"": {""confidence"": ""low"", ""distance_pct"": 0.1573, ""meaning"": ""突破该价位说明个股突破情景需要重新评估"", ""not_trading_instruction"": true, ""price"": 432.86, ""source"": ""recent_high + primary_confirmation""}, ""failed_bounce_warning_zone"": {""critical_warning"": 363.2, ""first_warning"": 366.53, ""meaning"": ""跌入该区间说明失败反抽风险上升。"", ""not_trading_instruction"": true, ""source"": ""risk_path + atr + recent_support""}, ""nearest_resistance"": {""confidence"": ""low"", ""distance_pct"": 0.0533, ""meaning"": ""最近阻力代理，来自近期高点和 ATR 区间"", ""not_trading_instruction"": true, ""price"": 393.96, ""source"": ""price_structure + volatility_band""}, ""nearest_support"": {""confidence"": ""low"", ""distance_pct"": -0.0145, ""meaning"": ""最近支撑代理，来自近期低点和 ATR 区间"", ""not_trading_instruction"": true, ""price"": 368.6, ""source"": ""price_structure + volatility_band""}, ""primary_confirmation_level"": {""confidence"": ""low"", ""distance_pct"": 0.1573, ""meaning"": ""站上该价位说明个股主路径正在兑现"", ""not_trading_instruction"": true, ""price"": 432.86, ""source"": ""price_structure + scenario_path""}, ""primary_invalidation_level"": {""confidence"": ""low"", ""distance_pct"": -0.0289, ""meaning"": ""跌破该价位说明个股主路径失效概率上升"", ""not_trading_instruction"": true, ""price"": 363.2, ""source"": ""recent_low + volatility_band""}, ""risk_scenario_activation_level"": {""confidence"": ""low"", ""distance_pct"": -0.0489, ""meaning"": ""跌破该价位说明个股风险路径权重上升"", ""not_trading_instruction"": true, ""price"": 355.72, ""source"": ""volatility_band""}, ""trend_repair_confirmation_level"": {""confidence"": ""low"", ""distance_pct"": 0.1573, ""meaning"": ""突破该价位说明个股趋势修复概率提高"", ""not_trading_instruction"": true, ""price"": 432.86, ""source"": ""recent_high + scenario_path""}}","{""conflicting"": [""大盘风险背景压低个股置信度"", ""价格结构与主路径冲突"", ""成交量不确认当前路径"", ""公司新闻或财报事件风险上升"", ""财报日期临近"", ""历史相似结构与主路径冲突"", ""个股 Alpha 评分已接入"", ""主路径和第二路径差距较小""], ""market_context"": ""market_headwind"", ""missing"": [""options_volatility"", ""single_stock_options""], ""price_close"": 374.010009765625, ""sector_relative_strength_20d"": -0.0222, ""supporting"": [""基础财务指标已接入且收入增长为正。""]}","{""10d"": 368.58, ""1d"": 373.26, ""20d"": 367.99, ""3d"": 371.86, ""5d"": 370.52, ""60d"": 368.39}",,,,,,,,,,,,,,,,,,,,,,,,,,,not_yet_validated,pending,,,,,,,,,,,,false
2539d18adb936415ce36,2026-07-23,stock,stock_baseline_v1,CEG,CEG,SPY,275.6000061035156,stock_failed_bounce,0.2754,stock_downside_continuation,0.2337,stock_event_risk,0.1111,44.44,risk_off_pressure,neutral,82.49,55.63,39.72,71.98,31.5,0.5234,-0.0114,0.1462,0.36,87.5,"{""expected"": 275.2, ""lower"": 271.12, ""upper"": 279.28}","{""bounce_target_zone"": {""base"": 280.57, ""conservative"": 280.57, ""extended"": 284.82, ""meaning"": ""概率反抽情景参考区间，不是目标价承诺。"", ""not_trading_instruction"": true, ""source"": ""scenario_path + atr + recent_resistance""}, ""breakdown_level"": {""confidence"": ""low"", ""distance_pct"": -0.1704, ""meaning"": ""跌破该价位说明个股跌破结构风险上升"", ""not_trading_instruction"": true, ""price"": 228.63, ""source"": ""recent_low + risk_activation""}, ""breakout_level"": {""confidence"": ""low"", ""distance_pct"": 0.0135, ""meaning"": ""突破该价位说明个股突破情景需要重新评估"", ""not_trading_instruction"": true, ""price"": 279.33, ""source"": ""recent_high + primary_confirmation""}, ""failed_bounce_warning_zone"": {""critical_warning"": 228.63, ""first_warning"": 271.87, ""meaning"": ""跌入该区间说明失败反抽风险上升。"", ""not_trading_instruction"": true, ""source"": ""risk_path + atr + recent_support""}, ""nearest_resistance"": {""confidence"": ""low"", ""distance_pct"": 0.0094, ""meaning"": ""最近阻力代理，来自近期高点和 ATR 区间"", ""not_trading_instruction"": true, ""price"": 278.19, ""source"": ""price_structure + volatility_band""}, ""nearest_support"": {""confidence"": ""low"", ""distance_pct"": -0.0241, ""meaning"": ""最近支撑代理，来自近期低点和 ATR 区间"", ""not_trading_instruction"": true, ""price"": 268.97, ""source"": ""price_structure + volatility_band""}, ""primary_confirmation_level"": {""confidence"": ""low"", ""distance_pct"": 0.0135, ""meaning"": ""站上该价位说明个股主路径正在兑现"", ""not_trading_instruction"": true, ""price"": 279.33, ""source"": ""price_structure + scenario_path""}, ""primary_invalidation_level"": {""confidence"": ""low"", ""distance_pct"": -0.1704, ""meaning"": ""跌破该价位说明个股主路径失效概率上升"", ""not_trading_instruction"": true, ""price"": 228.63, ""source"": ""recent_low + volatility_band""}, ""risk_scenario_activation_level"": {""confidence"": ""low"", ""distance_pct"": -0.1704, ""meaning"": ""跌破该价位说明个股风险路径权重上升"", ""not_trading_instruction"": true, ""price"": 228.63, ""source"": ""volatility_band""}, ""trend_repair_confirmation_level"": {""confidence"": ""low"", ""distance_pct"": 0.0094, ""meaning"": ""突破该价位说明个股趋势修复概率提高"", ""not_trading_instruction"": true, ""price"": 278.19, ""source"": ""recent_high + scenario_path""}}","{""conflicting"": [""大盘风险背景压低个股置信度"", ""个股相对弱于大盘/benchmark"", ""个股 Alpha 评分已接入"", ""主路径和第二路径差距较小""], ""market_context"": ""risk_off_pressure"", ""missing"": [""options_volatility"", ""single_stock_options""], ""price_close"": 275.6000061035156, ""sector_relative_strength_20d"": 0.0142, ""supporting"": [""价格结构支持主路径"", ""近期公司新闻偏支持"", ""基础财务指标偏支持"", ""历史相似结构支持主路径""]}","{""10d"": 272.69, ""1d"": 275.2, ""20d"": 272.33, ""3d"": 274.47, ""5d"": 273.74, ""60d"": 272.45}",,,,,,,,,,,,,,,,,,,,,,,,,,,not_yet_validated,pending,,,,,,,,,,,,false
37c810fe28575a59f86c,2026-07-23,stock,stock_baseline_v1,NVDA,NVDA,QQQ,208.75999450683594,stock_failed_bounce,0.2621,stock_downside_continuation,0.1899,stock_event_risk,0.1546,46.55,market_headwind,supportive,55.89,49.91,56.54,100,46.5,0.6262,-0.0092,0.1338,0.52,87.5,"{""expected"": 208.46, ""lower"": 204.85, ""upper"": 212.08}","{""bounce_target_zone"": {""base"": 213.17, ""conservative"": 213.17, ""extended"": 220.27, ""meaning"": ""概率反抽情景参考区间，不是目标价承诺。"", ""not_trading_instruction"": true, ""source"": ""scenario_path + atr + recent_resistance""}, ""breakdown_level"": {""confidence"": ""low"", ""distance_pct"": -0.0908, ""meaning"": ""跌破该价位说明个股跌破结构风险上升"", ""not_trading_instruction"": true, ""price"": 189.8, ""source"": ""recent_low + risk_activation""}, ""breakout_level"": {""confidence"": ""low"", ""distance_pct"": 0.027, ""meaning"": ""突破该价位说明个股突破情景需要重新评估"", ""not_trading_instruction"": true, ""price"": 214.39, ""source"": ""recent_high + primary_confirmation""}, ""failed_bounce_warning_zone"": {""critical_warning"": 189.8, ""first_warning"": 205.45, ""meaning"": ""跌入该区间说明失败反抽风险上升。"", ""not_trading_instruction"": true, ""source"": ""risk_path + atr + recent_support""}, ""nearest_resistance"": {""confidence"": ""low"", ""distance_pct"": 0.027, ""meaning"": ""最近阻力代理，来自近期高点和 ATR 区间"", ""not_trading_instruction"": true, ""price"": 214.39, ""source"": ""price_structure + volatility_band""}, ""nearest_support"": {""confidence"": ""low"", ""distance_pct"": -0.0281, ""meaning"": ""最近支撑代理，来自近期低点和 ATR 区间"", ""not_trading_instruction"": true, ""price"": 202.88, ""source"": ""price_structure + volatility_band""}, ""primary_confirmation_level"": {""confidence"": ""low"", ""distance_pct"": 0.027, ""meaning"": ""站上该价位说明个股主路径正在兑现"", ""not_trading_instruction"": true, ""price"": 214.39, ""source"": ""price_structure + scenario_path""}, ""primary_invalidation_level"": {""confidence"": ""low"", ""distance_pct"": -0.0908, ""meaning"": ""跌破该价位说明个股主路径失效概率上升"", ""not_trading_instruction"": true, ""price"": 189.8, ""source"": ""recent_low + volatility_band""}, ""risk_scenario_activation_level"": {""confidence"": ""low"", ""distance_pct"": -0.0908, ""meaning"": ""跌破该价位说明个股风险路径权重上升"", ""not_trading_instruction"": true, ""price"": 189.8, ""source"": ""volatility_band""}, ""trend_repair_confirmation_level"": {""confidence"": ""low"", ""distance_pct"": 0.027, ""meaning"": ""突破该价位说明个股趋势修复概率提高"", ""not_trading_instruction"": true, ""price"": 214.39, ""source"": ""recent_high + scenario_path""}}","{""conflicting"": [""大盘风险背景压低个股置信度"", ""公司新闻或财报事件风险上升"", ""历史相似结构与主路径冲突"", ""个股 Alpha 评分已接入"", ""主路径和第二路径差距较小""], ""market_context"": ""market_headwind"", ""missing"": [""options_volatility"", ""single_stock_options""], ""price_close"": 208.75999450683594, ""sector_relative_strength_20d"": 0.0742, ""supporting"": [""个股跑赢所属板块"", ""基础财务指标偏支持""]}","{""10d"": 206.61, ""1d"": 208.46, ""20d"": 206.47, ""3d"": 207.9, ""5d"": 207.36, ""60d"": 206.84}",,,,,,,,,,,,,,,,,,,,,,,,,,,not_yet_validated,pending,,,,,,,,,,,,false
d1a43d4d2745ebff0365,2026-07-23,stock,stock_baseline_v1,SMR,SMR,IWM,8.8100004196167,stock_downside_continuation,0.296,stock_failed_bounce,0.2074,stock_event_risk,0.1277,38.87,risk_off_pressure,conflicting,52.3,45.64,50.0,51.8,0,0.2827,-0.0284,0.3685,0.37,87.5,"{""expected"": 8.78, ""lower"": 8.47, ""upper"": 9.09}","{""bounce_target_zone"": {""base"": 9.19, ""conservative"": 9.19, ""extended"": 11.37, ""meaning"": ""概率反抽情景参考区间，不是目标价承诺。"", ""not_trading_instruction"": true, ""source"": ""scenario_path + atr + recent_resistance""}, ""breakdown_level"": {""confidence"": ""low"", ""distance_pct"": -0.1816, ""meaning"": ""跌破该价位说明个股跌破结构风险上升"", ""not_trading_instruction"": true, ""price"": 7.21, ""source"": ""recent_low + risk_activation""}, ""breakout_level"": {""confidence"": ""low"", ""distance_pct"": 0.2338, ""meaning"": ""突破该价位说明个股突破情景需要重新评估"", ""not_trading_instruction"": true, ""price"": 10.87, ""source"": ""recent_high + primary_confirmation""}, ""failed_bounce_warning_zone"": {""critical_warning"": 7.21, ""first_warning"": 8.53, ""meaning"": ""跌入该区间说明失败反抽风险上升。"", ""not_trading_instruction"": true, ""source"": ""risk_path + atr + recent_support""}, ""nearest_resistance"": {""confidence"": ""low"", ""distance_pct"": 0.0857, ""meaning"": ""最近阻力代理，来自近期高点和 ATR 区间"", ""not_trading_instruction"": true, ""price"": 9.56, ""source"": ""price_structure + volatility_band""}, ""nearest_support"": {""confidence"": ""low"", ""distance_pct"": -0.0571, ""meaning"": ""最近支撑代理，来自近期低点和 ATR 区间"", ""not_trading_instruction"": true, ""price"": 8.31, ""source"": ""price_structure + volatility_band""}, ""primary_confirmation_level"": {""confidence"": ""low"", ""distance_pct"": 0.2338, ""meaning"": ""站上该价位说明个股主路径正在兑现"", ""not_trading_instruction"": true, ""price"": 10.87, ""source"": ""price_structure + scenario_path""}, ""primary_invalidation_level"": {""confidence"": ""low"", ""distance_pct"": -0.1816, ""meaning"": ""跌破该价位说明个股主路径失效概率上升"", ""not_trading_instruction"": true, ""price"": 7.21, ""source"": ""recent_low + volatility_band""}, ""risk_scenario_activation_level"": {""confidence"": ""low"", ""distance_pct"": -0.1816, ""meaning"": ""跌破该价位说明个股风险路径权重上升"", ""not_trading_instruction"": true, ""price"": 7.21, ""source"": ""volatility_band""}, ""trend_repair_confirmation_level"": {""confidence"": ""low"", ""distance_pct"": 0.2338, ""meaning"": ""突破该价位说明个股趋势修复概率提高"", ""not_trading_instruction"": true, ""price"": 10.87, ""source"": ""recent_high + scenario_path""}}","{""conflicting"": [""大盘风险背景压低个股置信度"", ""个股弱于所属板块"", ""公司新闻或财报事件风险上升"", ""基础财务指标偏弱"", ""历史相似结构与主路径冲突"", ""个股 Alpha 评分已接入""], ""market_context"": ""risk_off_pressure"", ""missing"": [""options_volatility"", ""single_stock_options""], ""price_close"": 8.8100004196167, ""sector_relative_strength_20d"": -0.1514, ""supporting"": [""当前没有足够强的多源支持证据。""]}","{""10d"": 8.6, ""1d"": 8.78, ""20d"": 8.56, ""3d"": 8.72, ""5d"": 8.67, ""60d"": 8.56}",,,,,,,,,,,,,,,,,,,,,,,,,,,not_yet_validated,pending,,,,,,,,,,,,false
c03175263968fb7224ec,2026-07-23,stock,stock_baseline_v1,TSLA,TSLA,QQQ,319.69000244140625,stock_downside_continuation,0.2809,stock_failed_bounce,0.2802,stock_event_risk,0.1168,40.81,market_headwind,conflicting,0,95.47,10.19,100,0,0.2821,-0.0266,0.282,0.35,87.5,"{""expected"": 318.7, ""lower"": 309.99, ""upper"": 327.41}","{""bounce_target_zone"": {""base"": 330.32, ""conservative"": 330.32, ""extended"": 447.03, ""meaning"": ""概率反抽情景参考区间，不是目标价承诺。"", ""not_trading_instruction"": true, ""source"": ""scenario_path + atr + recent_resistance""}, ""breakdown_level"": {""confidence"": ""low"", ""distance_pct"": -0.0609, ""meaning"": ""跌破该价位说明个股跌破结构风险上升"", ""not_trading_instruction"": true, ""price"": 300.21, ""source"": ""recent_low + risk_activation""}, ""breakout_level"": {""confidence"": ""low"", ""distance_pct"": 0.354, ""meaning"": ""突破该价位说明个股突破情景需要重新评估"", ""not_trading_instruction"": true, ""price"": 432.86, ""source"": ""recent_high + primary_confirmation""}, ""failed_bounce_warning_zone"": {""critical_warning"": 308.18, ""first_warning"": 311.72, ""meaning"": ""跌入该区间说明失败反抽风险上升。"", ""not_trading_instruction"": true, ""source"": ""risk_path + atr + recent_support""}, ""nearest_resistance"": {""confidence"": ""low"", ""distance_pct"": 0.0665, ""meaning"": ""最近阻力代理，来自近期高点和 ATR 区间"", ""not_trading_instruction"": true, ""price"": 340.94, ""source"": ""price_structure + volatility_band""}, ""nearest_support"": {""confidence"": ""low"", ""distance_pct"": -0.0124, ""meaning"": ""最近支撑代理，来自近期低点和 ATR 区间"", ""not_trading_instruction"": true, ""price"": 315.73, ""source"": ""price_structure + volatility_band""}, ""primary_confirmation_level"": {""confidence"": ""low"", ""distance_pct"": 0.354, ""meaning"": ""站上该价位说明个股主路径正在兑现"", ""not_trading_instruction"": true, ""price"": 432.86, ""source"": ""price_structure + scenario_path""}, ""primary_invalidation_level"": {""confidence"": ""low"", ""distance_pct"": -0.036, ""meaning"": ""跌破该价位说明个股主路径失效概率上升"", ""not_trading_instruction"": true, ""price"": 308.18, ""source"": ""recent_low + volatility_band""}, ""risk_scenario_activation_level"": {""confidence"": ""low"", ""distance_pct"": -0.0609, ""meaning"": ""跌破该价位说明个股风险路径权重上升"", ""not_trading_instruction"": true, ""price"": 300.21, ""source"": ""volatility_band""}, ""trend_repair_confirmation_level"": {""confidence"": ""low"", ""distance_pct"": 0.354, ""meaning"": ""突破该价位说明个股趋势修复概率提高"", ""not_trading_instruction"": true, ""price"": 432.86, ""source"": ""recent_high + scenario_path""}}","{""conflicting"": [""大盘风险背景压低个股置信度"", ""个股弱于所属板块"", ""价格结构与主路径冲突"", ""个股相对弱于大盘/benchmark"", ""公司新闻或财报事件风险上升"", ""个股 Alpha 评分已接入"", ""主路径和第二路径差距较小""], ""market_context"": ""market_headwind"", ""missing"": [""options_volatility"", ""single_stock_options""], ""price_close"": 319.69000244140625, ""sector_relative_strength_20d"": -0.0939, ""supporting"": [""成交量确认当前路径"", ""历史相似结构支持主路径""]}","{""10d"": 312.61, ""1d"": 318.7, ""20d"": 311.46, ""3d"": 316.93, ""5d"": 315.2, ""60d"": 311.19}",,,,,,,,,,,,,,,,,,,,,,,,,,,not_yet_validated,pending,,,,,,,,,,,,false
7464f42f077ace306007,2026-07-24,stock,stock_baseline_v1,CEG,CEG,SPY,274.3500061035156,stock_failed_bounce,0.2735,stock_downside_continuation,0.232,stock_event_risk,0.1101,43.79,risk_off_pressure,neutral,80.0,54.2,39.98,69.42,31.5,0.5178,-0.0113,0.15,0.34,87.5,"{""expected"": 273.96, ""lower"": 269.92, ""upper"": 277.99}","{""bounce_target_zone"": {""base"": 279.27, ""conservative"": 279.27, ""extended"": 286.16, ""meaning"": ""概率反抽情景参考区间，不是目标价承诺。"", ""not_trading_instruction"": true, ""source"": ""scenario_path + atr + recent_resistance""}, ""breakdown_level"": {""confidence"": ""low"", ""distance_pct"": -0.1666, ""meaning"": ""跌破该价位说明个股跌破结构风险上升"", ""not_trading_instruction"": true, ""price"": 228.63, ""source"": ""recent_low + risk_activation""}, ""breakout_level"": {""confidence"": ""low"", ""distance_pct"": 0.0191, ""meaning"": ""突破该价位说明个股突破情景需要重新评估"", ""not_trading_instruction"": true, ""price"": 279.6, ""source"": ""recent_high + primary_confirmation""}, ""failed_bounce_warning_zone"": {""critical_warning"": 228.63, ""first_warning"": 270.66, ""meaning"": ""跌入该区间说明失败反抽风险上升。"", ""not_trading_instruction"": true, ""source"": ""risk_path + atr + recent_support""}, ""nearest_resistance"": {""confidence"": ""low"", ""distance_pct"": 0.0191, ""meaning"": ""最近阻力代理，来自近期高点和 ATR 区间"", ""not_trading_instruction"": true, ""price"": 279.6, ""source"": ""price_structure + volatility_band""}, ""nearest_support"": {""confidence"": ""low"", ""distance_pct"": -0.0239, ""meaning"": ""最近支撑代理，来自近期低点和 ATR 区间"", ""not_trading_instruction"": true, ""price"": 267.79, ""source"": ""price_structure + volatility_band""}, ""primary_confirmation_level"": {""confidence"": ""low"", ""distance_pct"": 0.0191, ""meaning"": ""站上该价位说明个股主路径正在兑现"", ""not_trading_instruction"": true, ""price"": 279.6, ""source"": ""price_structure + scenario_path""}, ""primary_invalidation_level"": {""confidence"": ""low"", ""distance_pct"": -0.1666, ""meaning"": ""跌破该价位说明个股主路径失效概率上升"", ""not_trading_instruction"": true, ""price"": 228.63, ""source"": ""recent_low + volatility_band""}, ""risk_scenario_activation_level"": {""confidence"": ""low"", ""distance_pct"": -0.1666, ""meaning"": ""跌破该价位说明个股风险路径权重上升"", ""not_trading_instruction"": true, ""price"": 228.63, ""source"": ""volatility_band""}, ""trend_repair_confirmation_level"": {""confidence"": ""low"", ""distance_pct"": 0.0191, ""meaning"": ""突破该价位说明个股趋势修复概率提高"", ""not_trading_instruction"": true, ""price"": 279.6, ""source"": ""recent_high + scenario_path""}}","{""conflicting"": [""大盘风险背景压低个股置信度"", ""个股相对弱于大盘/benchmark"", ""个股 Alpha 评分已接入"", ""主路径和第二路径差距较小""], ""market_context"": ""risk_off_pressure"", ""missing"": [""options_volatility"", ""single_stock_options""], ""price_close"": 274.3500061035156, ""sector_relative_strength_20d"": 0.0115, ""supporting"": [""价格结构支持主路径"", ""近期公司新闻偏支持"", ""基础财务指标偏支持"", ""历史相似结构支持主路径""]}","{""10d"": 271.5, ""1d"": 273.96, ""20d"": 271.14, ""3d"": 273.24, ""5d"": 272.53, ""60d"": 271.25}",,,,,,,,,,,,,,,,,,,,,,,,,,,not_yet_validated,pending,,,,,,,,,,,,false
c895ac9b1d9b61ef624c,2026-07-24,stock,stock_baseline_v1,NVDA,NVDA,QQQ,206.83999633789062,stock_failed_bounce,0.2557,stock_downside_continuation,0.1887,stock_event_risk,0.1521,49.54,risk_off_pressure,supportive,54.78,51.19,61.96,100,52.5,0.6713,-0.0083,0.1395,0.55,87.5,"{""expected"": 206.55, ""lower"": 202.82, ""upper"": 210.28}","{""bounce_target_zone"": {""base"": 211.4, ""conservative"": 211.4, ""extended"": 220.47, ""meaning"": ""概率反抽情景参考区间，不是目标价承诺。"", ""not_trading_instruction"": true, ""source"": ""scenario_path + atr + recent_resistance""}, ""breakdown_level"": {""confidence"": ""low"", ""distance_pct"": -0.0824, ""meaning"": ""跌破该价位说明个股跌破结构风险上升"", ""not_trading_instruction"": true, ""price"": 189.8, ""source"": ""recent_low + risk_activation""}, ""breakout_level"": {""confidence"": ""low"", ""distance_pct"": 0.0365, ""meaning"": ""突破该价位说明个股突破情景需要重新评估"", ""not_trading_instruction"": true, ""price"": 214.39, ""source"": ""recent_high + primary_confirmation""}, ""failed_bounce_warning_zone"": {""critical_warning"": 189.8, ""first_warning"": 203.42, ""meaning"": ""跌入该区间说明失败反抽风险上升。"", ""not_trading_instruction"": true, ""source"": ""risk_path + atr + recent_support""}, ""nearest_resistance"": {""confidence"": ""low"", ""distance_pct"": 0.0365, ""meaning"": ""最近阻力代理，来自近期高点和 ATR 区间"", ""not_trading_instruction"": true, ""price"": 214.39, ""source"": ""price_structure + volatility_band""}, ""nearest_support"": {""confidence"": ""low"", ""distance_pct"": -0.0294, ""meaning"": ""最近支撑代理，来自近期低点和 ATR 区间"", ""not_trading_instruction"": true, ""price"": 200.76, ""source"": ""price_structure + volatility_band""}, ""primary_confirmation_level"": {""confidence"": ""low"", ""distance_pct"": 0.0365, ""meaning"": ""站上该价位说明个股主路径正在兑现"", ""not_trading_instruction"": true, ""price"": 214.39, ""source"": ""price_structure + scenario_path""}, ""primary_invalidation_level"": {""confidence"": ""low"", ""distance_pct"": -0.0824, ""meaning"": ""跌破该价位说明个股主路径失效概率上升"", ""not_trading_instruction"": true, ""price"": 189.8, ""source"": ""recent_low + volatility_band""}, ""risk_scenario_activation_level"": {""confidence"": ""low"", ""distance_pct"": -0.0824, ""meaning"": ""跌破该价位说明个股风险路径权重上升"", ""not_trading_instruction"": true, ""price"": 189.8, ""source"": ""volatility_band""}, ""trend_repair_confirmation_level"": {""confidence"": ""low"", ""distance_pct"": 0.0365, ""meaning"": ""突破该价位说明个股趋势修复概率提高"", ""not_trading_instruction"": true, ""price"": 214.39, ""source"": ""recent_high + scenario_path""}}","{""conflicting"": [""大盘风险背景压低个股置信度"", ""公司新闻或财报事件风险上升"", ""个股 Alpha 评分已接入"", ""主路径和第二路径差距较小""], ""market_context"": ""risk_off_pressure"", ""missing"": [""options_volatility"", ""single_stock_options""], ""price_close"": 206.83999633789062, ""sector_relative_strength_20d"": 0.1038, ""supporting"": [""个股跑赢所属板块"", ""基础财务指标偏支持""]}","{""10d"": 204.77, ""1d"": 206.55, ""20d"": 204.68, ""3d"": 206.01, ""5d"": 205.48, ""60d"": 205.12}",,,,,,,,,,,,,,,,,,,,,,,,,,,not_yet_validated,pending,,,,,,,,,,,,false
6eda57a911fafc48bf65,2026-07-24,stock,stock_baseline_v1,SMR,SMR,IWM,8.09000015258789,stock_downside_continuation,0.3227,stock_failed_bounce,0.1896,stock_event_risk,0.1223,34.85,risk_off_pressure,conflicting,18.63,51.15,50.0,51.4,0,0.2434,-0.0321,0.4201,0.37,87.5,"{""expected"": 8.06, ""lower"": 7.74, ""upper"": 8.37}","{""bounce_target_zone"": {""base"": 8.47, ""conservative"": 8.47, ""extended"": 11.38, ""meaning"": ""概率反抽情景参考区间，不是目标价承诺。"", ""not_trading_instruction"": true, ""source"": ""scenario_path + atr + recent_resistance""}, ""breakdown_level"": {""confidence"": ""low"", ""distance_pct"": -0.1088, ""meaning"": ""跌破该价位说明个股跌破结构风险上升"", ""not_trading_instruction"": true, ""price"": 7.21, ""source"": ""recent_low + risk_activation""}, ""breakout_level"": {""confidence"": ""low"", ""distance_pct"": 0.3436, ""meaning"": ""突破该价位说明个股突破情景需要重新评估"", ""not_trading_instruction"": true, ""price"": 10.87, ""source"": ""recent_high + primary_confirmation""}, ""failed_bounce_warning_zone"": {""critical_warning"": 7.21, ""first_warning"": 7.8, ""meaning"": ""跌入该区间说明失败反抽风险上升。"", ""not_trading_instruction"": true, ""source"": ""risk_path + atr + recent_support""}, ""nearest_resistance"": {""confidence"": ""low"", ""distance_pct"": 0.0951, ""meaning"": ""最近阻力代理，来自近期高点和 ATR 区间"", ""not_trading_instruction"": true, ""price"": 8.86, ""source"": ""price_structure + volatility_band""}, ""nearest_support"": {""confidence"": ""low"", ""distance_pct"": -0.0634, ""meaning"": ""最近支撑代理，来自近期低点和 ATR 区间"", ""not_trading_instruction"": true, ""price"": 7.58, ""source"": ""price_structure + volatility_band""}, ""primary_confirmation_level"": {""confidence"": ""low"", ""distance_pct"": 0.3436, ""meaning"": ""站上该价位说明个股主路径正在兑现"", ""not_trading_instruction"": true, ""price"": 10.87, ""source"": ""price_structure + scenario_path""}, ""primary_invalidation_level"": {""confidence"": ""low"", ""distance_pct"": -0.1088, ""meaning"": ""跌破该价位说明个股主路径失效概率上升"", ""not_trading_instruction"": true, ""price"": 7.21, ""source"": ""recent_low + volatility_band""}, ""risk_scenario_activation_level"": {""confidence"": ""low"", ""distance_pct"": -0.1088, ""meaning"": ""跌破该价位说明个股风险路径权重上升"", ""not_trading_instruction"": true, ""price"": 7.21, ""source"": ""volatility_band""}, ""trend_repair_confirmation_level"": {""confidence"": ""low"", ""distance_pct"": 0.3436, ""meaning"": ""突破该价位说明个股趋势修复概率提高"", ""not_trading_instruction"": true, ""price"": 10.87, ""source"": ""recent_high + scenario_path""}}","{""conflicting"": [""大盘风险背景压低个股置信度"", ""个股弱于所属板块"", ""价格结构与主路径冲突"", ""基础财务指标偏弱"", ""历史相似结构与主路径冲突"", ""个股 Alpha 评分已接入""], ""market_context"": ""risk_off_pressure"", ""missing"": [""options_volatility"", ""single_stock_options""], ""price_close"": 8.09000015258789, ""sector_relative_strength_20d"": -0.2062, ""supporting"": [""当前没有足够强的多源支持证据。""]}","{""10d"": 7.87, ""1d"": 8.06, ""20d"": 7.84, ""3d"": 8.0, ""5d"": 7.95, ""60d"": 7.83}",,,,,,,,,,,,,,,,,,,,,,,,,,,not_yet_validated,pending,,,,,,,,,,,,false
40b22c9e36ac41a6e4d8,2026-07-24,stock,stock_baseline_v1,TSLA,TSLA,QQQ,313.0299987792969,stock_downside_continuation,0.2892,stock_failed_bounce,0.276,stock_event_risk,0.1148,36.17,risk_off_pressure,conflicting,0,51.55,9.56,100,0,0.2835,-0.0263,0.297,0.32,87.5,"{""expected"": 312.07, ""lower"": 303.82, ""upper"": 320.32}","{""bounce_target_zone"": {""base"": 323.1, ""conservative"": 323.1, ""extended"": 446.28, ""meaning"": ""概率反抽情景参考区间，不是目标价承诺。"", ""not_trading_instruction"": true, ""source"": ""scenario_path + atr + recent_resistance""}, ""breakdown_level"": {""confidence"": ""low"", ""distance_pct"": -0.059, ""meaning"": ""跌破该价位说明个股跌破结构风险上升"", ""not_trading_instruction"": true, ""price"": 294.57, ""source"": ""recent_low + risk_activation""}, ""breakout_level"": {""confidence"": ""low"", ""distance_pct"": 0.3828, ""meaning"": ""突破该价位说明个股突破情景需要重新评估"", ""not_trading_instruction"": true, ""price"": 432.86, ""source"": ""recent_high + primary_confirmation""}, ""failed_bounce_warning_zone"": {""critical_warning"": 302.12, ""first_warning"": 305.48, ""meaning"": ""跌入该区间说明失败反抽风险上升。"", ""not_trading_instruction"": true, ""source"": ""risk_path + atr + recent_support""}, ""nearest_resistance"": {""confidence"": ""low"", ""distance_pct"": 0.0643, ""meaning"": ""最近阻力代理，来自近期高点和 ATR 区间"", ""not_trading_instruction"": true, ""price"": 333.17, ""source"": ""price_structure + volatility_band""}, ""nearest_support"": {""confidence"": ""low"", ""distance_pct"": -0.0208, ""meaning"": ""最近支撑代理，来自近期低点和 ATR 区间"", ""not_trading_instruction"": true, ""price"": 306.51, ""source"": ""price_structure + volatility_band""}, ""primary_confirmation_level"": {""confidence"": ""low"", ""distance_pct"": 0.3828, ""meaning"": ""站上该价位说明个股主路径正在兑现"", ""not_trading_instruction"": true, ""price"": 432.86, ""source"": ""price_structure + scenario_path""}, ""primary_invalidation_level"": {""confidence"": ""low"", ""distance_pct"": -0.0348, ""meaning"": ""跌破该价位说明个股主路径失效概率上升"", ""not_trading_instruction"": true, ""price"": 302.12, ""source"": ""recent_low + volatility_band""}, ""risk_scenario_activation_level"": {""confidence"": ""low"", ""distance_pct"": -0.059, ""meaning"": ""跌破该价位说明个股风险路径权重上升"", ""not_trading_instruction"": true, ""price"": 294.57, ""source"": ""volatility_band""}, ""trend_repair_confirmation_level"": {""confidence"": ""low"", ""distance_pct"": 0.3828, ""meaning"": ""突破该价位说明个股趋势修复概率提高"", ""not_trading_instruction"": true, ""price"": 432.86, ""source"": ""recent_high + scenario_path""}}","{""conflicting"": [""大盘风险背景压低个股置信度"", ""个股弱于所属板块"", ""价格结构与主路径冲突"", ""个股相对弱于大盘/benchmark"", ""公司新闻或财报事件风险上升"", ""个股 Alpha 评分已接入"", ""主路径和第二路径差距较小""], ""market_context"": ""risk_off_pressure"", ""missing"": [""options_volatility"", ""single_stock_options""], ""price_close"": 313.0299987792969, ""sector_relative_strength_20d"": -0.1308, ""supporting"": [""历史相似结构支持主路径""]}","{""10d"": 306.24, ""1d"": 312.07, ""20d"": 305.11, ""3d"": 310.37, ""5d"": 308.71, ""60d"": 304.8}",,,,,,,,,,,,,,,,,,,,,,,,,,,not_yet_validated,pending,,,,,,,,,,,,false
84f9c6d0e89f6ecef656,2026-07-27,stock,stock_baseline_v1,CEG,CEG,SPY,270.0,stock_failed_bounce,0.2713,stock_downside_continuation,0.2302,stock_event_risk,0.1102,43.35,risk_off_pressure,supportive,72.03,58.73,39.92,56.52,35.5,0.529,-0.0112,0.1635,0.34,87.5,"{""expected"": 269.62, ""lower"": 265.51, ""upper"": 273.72}","{""bounce_target_zone"": {""base"": 275.0, ""conservative"": 275.0, ""extended"": 286.27, ""meaning"": ""概率反抽情景参考区间，不是目标价承诺。"", ""not_trading_instruction"": true, ""source"": ""scenario_path + atr + recent_resistance""}, ""breakdown_level"": {""confidence"": ""low"", ""distance_pct"": -0.1532, ""meaning"": ""跌破该价位说明个股跌破结构风险上升"", ""not_trading_instruction"": true, ""price"": 228.63, ""source"": ""recent_low + risk_activation""}, ""breakout_level"": {""confidence"": ""low"", ""distance_pct"": 0.0356, ""meaning"": ""突破该价位说明个股突破情景需要重新评估"", ""not_trading_instruction"": true, ""price"": 279.6, ""source"": ""recent_high + primary_confirmation""}, ""failed_bounce_warning_zone"": {""critical_warning"": 228.63, ""first_warning"": 266.25, ""meaning"": ""跌入该区间说明失败反抽风险上升。"", ""not_trading_instruction"": true, ""source"": ""risk_path + atr + recent_support""}, ""nearest_resistance"": {""confidence"": ""low"", ""distance_pct"": 0.0356, ""meaning"": ""最近阻力代理，来自近期高点和 ATR 区间"", ""not_trading_instruction"": true, ""price"": 279.6, ""source"": ""price_structure + volatility_band""}, ""nearest_support"": {""confidence"": ""low"", ""distance_pct"": -0.0247, ""meaning"": ""最近支撑代理，来自近期低点和 ATR 区间"", ""not_trading_instruction"": true, ""price"": 263.33, ""source"": ""price_structure + volatility_band""}, ""primary_confirmation_level"": {""confidence"": ""low"", ""distance_pct"": 0.0356, ""meaning"": ""站上该价位说明个股主路径正在兑现"", ""not_trading_instruction"": true, ""price"": 279.6, ""source"": ""price_structure + scenario_path""}, ""primary_invalidation_level"": {""confidence"": ""low"", ""distance_pct"": -0.1532, ""meaning"": ""跌破该价位说明个股主路径失效概率上升"", ""not_trading_instruction"": true, ""price"": 228.63, ""source"": ""recent_low + volatility_band""}, ""risk_scenario_activation_level"": {""confidence"": ""low"", ""distance_pct"": -0.1532, ""meaning"": ""跌破该价位说明个股风险路径权重上升"", ""not_trading_instruction"": true, ""price"": 228.63, ""source"": ""volatility_band""}, ""trend_repair_confirmation_level"": {""confidence"": ""low"", ""distance_pct"": 0.0356, ""meaning"": ""突破该价位说明个股趋势修复概率提高"", ""not_trading_instruction"": true, ""price"": 279.6, ""source"": ""recent_high + scenario_path""}}","{""conflicting"": [""大盘风险背景压低个股置信度"", ""个股相对弱于大盘/benchmark"", ""个股 Alpha 评分已接入"", ""主路径和第二路径差距较小""], ""market_context"": ""risk_off_pressure"", ""missing"": [""options_volatility"", ""single_stock_options""], ""price_close"": 270.0, ""sector_relative_strength_20d"": 0.0339, ""supporting"": [""个股跑赢所属板块"", ""价格结构支持主路径"", ""基础财务指标偏支持""]}","{""10d"": 267.19, ""1d"": 269.62, ""20d"": 266.85, ""3d"": 268.91, ""5d"": 268.2, ""60d"": 266.98}",,,,,,,,,,,,,,,,,,,,,,,,,,,not_yet_validated,pending,,,,,,,,,,,,false
1e07ef87af9b376810e3,2026-07-27,stock,stock_baseline_v1,NVDA,NVDA,QQQ,196.50999450683594,stock_failed_bounce,0.2634,stock_downside_continuation,0.199,stock_event_risk,0.1482,45.39,market_headwind,supportive,33.34,68.14,51.66,100,52.0,0.6322,-0.0123,0.1664,0.46,87.5,"{""expected"": 196.18, ""lower"": 192.22, ""upper"": 200.13}","{""bounce_target_zone"": {""base"": 201.33, ""conservative"": 201.33, ""extended"": 220.81, ""meaning"": ""概率反抽情景参考区间，不是目标价承诺。"", ""not_trading_instruction"": true, ""source"": ""scenario_path + atr + recent_resistance""}, ""breakdown_level"": {""confidence"": ""low"", ""distance_pct"": -0.0449, ""meaning"": ""跌破该价位说明个股跌破结构风险上升"", ""not_trading_instruction"": true, ""price"": 187.68, ""source"": ""recent_low + risk_activation""}, ""breakout_level"": {""confidence"": ""low"", ""distance_pct"": 0.091, ""meaning"": ""突破该价位说明个股突破情景需要重新评估"", ""not_trading_instruction"": true, ""price"": 214.39, ""source"": ""recent_high + primary_confirmation""}, ""failed_bounce_warning_zone"": {""critical_warning"": 189.8, ""first_warning"": 192.9, ""meaning"": ""跌入该区间说明失败反抽风险上升。"", ""not_trading_instruction"": true, ""source"": ""risk_path + atr + recent_support""}, ""nearest_resistance"": {""confidence"": ""low"", ""distance_pct"": 0.049, ""meaning"": ""最近阻力代理，来自近期高点和 ATR 区间"", ""not_trading_instruction"": true, ""price"": 206.15, ""source"": ""price_structure + volatility_band""}, ""nearest_support"": {""confidence"": ""low"", ""distance_pct"": -0.0327, ""meaning"": ""最近支撑代理，来自近期低点和 ATR 区间"", ""not_trading_instruction"": true, ""price"": 190.09, ""source"": ""price_structure + volatility_band""}, ""primary_confirmation_level"": {""confidence"": ""low"", ""distance_pct"": 0.091, ""meaning"": ""站上该价位说明个股主路径正在兑现"", ""not_trading_instruction"": true, ""price"": 214.39, ""source"": ""price_structure + scenario_path""}, ""primary_invalidation_level"": {""confidence"": ""low"", ""distance_pct"": -0.0341, ""meaning"": ""跌破该价位说明个股主路径失效概率上升"", ""not_trading_instruction"": true, ""price"": 189.8, ""source"": ""recent_low + volatility_band""}, ""risk_scenario_activation_level"": {""confidence"": ""low"", ""distance_pct"": -0.0449, ""meaning"": ""跌破该价位说明个股风险路径权重上升"", ""not_trading_instruction"": true, ""price"": 187.68, ""source"": ""volatility_band""}, ""trend_repair_confirmation_level"": {""confidence"": ""low"", ""distance_pct"": 0.091, ""meaning"": ""突破该价位说明个股趋势修复概率提高"", ""not_trading_instruction"": true, ""price"": 214.39, ""source"": ""recent_high + scenario_path""}}","{""conflicting"": [""大盘风险背景压低个股置信度"", ""价格结构与主路径冲突"", ""公司新闻或财报事件风险上升"", ""历史相似结构与主路径冲突"", ""个股 Alpha 评分已接入"", ""主路径和第二路径差距较小""], ""market_context"": ""market_headwind"", ""missing"": [""options_volatility"", ""single_stock_options""], ""price_close"": 196.50999450683594, ""sector_relative_strength_20d"": 0.0583, ""supporting"": [""个股跑赢所属板块"", ""成交量确认当前路径"", ""基础财务指标偏支持""]}","{""10d"": 194.06, ""1d"": 196.18, ""20d"": 193.83, ""3d"": 195.55, ""5d"": 194.94, ""60d"": 194.09}",,,,,,,,,,,,,,,,,,,,,,,,,,,not_yet_validated,pending,,,,,,,,,,,,false
6109ffc77de541871f82,2026-07-27,stock,stock_baseline_v1,SMR,SMR,IWM,8.539999961853027,stock_downside_continuation,0.3028,stock_failed_bounce,0.202,stock_event_risk,0.1246,39.93,market_headwind,conflicting,37.66,43.91,50.0,51.4,0,0.2749,-0.0281,0.3878,0.36,87.5,"{""expected"": 8.51, ""lower"": 8.21, ""upper"": 8.81}","{""bounce_target_zone"": {""base"": 8.91, ""conservative"": 8.91, ""extended"": 11.36, ""meaning"": ""概率反抽情景参考区间，不是目标价承诺。"", ""not_trading_instruction"": true, ""source"": ""scenario_path + atr + recent_resistance""}, ""breakdown_level"": {""confidence"": ""low"", ""distance_pct"": -0.1557, ""meaning"": ""跌破该价位说明个股跌破结构风险上升"", ""not_trading_instruction"": true, ""price"": 7.21, ""source"": ""recent_low + risk_activation""}, ""breakout_level"": {""confidence"": ""low"", ""distance_pct"": 0.2728, ""meaning"": ""突破该价位说明个股突破情景需要重新评估"", ""not_trading_instruction"": true, ""price"": 10.87, ""source"": ""recent_high + primary_confirmation""}, ""failed_bounce_warning_zone"": {""critical_warning"": 7.21, ""first_warning"": 8.26, ""meaning"": ""跌入该区间说明失败反抽风险上升。"", ""not_trading_instruction"": true, ""source"": ""risk_path + atr + recent_support""}, ""nearest_resistance"": {""confidence"": ""low"", ""distance_pct"": 0.0862, ""meaning"": ""最近阻力代理，来自近期高点和 ATR 区间"", ""not_trading_instruction"": true, ""price"": 9.28, ""source"": ""price_structure + volatility_band""}, ""nearest_support"": {""confidence"": ""low"", ""distance_pct"": -0.0574, ""meaning"": ""最近支撑代理，来自近期低点和 ATR 区间"", ""not_trading_instruction"": true, ""price"": 8.05, ""source"": ""price_structure + volatility_band""}, ""primary_confirmation_level"": {""confidence"": ""low"", ""distance_pct"": 0.2728, ""meaning"": ""站上该价位说明个股主路径正在兑现"", ""not_trading_instruction"": true, ""price"": 10.87, ""source"": ""price_structure + scenario_path""}, ""primary_invalidation_level"": {""confidence"": ""low"", ""distance_pct"": -0.1557, ""meaning"": ""跌破该价位说明个股主路径失效概率上升"", ""not_trading_instruction"": true, ""price"": 7.21, ""source"": ""recent_low + volatility_band""}, ""risk_scenario_activation_level"": {""confidence"": ""low"", ""distance_pct"": -0.1557, ""meaning"": ""跌破该价位说明个股风险路径权重上升"", ""not_trading_instruction"": true, ""price"": 7.21, ""source"": ""volatility_band""}, ""trend_repair_confirmation_level"": {""confidence"": ""low"", ""distance_pct"": 0.2728, ""meaning"": ""突破该价位说明个股趋势修复概率提高"", ""not_trading_instruction"": true, ""price"": 10.87, ""source"": ""recent_high + scenario_path""}}","{""conflicting"": [""大盘风险背景压低个股置信度"", ""个股弱于所属板块"", ""价格结构与主路径冲突"", ""基础财务指标偏弱"", ""个股 Alpha 评分已接入""], ""market_context"": ""market_headwind"", ""missing"": [""options_volatility"", ""single_stock_options""], ""price_close"": 8.539999961853027, ""sector_relative_strength_20d"": -0.1432, ""supporting"": [""历史相似结构支持主路径""]}","{""10d"": 8.33, ""1d"": 8.51, ""20d"": 8.3, ""3d"": 8.46, ""5d"": 8.41, ""60d"": 8.3}",,,,,,,,,,,,,,,,,,,,,,,,,,,not_yet_validated,pending,,,,,,,,,,,,false
0e04b1da797459d926ad,2026-07-27,stock,stock_baseline_v1,TSLA,TSLA,QQQ,309.2200012207031,stock_downside_continuation,0.2979,stock_failed_bounce,0.2688,stock_event_risk,0.1142,31.46,market_headwind,conflicting,0,43.68,4.66,100,0,0.2591,-0.0264,0.3055,0.31,87.5,"{""expected"": 308.26, ""lower"": 300.18, ""upper"": 316.34}","{""bounce_target_zone"": {""base"": 319.07, ""conservative"": 319.07, ""extended"": 445.99, ""meaning"": ""概率反抽情景参考区间，不是目标价承诺。"", ""not_trading_instruction"": true, ""source"": ""scenario_path + atr + recent_resistance""}, ""breakdown_level"": {""confidence"": ""low"", ""distance_pct"": -0.0584, ""meaning"": ""跌破该价位说明个股跌破结构风险上升"", ""not_trading_instruction"": true, ""price"": 291.17, ""source"": ""recent_low + risk_activation""}, ""breakout_level"": {""confidence"": ""low"", ""distance_pct"": 0.3998, ""meaning"": ""突破该价位说明个股突破情景需要重新评估"", ""not_trading_instruction"": true, ""price"": 432.86, ""source"": ""recent_high + primary_confirmation""}, ""failed_bounce_warning_zone"": {""critical_warning"": 298.55, ""first_warning"": 301.84, ""meaning"": ""跌入该区间说明失败反抽风险上升。"", ""not_trading_instruction"": true, ""source"": ""risk_path + atr + recent_support""}, ""nearest_resistance"": {""confidence"": ""low"", ""distance_pct"": 0.0637, ""meaning"": ""最近阻力代理，来自近期高点和 ATR 区间"", ""not_trading_instruction"": true, ""price"": 328.91, ""source"": ""price_structure + volatility_band""}, ""nearest_support"": {""confidence"": ""low"", ""distance_pct"": -0.016, ""meaning"": ""最近支撑代理，来自近期低点和 ATR 区间"", ""not_trading_instruction"": true, ""price"": 304.28, ""source"": ""price_structure + volatility_band""}, ""primary_confirmation_level"": {""confidence"": ""low"", ""distance_pct"": 0.3998, ""meaning"": ""站上该价位说明个股主路径正在兑现"", ""not_trading_instruction"": true, ""price"": 432.86, ""source"": ""price_structure + scenario_path""}, ""primary_invalidation_level"": {""confidence"": ""low"", ""distance_pct"": -0.0345, ""meaning"": ""跌破该价位说明个股主路径失效概率上升"", ""not_trading_instruction"": true, ""price"": 298.55, ""source"": ""recent_low + volatility_band""}, ""risk_scenario_activation_level"": {""confidence"": ""low"", ""distance_pct"": -0.0584, ""meaning"": ""跌破该价位说明个股风险路径权重上升"", ""not_trading_instruction"": true, ""price"": 291.17, ""source"": ""volatility_band""}, ""trend_repair_confirmation_level"": {""confidence"": ""low"", ""distance_pct"": 0.3998, ""meaning"": ""突破该价位说明个股趋势修复概率提高"", ""not_trading_instruction"": true, ""price"": 432.86, ""source"": ""recent_high + scenario_path""}}","{""conflicting"": [""大盘风险背景压低个股置信度"", ""个股弱于所属板块"", ""价格结构与主路径冲突"", ""个股相对弱于大盘/benchmark"", ""公司新闻或财报事件风险上升"", ""历史相似结构与主路径冲突"", ""个股 Alpha 评分已接入"", ""主路径和第二路径差距较小""], ""market_context"": ""market_headwind"", ""missing"": [""options_volatility"", ""single_stock_options""], ""price_close"": 309.2200012207031, ""sector_relative_strength_20d"": -0.1548, ""supporting"": [""近期公司新闻偏正面。"", ""基础财务指标已接入且收入增长为正。""]}","{""10d"": 302.53, ""1d"": 308.26, ""20d"": 301.39, ""3d"": 306.58, ""5d"": 304.95, ""60d"": 301.05}",,,,,,,,,,,,,,,,,,,,,,,,,,,not_yet_validated,pending,,,,,,,,,,,,false
68b1ec30fd84216d7254,2026-07-28,stock,stock_baseline_v1,CEG,CEG,SPY,259.82000732421875,stock_failed_bounce,0.2651,stock_downside_continuation,0.2258,stock_event_risk,0.1073,36.61,risk_off_pressure,neutral,50.68,57.7,32.31,59.08,26.5,0.4877,-0.0115,0.1951,0.31,87.5,"{""expected"": 259.45, ""lower"": 255.21, ""upper"": 263.69}","{""bounce_target_zone"": {""base"": 265.0, ""conservative"": 265.0, ""extended"": 286.51, ""meaning"": ""概率反抽情景参考区间，不是目标价承诺。"", ""not_trading_instruction"": true, ""source"": ""scenario_path + atr + recent_resistance""}, ""breakdown_level"": {""confidence"": ""low"", ""distance_pct"": -0.12, ""meaning"": ""跌破该价位说明个股跌破结构风险上升"", ""not_trading_instruction"": true, ""price"": 228.63, ""source"": ""recent_low + risk_activation""}, ""breakout_level"": {""confidence"": ""low"", ""distance_pct"": 0.0761, ""meaning"": ""突破该价位说明个股突破情景需要重新评估"", ""not_trading_instruction"": true, ""price"": 279.6, ""source"": ""recent_high + primary_confirmation""}, ""failed_bounce_warning_zone"": {""critical_warning"": 228.63, ""first_warning"": 255.93, ""meaning"": ""跌入该区间说明失败反抽风险上升。"", ""not_trading_instruction"": true, ""source"": ""risk_path + atr + recent_support""}, ""nearest_resistance"": {""confidence"": ""low"", ""distance_pct"": 0.0399, ""meaning"": ""最近阻力代理，来自近期高点和 ATR 区间"", ""not_trading_instruction"": true, ""price"": 270.18, ""source"": ""price_structure + volatility_band""}, ""nearest_support"": {""confidence"": ""low"", ""distance_pct"": -0.0266, ""meaning"": ""最近支撑代理，来自近期低点和 ATR 区间"", ""not_trading_instruction"": true, ""price"": 252.91, ""source"": ""price_structure + volatility_band""}, ""primary_confirmation_level"": {""confidence"": ""low"", ""distance_pct"": 0.0761, ""meaning"": ""站上该价位说明个股主路径正在兑现"", ""not_trading_instruction"": true, ""price"": 279.6, ""source"": ""price_structure + scenario_path""}, ""primary_invalidation_level"": {""confidence"": ""low"", ""distance_pct"": -0.12, ""meaning"": ""跌破该价位说明个股主路径失效概率上升"", ""not_trading_instruction"": true, ""price"": 228.63, ""source"": ""recent_low + volatility_band""}, ""risk_scenario_activation_level"": {""confidence"": ""low"", ""distance_pct"": -0.12, ""meaning"": ""跌破该价位说明个股风险路径权重上升"", ""not_trading_instruction"": true, ""price"": 228.63, ""source"": ""volatility_band""}, ""trend_repair_confirmation_level"": {""confidence"": ""low"", ""distance_pct"": 0.0761, ""meaning"": ""突破该价位说明个股趋势修复概率提高"", ""not_trading_instruction"": true, ""price"": 279.6, ""source"": ""recent_high + scenario_path""}}","{""conflicting"": [""大盘风险背景压低个股置信度"", ""个股相对弱于大盘/benchmark"", ""个股 Alpha 评分已接入"", ""主路径和第二路径差距较小""], ""market_context"": ""risk_off_pressure"", ""missing"": [""options_volatility"", ""single_stock_options""], ""price_close"": 259.82000732421875, ""sector_relative_strength_20d"": 0.0128, ""supporting"": [""基础财务指标偏支持""]}","{""10d"": 257.04, ""1d"": 259.45, ""20d"": 256.71, ""3d"": 258.76, ""5d"": 258.06, ""60d"": 256.83}",,,,,,,,,,,,,,,,,,,,,,,,,,,not_yet_validated,pending,,,,,,,,,,,,false
88f7d4f5393536d3ac5a,2026-07-28,stock,stock_baseline_v1,NVDA,NVDA,QQQ,197.00999450683594,stock_failed_bounce,0.2643,stock_downside_continuation,0.19,stock_event_risk,0.142,45.11,market_headwind,supportive,32.01,57.56,61.76,100,50.5,0.6441,-0.0103,0.1643,0.47,87.5,"{""expected"": 196.71, ""lower"": 192.91, ""upper"": 200.52}","{""bounce_target_zone"": {""base"": 201.65, ""conservative"": 201.65, ""extended"": 220.58, ""meaning"": ""概率反抽情景参考区间，不是目标价承诺。"", ""not_trading_instruction"": true, ""source"": ""scenario_path + atr + recent_resistance""}, ""breakdown_level"": {""confidence"": ""low"", ""distance_pct"": -0.0432, ""meaning"": ""跌破该价位说明个股跌破结构风险上升"", ""not_trading_instruction"": true, ""price"": 188.5, ""source"": ""recent_low + risk_activation""}, ""breakout_level"": {""confidence"": ""low"", ""distance_pct"": 0.0882, ""meaning"": ""突破该价位说明个股突破情景需要重新评估"", ""not_trading_instruction"": true, ""price"": 214.39, ""source"": ""recent_high + primary_confirmation""}, ""failed_bounce_warning_zone"": {""critical_warning"": 191.14, ""first_warning"": 193.53, ""meaning"": ""跌入该区间说明失败反抽风险上升。"", ""not_trading_instruction"": true, ""source"": ""risk_path + atr + recent_support""}, ""nearest_resistance"": {""confidence"": ""low"", ""distance_pct"": 0.0471, ""meaning"": ""最近阻力代理，来自近期高点和 ATR 区间"", ""not_trading_instruction"": true, ""price"": 206.29, ""source"": ""price_structure + volatility_band""}, ""nearest_support"": {""confidence"": ""low"", ""distance_pct"": -0.0298, ""meaning"": ""最近支撑代理，来自近期低点和 ATR 区间"", ""not_trading_instruction"": true, ""price"": 191.14, ""source"": ""price_structure + volatility_band""}, ""primary_confirmation_level"": {""confidence"": ""low"", ""distance_pct"": 0.0882, ""meaning"": ""站上该价位说明个股主路径正在兑现"", ""not_trading_instruction"": true, ""price"": 214.39, ""source"": ""price_structure + scenario_path""}, ""primary_invalidation_level"": {""confidence"": ""low"", ""distance_pct"": -0.0298, ""meaning"": ""跌破该价位说明个股主路径失效概率上升"", ""not_trading_instruction"": true, ""price"": 191.14, ""source"": ""recent_low + volatility_band""}, ""risk_scenario_activation_level"": {""confidence"": ""low"", ""distance_pct"": -0.0432, ""meaning"": ""跌破该价位说明个股风险路径权重上升"", ""not_trading_instruction"": true, ""price"": 188.5, ""source"": ""volatility_band""}, ""trend_repair_confirmation_level"": {""confidence"": ""low"", ""distance_pct"": 0.0882, ""meaning"": ""突破该价位说明个股趋势修复概率提高"", ""not_trading_instruction"": true, ""price"": 214.39, ""source"": ""recent_high + scenario_path""}}","{""conflicting"": [""大盘风险背景压低个股置信度"", ""价格结构与主路径冲突"", ""公司新闻或财报事件风险上升"", ""历史相似结构与主路径冲突"", ""个股 Alpha 评分已接入"", ""主路径和第二路径差距较小""], ""market_context"": ""market_headwind"", ""missing"": [""options_volatility"", ""single_stock_options""], ""price_close"": 197.00999450683594, ""sector_relative_strength_20d"": 0.0877, ""supporting"": [""个股跑赢所属板块"", ""基础财务指标偏支持""]}","{""10d"": 194.8, ""1d"": 196.71, ""20d"": 194.64, ""3d"": 196.15, ""5d"": 195.59, ""60d"": 194.98}",,,,,,,,,,,,,,,,,,,,,,,,,,,not_yet_validated,pending,,,,,,,,,,,,false
9f64c4942f44043ddf11,2026-07-28,stock,stock_baseline_v1,SMR,SMR,IWM,8.220000267028809,stock_downside_continuation,0.3115,stock_failed_bounce,0.2165,stock_event_risk,0.119,33.13,risk_off_pressure,conflicting,12.5,43.03,50.0,51.4,0,0.2359,-0.0328,0.4108,0.35,87.5,"{""expected"": 8.19, ""lower"": 7.88, ""upper"": 8.49}","{""bounce_target_zone"": {""base"": 8.6, ""conservative"": 8.6, ""extended"": 11.37, ""meaning"": ""概率反抽情景参考区间，不是目标价承诺。"", ""not_trading_instruction"": true, ""source"": ""scenario_path + atr + recent_resistance""}, ""breakdown_level"": {""confidence"": ""low"", ""distance_pct"": -0.1229, ""meaning"": ""跌破该价位说明个股跌破结构风险上升"", ""not_trading_instruction"": true, ""price"": 7.21, ""source"": ""recent_low + risk_activation""}, ""breakout_level"": {""confidence"": ""low"", ""distance_pct"": 0.3224, ""meaning"": ""突破该价位说明个股突破情景需要重新评估"", ""not_trading_instruction"": true, ""price"": 10.87, ""source"": ""recent_high + primary_confirmation""}, ""failed_bounce_warning_zone"": {""critical_warning"": 7.21, ""first_warning"": 7.94, ""meaning"": ""跌入该区间说明失败反抽风险上升。"", ""not_trading_instruction"": true, ""source"": ""risk_path + atr + recent_support""}, ""nearest_resistance"": {""confidence"": ""low"", ""distance_pct"": 0.0918, ""meaning"": ""最近阻力代理，来自近期高点和 ATR 区间"", ""not_trading_instruction"": true, ""price"": 8.97, ""source"": ""price_structure + volatility_band""}, ""nearest_support"": {""confidence"": ""low"", ""distance_pct"": -0.0612, ""meaning"": ""最近支撑代理，来自近期低点和 ATR 区间"", ""not_trading_instruction"": true, ""price"": 7.72, ""source"": ""price_structure + volatility_band""}, ""primary_confirmation_level"": {""confidence"": ""low"", ""distance_pct"": 0.3224, ""meaning"": ""站上该价位说明个股主路径正在兑现"", ""not_trading_instruction"": true, ""price"": 10.87, ""source"": ""price_structure + scenario_path""}, ""primary_invalidation_level"": {""confidence"": ""low"", ""distance_pct"": -0.1229, ""meaning"": ""跌破该价位说明个股主路径失效概率上升"", ""not_trading_instruction"": true, ""price"": 7.21, ""source"": ""recent_low + volatility_band""}, ""risk_scenario_activation_level"": {""confidence"": ""low"", ""distance_pct"": -0.1229, ""meaning"": ""跌破该价位说明个股风险路径权重上升"", ""not_trading_instruction"": true, ""price"": 7.21, ""source"": ""volatility_band""}, ""trend_repair_confirmation_level"": {""confidence"": ""low"", ""distance_pct"": 0.3224, ""meaning"": ""突破该价位说明个股趋势修复概率提高"", ""not_trading_instruction"": true, ""price"": 10.87, ""source"": ""recent_high + scenario_path""}}","{""conflicting"": [""大盘风险背景压低个股置信度"", ""个股弱于所属板块"", ""价格结构与主路径冲突"", ""基础财务指标偏弱"", ""历史相似结构与主路径冲突"", ""个股 Alpha 评分已接入""], ""market_context"": ""risk_off_pressure"", ""missing"": [""options_volatility"", ""single_stock_options""], ""price_close"": 8.220000267028809, ""sector_relative_strength_20d"": -0.188, ""supporting"": [""当前没有足够强的多源支持证据。""]}","{""10d"": 7.99, ""1d"": 8.19, ""20d"": 7.95, ""3d"": 8.13, ""5d"": 8.07, ""60d"": 7.95}",,,,,,,,,,,,,,,,,,,,,,,,,,,not_yet_validated,pending,,,,,,,,,,,,false
9196f552b2a5d320ce6d,2026-07-28,stock,stock_baseline_v1,TSLA,TSLA,QQQ,307.44000244140625,stock_downside_continuation,0.3014,stock_failed_bounce,0.2608,stock_event_risk,0.1153,36.62,market_headwind,conflicting,0,41.93,50.0,100,0,0.2309,-0.026,0.3095,0.3,87.5,"{""expected"": 306.49, ""lower"": 298.49, ""upper"": 314.49}","{""bounce_target_zone"": {""base"": 317.2, ""conservative"": 317.2, ""extended"": 445.88, ""meaning"": ""概率反抽情景参考区间，不是目标价承诺。"", ""not_trading_instruction"": true, ""source"": ""scenario_path + atr + recent_resistance""}, ""breakdown_level"": {""confidence"": ""low"", ""distance_pct"": -0.0582, ""meaning"": ""跌破该价位说明个股跌破结构风险上升"", ""not_trading_instruction"": true, ""price"": 289.54, ""source"": ""recent_low + risk_activation""}, ""breakout_level"": {""confidence"": ""low"", ""distance_pct"": 0.4079, ""meaning"": ""突破该价位说明个股突破情景需要重新评估"", ""not_trading_instruction"": true, ""price"": 432.86, ""source"": ""recent_high + primary_confirmation""}, ""failed_bounce_warning_zone"": {""critical_warning"": 296.86, ""first_warning"": 300.12, ""meaning"": ""跌入该区间说明失败反抽风险上升。"", ""not_trading_instruction"": true, ""source"": ""risk_path + atr + recent_support""}, ""nearest_resistance"": {""confidence"": ""low"", ""distance_pct"": 0.0635, ""meaning"": ""最近阻力代理，来自近期高点和 ATR 区间"", ""not_trading_instruction"": true, ""price"": 326.97, ""source"": ""price_structure + volatility_band""}, ""nearest_support"": {""confidence"": ""low"", ""distance_pct"": -0.022, ""meaning"": ""最近支撑代理，来自近期低点和 ATR 区间"", ""not_trading_instruction"": true, ""price"": 300.69, ""source"": ""price_structure + volatility_band""}, ""primary_confirmation_level"": {""confidence"": ""low"", ""distance_pct"": 0.4079, ""meaning"": ""站上该价位说明个股主路径正在兑现"", ""not_trading_instruction"": true, ""price"": 432.86, ""source"": ""price_structure + scenario_path""}, ""primary_invalidation_level"": {""confidence"": ""low"", ""distance_pct"": -0.0344, ""meaning"": ""跌破该价位说明个股主路径失效概率上升"", ""not_trading_instruction"": true, ""price"": 296.86, ""source"": ""recent_low + volatility_band""}, ""risk_scenario_activation_level"": {""confidence"": ""low"", ""distance_pct"": -0.0582, ""meaning"": ""跌破该价位说明个股风险路径权重上升"", ""not_trading_instruction"": true, ""price"": 289.54, ""source"": ""volatility_band""}, ""trend_repair_confirmation_level"": {""confidence"": ""low"", ""distance_pct"": 0.4079, ""meaning"": ""突破该价位说明个股趋势修复概率提高"", ""not_trading_instruction"": true, ""price"": 432.86, ""source"": ""recent_high + scenario_path""}}","{""conflicting"": [""大盘风险背景压低个股置信度"", ""个股弱于所属板块"", ""价格结构与主路径冲突"", ""成交量不确认当前路径"", ""公司新闻或财报事件风险上升"", ""历史相似结构与主路径冲突"", ""个股 Alpha 评分已接入"", ""主路径和第二路径差距较小""], ""market_context"": ""market_headwind"", ""missing"": [""options_volatility"", ""single_stock_options""], ""price_close"": 307.44000244140625, ""sector_relative_strength_20d"": -0.2139, ""supporting"": [""基础财务指标已接入且收入增长为正。""]}","{""10d"": 300.9, ""1d"": 306.49, ""20d"": 299.78, ""3d"": 304.85, ""5d"": 303.25, ""60d"": 299.46}",,,,,,,,,,,,,,,,,,,,,,,,,,,not_yet_validated,pending,,,,,,,,,,,,false
4bb880cdec25f136ade9,2026-07-29,stock,stock_baseline_v1,CEG,CEG,SPY,257.95001220703125,stock_failed_bounce,0.2819,stock_downside_continuation,0.2001,stock_event_risk,0.1138,42.11,risk_off_pressure,supportive,41.04,56.92,45.44,51.4,32.5,0.5594,-0.0093,0.2008,0.34,87.5,"{""expected"": 257.63, ""lower"": 253.37, ""upper"": 261.9}","{""bounce_target_zone"": {""base"": 263.16, ""conservative"": 263.16, ""extended"": 286.54, ""meaning"": ""概率反抽情景参考区间，不是目标价承诺。"", ""not_trading_instruction"": true, ""source"": ""scenario_path + atr + recent_resistance""}, ""breakdown_level"": {""confidence"": ""low"", ""distance_pct"": -0.1137, ""meaning"": ""跌破该价位说明个股跌破结构风险上升"", ""not_trading_instruction"": true, ""price"": 228.63, ""source"": ""recent_low + risk_activation""}, ""breakout_level"": {""confidence"": ""low"", ""distance_pct"": 0.0839, ""meaning"": ""突破该价位说明个股突破情景需要重新评估"", ""not_trading_instruction"": true, ""price"": 279.6, ""source"": ""recent_high + primary_confirmation""}, ""failed_bounce_warning_zone"": {""critical_warning"": 228.63, ""first_warning"": 254.05, ""meaning"": ""跌入该区间说明失败反抽风险上升。"", ""not_trading_instruction"": true, ""source"": ""risk_path + atr + recent_support""}, ""nearest_resistance"": {""confidence"": ""low"", ""distance_pct"": 0.0404, ""meaning"": ""最近阻力代理，来自近期高点和 ATR 区间"", ""not_trading_instruction"": true, ""price"": 268.36, ""source"": ""price_structure + volatility_band""}, ""nearest_support"": {""confidence"": ""low"", ""distance_pct"": -0.0269, ""meaning"": ""最近支撑代理，来自近期低点和 ATR 区间"", ""not_trading_instruction"": true, ""price"": 251.01, ""source"": ""price_structure + volatility_band""}, ""primary_confirmation_level"": {""confidence"": ""low"", ""distance_pct"": 0.0839, ""meaning"": ""站上该价位说明个股主路径正在兑现"", ""not_trading_instruction"": true, ""price"": 279.6, ""source"": ""price_structure + scenario_path""}, ""primary_invalidation_level"": {""confidence"": ""low"", ""distance_pct"": -0.1137, ""meaning"": ""跌破该价位说明个股主路径失效概率上升"", ""not_trading_instruction"": true, ""price"": 228.63, ""source"": ""recent_low + volatility_band""}, ""risk_scenario_activation_level"": {""confidence"": ""low"", ""distance_pct"": -0.1137, ""meaning"": ""跌破该价位说明个股风险路径权重上升"", ""not_trading_instruction"": true, ""price"": 228.63, ""source"": ""volatility_band""}, ""trend_repair_confirmation_level"": {""confidence"": ""low"", ""distance_pct"": 0.0839, ""meaning"": ""突破该价位说明个股趋势修复概率提高"", ""not_trading_instruction"": true, ""price"": 279.6, ""source"": ""recent_high + scenario_path""}}","{""conflicting"": [""大盘风险背景压低个股置信度"", ""价格结构与主路径冲突"", ""历史相似结构与主路径冲突"", ""个股 Alpha 评分已接入""], ""market_context"": ""risk_off_pressure"", ""missing"": [""options_volatility"", ""single_stock_options""], ""price_close"": 257.95001220703125, ""sector_relative_strength_20d"": 0.0481, ""supporting"": [""个股跑赢所属板块"", ""基础财务指标偏支持""]}","{""10d"": 255.43, ""1d"": 257.63, ""20d"": 255.23, ""3d"": 257.01, ""5d"": 256.37, ""60d"": 255.55}",,,,,,,,,,,,,,,,,,,,,,,,,,,not_yet_validated,pending,,,,,,,,,,,,false
37f82bd954587b7c2355,2026-07-29,stock,stock_baseline_v1,NVDA,NVDA,QQQ,190.00999450683594,stock_failed_bounce,0.2825,stock_downside_continuation,0.2195,stock_event_risk,0.1369,41.86,risk_off_pressure,supportive,15.55,46.84,57.01,100,38.5,0.5748,-0.0146,0.194,0.4,87.5,"{""expected"": 189.65, ""lower"": 185.8, ""upper"": 193.5}","{""bounce_target_zone"": {""base"": 194.71, ""conservative"": 194.71, ""extended"": 220.66, ""meaning"": ""概率反抽情景参考区间，不是目标价承诺。"", ""not_trading_instruction"": true, ""source"": ""scenario_path + atr + recent_resistance""}, ""breakdown_level"": {""confidence"": ""low"", ""distance_pct"": -0.0454, ""meaning"": ""跌破该价位说明个股跌破结构风险上升"", ""not_trading_instruction"": true, ""price"": 181.39, ""source"": ""recent_low + risk_activation""}, ""breakout_level"": {""confidence"": ""low"", ""distance_pct"": 0.1283, ""meaning"": ""突破该价位说明个股突破情景需要重新评估"", ""not_trading_instruction"": true, ""price"": 214.39, ""source"": ""recent_high + primary_confirmation""}, ""failed_bounce_warning_zone"": {""critical_warning"": 184.92, ""first_warning"": 186.48, ""meaning"": ""跌入该区间说明失败反抽风险上升。"", ""not_trading_instruction"": true, ""source"": ""risk_path + atr + recent_support""}, ""nearest_resistance"": {""confidence"": ""low"", ""distance_pct"": 0.0495, ""meaning"": ""最近阻力代理，来自近期高点和 ATR 区间"", ""not_trading_instruction"": true, ""price"": 199.41, ""source"": ""price_structure + volatility_band""}, ""nearest_support"": {""confidence"": ""low"", ""distance_pct"": 0.0, ""meaning"": ""最近支撑代理，来自近期低点和 ATR 区间"", ""not_trading_instruction"": true, ""price"": 190.01, ""source"": ""price_structure + volatility_band""}, ""primary_confirmation_level"": {""confidence"": ""low"", ""distance_pct"": 0.1283, ""meaning"": ""站上该价位说明个股主路径正在兑现"", ""not_trading_instruction"": true, ""price"": 214.39, ""source"": ""price_structure + scenario_path""}, ""primary_invalidation_level"": {""confidence"": ""low"", ""distance_pct"": -0.0268, ""meaning"": ""跌破该价位说明个股主路径失效概率上升"", ""not_trading_instruction"": true, ""price"": 184.92, ""source"": ""recent_low + volatility_band""}, ""risk_scenario_activation_level"": {""confidence"": ""low"", ""distance_pct"": -0.0454, ""meaning"": ""跌破该价位说明个股风险路径权重上升"", ""not_trading_instruction"": true, ""price"": 181.39, ""source"": ""volatility_band""}, ""trend_repair_confirmation_level"": {""confidence"": ""low"", ""distance_pct"": 0.1283, ""meaning"": ""突破该价位说明个股趋势修复概率提高"", ""not_trading_instruction"": true, ""price"": 214.39, ""source"": ""recent_high + scenario_path""}}","{""conflicting"": [""大盘风险背景压低个股置信度"", ""价格结构与主路径冲突"", ""公司新闻或财报事件风险上升"", ""个股 Alpha 评分已接入"", ""主路径和第二路径差距较小""], ""market_context"": ""risk_off_pressure"", ""missing"": [""options_volatility"", ""single_stock_options""], ""price_close"": 190.00999450683594, ""sector_relative_strength_20d"": 0.0753, ""supporting"": [""个股跑赢所属板块"", ""基础财务指标偏支持""]}","{""10d"": 187.35, ""1d"": 189.65, ""20d"": 187.06, ""3d"": 188.98, ""5d"": 188.32, ""60d"": 187.23}",,,,,,,,,,,,,,,,,,,,,,,,,,,not_yet_validated,pending,,,,,,,,,,,,false
8ad864e33ecde6e55fb0,2026-07-29,stock,stock_baseline_v1,SMR,SMR,IWM,7.590000152587891,stock_downside_continuation,0.3064,stock_failed_bounce,0.2301,stock_event_risk,0.1369,33.2,risk_off_pressure,conflicting,0,47.97,50.0,53.96,0,0.217,-0.0395,0.4559,0.34,87.5,"{""expected"": 7.55, ""lower"": 7.23, ""upper"": 7.87}","{""bounce_target_zone"": {""base"": 7.98, ""conservative"": 7.98, ""extended"": 11.39, ""meaning"": ""概率反抽情景参考区间，不是目标价承诺。"", ""not_trading_instruction"": true, ""source"": ""scenario_path + atr + recent_resistance""}, ""breakdown_level"": {""confidence"": ""low"", ""distance_pct"": -0.0942, ""meaning"": ""跌破该价位说明个股跌破结构风险上升"", ""not_trading_instruction"": true, ""price"": 6.88, ""source"": ""recent_low + risk_activation""}, ""breakout_level"": {""confidence"": ""low"", ""distance_pct"": 0.4321, ""meaning"": ""突破该价位说明个股突破情景需要重新评估"", ""not_trading_instruction"": true, ""price"": 10.87, ""source"": ""recent_high + primary_confirmation""}, ""failed_bounce_warning_zone"": {""critical_warning"": 7.17, ""first_warning"": 7.3, ""meaning"": ""跌入该区间说明失败反抽风险上升。"", ""not_trading_instruction"": true, ""source"": ""risk_path + atr + recent_support""}, ""nearest_resistance"": {""confidence"": ""low"", ""distance_pct"": 0.1028, ""meaning"": ""最近阻力代理，来自近期高点和 ATR 区间"", ""not_trading_instruction"": true, ""price"": 8.37, ""source"": ""price_structure + volatility_band""}, ""nearest_support"": {""confidence"": ""low"", ""distance_pct"": -0.0501, ""meaning"": ""最近支撑代理，来自近期低点和 ATR 区间"", ""not_trading_instruction"": true, ""price"": 7.21, ""source"": ""price_structure + volatility_band""}, ""primary_confirmation_level"": {""confidence"": ""low"", ""distance_pct"": 0.4321, ""meaning"": ""站上该价位说明个股主路径正在兑现"", ""not_trading_instruction"": true, ""price"": 10.87, ""source"": ""price_structure + scenario_path""}, ""primary_invalidation_level"": {""confidence"": ""low"", ""distance_pct"": -0.0557, ""meaning"": ""跌破该价位说明个股主路径失效概率上升"", ""not_trading_instruction"": true, ""price"": 7.17, ""source"": ""recent_low + volatility_band""}, ""risk_scenario_activation_level"": {""confidence"": ""low"", ""distance_pct"": -0.0942, ""meaning"": ""跌破该价位说明个股风险路径权重上升"", ""not_trading_instruction"": true, ""price"": 6.88, ""source"": ""volatility_band""}, ""trend_repair_confirmation_level"": {""confidence"": ""low"", ""distance_pct"": 0.4321, ""meaning"": ""突破该价位说明个股趋势修复概率提高"", ""not_trading_instruction"": true, ""price"": 10.87, ""source"": ""recent_high + scenario_path""}}","{""conflicting"": [""大盘风险背景压低个股置信度"", ""个股弱于所属板块"", ""价格结构与主路径冲突"", ""公司新闻或财报事件风险上升"", ""财报日期临近"", ""历史相似结构与主路径冲突"", ""个股 Alpha 评分已接入"", ""主路径和第二路径差距较小""], ""market_context"": ""risk_off_pressure"", ""missing"": [""options_volatility"", ""single_stock_options""], ""price_close"": 7.590000152587891, ""sector_relative_strength_20d"": -0.2338, ""supporting"": [""当前没有足够强的多源支持证据。""]}","{""10d"": 7.34, ""1d"": 7.55, ""20d"": 7.3, ""3d"": 7.49, ""5d"": 7.43, ""60d"": 7.29}",,,,,,,,,,,,,,,,,,,,,,,,,,,not_yet_validated,pending,,,,,,,,,,,,false
c82bad2fee82f1d6ee9e,2026-07-29,stock,stock_baseline_v1,TSLA,TSLA,QQQ,298.32000732421875,stock_downside_continuation,0.3138,stock_failed_bounce,0.2597,stock_event_risk,0.1124,36.66,risk_off_pressure,conflicting,0,42.24,50.0,100,0,0.2286,-0.0277,0.33,0.28,87.5,"{""expected"": 297.35, ""lower"": 289.52, ""upper"": 305.17}","{""bounce_target_zone"": {""base"": 307.86, ""conservative"": 307.86, ""extended"": 445.57, ""meaning"": ""概率反抽情景参考区间，不是目标价承诺。"", ""not_trading_instruction"": true, ""source"": ""scenario_path + atr + recent_resistance""}, ""breakdown_level"": {""confidence"": ""low"", ""distance_pct"": -0.0586, ""meaning"": ""跌破该价位说明个股跌破结构风险上升"", ""not_trading_instruction"": true, ""price"": 280.84, ""source"": ""recent_low + risk_activation""}, ""breakout_level"": {""confidence"": ""low"", ""distance_pct"": 0.451, ""meaning"": ""突破该价位说明个股突破情景需要重新评估"", ""not_trading_instruction"": true, ""price"": 432.86, ""source"": ""recent_high + primary_confirmation""}, ""failed_bounce_warning_zone"": {""critical_warning"": 287.99, ""first_warning"": 291.17, ""meaning"": ""跌入该区间说明失败反抽风险上升。"", ""not_trading_instruction"": true, ""source"": ""risk_path + atr + recent_support""}, ""nearest_resistance"": {""confidence"": ""low"", ""distance_pct"": 0.0639, ""meaning"": ""最近阻力代理，来自近期高点和 ATR 区间"", ""not_trading_instruction"": true, ""price"": 317.39, ""source"": ""price_structure + volatility_band""}, ""nearest_support"": {""confidence"": ""low"", ""distance_pct"": -0.0032, ""meaning"": ""最近支撑代理，来自近期低点和 ATR 区间"", ""not_trading_instruction"": true, ""price"": 297.38, ""source"": ""price_structure + volatility_band""}, ""primary_confirmation_level"": {""confidence"": ""low"", ""distance_pct"": 0.451, ""meaning"": ""站上该价位说明个股主路径正在兑现"", ""not_trading_instruction"": true, ""price"": 432.86, ""source"": ""price_structure + scenario_path""}, ""primary_invalidation_level"": {""confidence"": ""low"", ""distance_pct"": -0.0346, ""meaning"": ""跌破该价位说明个股主路径失效概率上升"", ""not_trading_instruction"": true, ""price"": 287.99, ""source"": ""recent_low + volatility_band""}, ""risk_scenario_activation_level"": {""confidence"": ""low"", ""distance_pct"": -0.0586, ""meaning"": ""跌破该价位说明个股风险路径权重上升"", ""not_trading_instruction"": true, ""price"": 280.84, ""source"": ""volatility_band""}, ""trend_repair_confirmation_level"": {""confidence"": ""low"", ""distance_pct"": 0.451, ""meaning"": ""突破该价位说明个股趋势修复概率提高"", ""not_trading_instruction"": true, ""price"": 432.86, ""source"": ""recent_high + scenario_path""}}","{""conflicting"": [""大盘风险背景压低个股置信度"", ""个股弱于所属板块"", ""价格结构与主路径冲突"", ""公司新闻或财报事件风险上升"", ""历史相似结构与主路径冲突"", ""个股 Alpha 评分已接入"", ""主路径和第二路径差距较小""], ""market_context"": ""risk_off_pressure"", ""missing"": [""options_volatility"", ""single_stock_options""], ""price_close"": 298.32000732421875, ""sector_relative_strength_20d"": -0.2424, ""supporting"": [""近期公司新闻偏正面。"", ""基础财务指标已接入且收入增长为正。""]}","{""10d"": 291.67, ""1d"": 297.35, ""20d"": 290.49, ""3d"": 295.67, ""5d"": 294.05, ""60d"": 290.06}",,,,,,,,,,,,,,,,,,,,,,,,,,,not_yet_validated,pending,,,,,,,,,,,,false
5afcf018f37b6832a6da,2026-07-30,stock,stock_baseline_v1,CEG,CEG,SPY,263.55999755859375,stock_failed_bounce,0.2706,stock_downside_continuation,0.1804,stock_event_risk,0.1481,45.99,risk_off_pressure,supportive,48.64,60.28,52.49,56.52,33.5,0.6099,-0.0081,0.1835,0.4,87.5,"{""expected"": 263.22, ""lower"": 258.64, ""upper"": 267.79}","{""bounce_target_zone"": {""base"": 269.14, ""conservative"": 269.14, ""extended"": 287.04, ""meaning"": ""概率反抽情景参考区间，不是目标价承诺。"", ""not_trading_instruction"": true, ""source"": ""scenario_path + atr + recent_resistance""}, ""breakdown_level"": {""confidence"": ""low"", ""distance_pct"": -0.1024, ""meaning"": ""跌破该价位说明个股跌破结构风险上升"", ""not_trading_instruction"": true, ""price"": 236.56, ""source"": ""recent_low + risk_activation""}, ""breakout_level"": {""confidence"": ""low"", ""distance_pct"": 0.0609, ""meaning"": ""突破该价位说明个股突破情景需要重新评估"", ""not_trading_instruction"": true, ""price"": 279.6, ""source"": ""recent_high + primary_confirmation""}, ""failed_bounce_warning_zone"": {""critical_warning"": 236.56, ""first_warning"": 259.38, ""meaning"": ""跌入该区间说明失败反抽风险上升。"", ""not_trading_instruction"": true, ""source"": ""risk_path + atr + recent_support""}, ""nearest_resistance"": {""confidence"": ""low"", ""distance_pct"": 0.0423, ""meaning"": ""最近阻力代理，来自近期高点和 ATR 区间"", ""not_trading_instruction"": true, ""price"": 274.71, ""source"": ""price_structure + volatility_band""}, ""nearest_support"": {""confidence"": ""low"", ""distance_pct"": -0.0282, ""meaning"": ""最近支撑代理，来自近期低点和 ATR 区间"", ""not_trading_instruction"": true, ""price"": 256.12, ""source"": ""price_structure + volatility_band""}, ""primary_confirmation_level"": {""confidence"": ""low"", ""distance_pct"": 0.0609, ""meaning"": ""站上该价位说明个股主路径正在兑现"", ""not_trading_instruction"": true, ""price"": 279.6, ""source"": ""price_structure + scenario_path""}, ""primary_invalidation_level"": {""confidence"": ""low"", ""distance_pct"": -0.1024, ""meaning"": ""跌破该价位说明个股主路径失效概率上升"", ""not_trading_instruction"": true, ""price"": 236.56, ""source"": ""recent_low + volatility_band""}, ""risk_scenario_activation_level"": {""confidence"": ""low"", ""distance_pct"": -0.1024, ""meaning"": ""跌破该价位说明个股风险路径权重上升"", ""not_trading_instruction"": true, ""price"": 236.56, ""source"": ""volatility_band""}, ""trend_repair_confirmation_level"": {""confidence"": ""low"", ""distance_pct"": 0.0609, ""meaning"": ""突破该价位说明个股趋势修复概率提高"", ""not_trading_instruction"": true, ""price"": 279.6, ""source"": ""recent_high + scenario_path""}}","{""conflicting"": [""大盘风险背景压低个股置信度"", ""公司新闻或财报事件风险上升"", ""财报日期临近"", ""个股 Alpha 评分已接入""], ""market_context"": ""risk_off_pressure"", ""missing"": [""options_volatility"", ""single_stock_options""], ""price_close"": 263.55999755859375, ""sector_relative_strength_20d"": 0.1169, ""supporting"": [""个股跑赢所属板块""]}","{""10d"": 261.0, ""1d"": 263.22, ""20d"": 260.89, ""3d"": 262.56, ""5d"": 261.91, ""60d"": 261.42}",,,,,,,,,,,,,,,,,,,,,,,,,,,not_yet_validated,pending,,,,,,,,,,,,false
b59ebd284152f201312e,2026-07-30,stock,stock_baseline_v1,NVDA,NVDA,QQQ,195.0399932861328,stock_failed_bounce,0.2732,stock_downside_continuation,0.1982,stock_event_risk,0.1418,41.45,market_headwind,supportive,28.16,41.11,55.03,100,44.5,0.5936,-0.0125,0.1726,0.42,87.5,"{""expected"": 194.72, ""lower"": 190.93, ""upper"": 198.51}","{""bounce_target_zone"": {""base"": 199.66, ""conservative"": 199.66, ""extended"": 220.55, ""meaning"": ""概率反抽情景参考区间，不是目标价承诺。"", ""not_trading_instruction"": true, ""source"": ""scenario_path + atr + recent_resistance""}, ""breakdown_level"": {""confidence"": ""low"", ""distance_pct"": -0.0435, ""meaning"": ""跌破该价位说明个股跌破结构风险上升"", ""not_trading_instruction"": true, ""price"": 186.56, ""source"": ""recent_low + risk_activation""}, ""breakout_level"": {""confidence"": ""low"", ""distance_pct"": 0.0992, ""meaning"": ""突破该价位说明个股突破情景需要重新评估"", ""not_trading_instruction"": true, ""price"": 214.39, ""source"": ""recent_high + primary_confirmation""}, ""failed_bounce_warning_zone"": {""critical_warning"": 190.01, ""first_warning"": 191.57, ""meaning"": ""跌入该区间说明失败反抽风险上升。"", ""not_trading_instruction"": true, ""source"": ""risk_path + atr + recent_support""}, ""nearest_resistance"": {""confidence"": ""low"", ""distance_pct"": 0.0474, ""meaning"": ""最近阻力代理，来自近期高点和 ATR 区间"", ""not_trading_instruction"": true, ""price"": 204.29, ""source"": ""price_structure + volatility_band""}, ""nearest_support"": {""confidence"": ""low"", ""distance_pct"": -0.0258, ""meaning"": ""最近支撑代理，来自近期低点和 ATR 区间"", ""not_trading_instruction"": true, ""price"": 190.01, ""source"": ""price_structure + volatility_band""}, ""primary_confirmation_level"": {""confidence"": ""low"", ""distance_pct"": 0.0992, ""meaning"": ""站上该价位说明个股主路径正在兑现"", ""not_trading_instruction"": true, ""price"": 214.39, ""source"": ""price_structure + scenario_path""}, ""primary_invalidation_level"": {""confidence"": ""low"", ""distance_pct"": -0.0258, ""meaning"": ""跌破该价位说明个股主路径失效概率上升"", ""not_trading_instruction"": true, ""price"": 190.01, ""source"": ""recent_low + volatility_band""}, ""risk_scenario_activation_level"": {""confidence"": ""low"", ""distance_pct"": -0.0435, ""meaning"": ""跌破该价位说明个股风险路径权重上升"", ""not_trading_instruction"": true, ""price"": 186.56, ""source"": ""volatility_band""}, ""trend_repair_confirmation_level"": {""confidence"": ""low"", ""distance_pct"": 0.0992, ""meaning"": ""突破该价位说明个股趋势修复概率提高"", ""not_trading_instruction"": true, ""price"": 214.39, ""source"": ""recent_high + scenario_path""}}","{""conflicting"": [""大盘风险背景压低个股置信度"", ""价格结构与主路径冲突"", ""成交量不确认当前路径"", ""公司新闻或财报事件风险上升"", ""历史相似结构与主路径冲突"", ""个股 Alpha 评分已接入"", ""主路径和第二路径差距较小""], ""market_context"": ""market_headwind"", ""missing"": [""options_volatility"", ""single_stock_options""], ""price_close"": 195.0399932861328, ""sector_relative_strength_20d"": 0.0404, ""supporting"": [""个股跑赢所属板块"", ""基础财务指标偏支持""]}","{""10d"": 192.63, ""1d"": 194.72, ""20d"": 192.39, ""3d"": 194.11, ""5d"": 193.5, ""60d"": 192.61}",,,,,,,,,,,,,,,,,,,,,,,,,,,not_yet_validated,pending,,,,,,,,,,,,false
e18a091bec8927ae3941,2026-07-30,stock,stock_baseline_v1,SMR,SMR,IWM,8.600000381469727,stock_downside_continuation,0.2826,stock_failed_bounce,0.2206,stock_event_risk,0.16,34.02,risk_off_pressure,conflicting,33.69,47.55,50.0,51.4,0,0.2758,-0.0349,0.3835,0.36,87.5,"{""expected"": 8.56, ""lower"": 8.22, ""upper"": 8.9}","{""bounce_target_zone"": {""base"": 9.02, ""conservative"": 9.02, ""extended"": 11.42, ""meaning"": ""概率反抽情景参考区间，不是目标价承诺。"", ""not_trading_instruction"": true, ""source"": ""scenario_path + atr + recent_resistance""}, ""breakdown_level"": {""confidence"": ""low"", ""distance_pct"": -0.1616, ""meaning"": ""跌破该价位说明个股跌破结构风险上升"", ""not_trading_instruction"": true, ""price"": 7.21, ""source"": ""recent_low + risk_activation""}, ""breakout_level"": {""confidence"": ""low"", ""distance_pct"": 0.264, ""meaning"": ""突破该价位说明个股突破情景需要重新评估"", ""not_trading_instruction"": true, ""price"": 10.87, ""source"": ""recent_high + primary_confirmation""}, ""failed_bounce_warning_zone"": {""critical_warning"": 7.21, ""first_warning"": 8.29, ""meaning"": ""跌入该区间说明失败反抽风险上升。"", ""not_trading_instruction"": true, ""source"": ""risk_path + atr + recent_support""}, ""nearest_resistance"": {""confidence"": ""low"", ""distance_pct"": 0.0968, ""meaning"": ""最近阻力代理，来自近期高点和 ATR 区间"", ""not_trading_instruction"": true, ""price"": 9.43, ""source"": ""price_structure + volatility_band""}, ""nearest_support"": {""confidence"": ""low"", ""distance_pct"": -0.0645, ""meaning"": ""最近支撑代理，来自近期低点和 ATR 区间"", ""not_trading_instruction"": true, ""price"": 8.05, ""source"": ""price_structure + volatility_band""}, ""primary_confirmation_level"": {""confidence"": ""low"", ""distance_pct"": 0.264, ""meaning"": ""站上该价位说明个股主路径正在兑现"", ""not_trading_instruction"": true, ""price"": 10.87, ""source"": ""price_structure + scenario_path""}, ""primary_invalidation_level"": {""confidence"": ""low"", ""distance_pct"": -0.1616, ""meaning"": ""跌破该价位说明个股主路径失效概率上升"", ""not_trading_instruction"": true, ""price"": 7.21, ""source"": ""recent_low + volatility_band""}, ""risk_scenario_activation_level"": {""confidence"": ""low"", ""distance_pct"": -0.1616, ""meaning"": ""跌破该价位说明个股风险路径权重上升"", ""not_trading_instruction"": true, ""price"": 7.21, ""source"": ""volatility_band""}, ""trend_repair_confirmation_level"": {""confidence"": ""low"", ""distance_pct"": 0.264, ""meaning"": ""突破该价位说明个股趋势修复概率提高"", ""not_trading_instruction"": true, ""price"": 10.87, ""source"": ""recent_high + scenario_path""}}","{""conflicting"": [""大盘风险背景压低个股置信度"", ""个股弱于所属板块"", ""价格结构与主路径冲突"", ""公司新闻或财报事件风险上升"", ""财报日期临近"", ""个股 Alpha 评分已接入"", ""主路径和第二路径差距较小""], ""market_context"": ""risk_off_pressure"", ""missing"": [""options_volatility"", ""single_stock_options""], ""price_close"": 8.600000381469727, ""sector_relative_strength_20d"": -0.1503, ""supporting"": [""历史相似结构支持主路径""]}","{""10d"": 8.34, ""1d"": 8.56, ""20d"": 8.3, ""3d"": 8.49, ""5d"": 8.43, ""60d"": 8.3}",,,,,,,,,,,,,,,,,,,,,,,,,,,not_yet_validated,pending,,,,,,,,,,,,false
9fd317c1e1f438b76f5b,2026-07-30,stock,stock_baseline_v1,TSLA,TSLA,QQQ,308.8500061035156,stock_downside_continuation,0.3271,stock_failed_bounce,0.2054,stock_event_risk,0.1226,41.57,market_headwind,conflicting,0,41.47,50.0,100,0,0.2069,-0.0233,0.3064,0.32,87.5,"{""expected"": 307.93, ""lower"": 300.03, ""upper"": 315.83}","{""bounce_target_zone"": {""base"": 318.48, ""conservative"": 318.48, ""extended"": 445.19, ""meaning"": ""概率反抽情景参考区间，不是目标价承诺。"", ""not_trading_instruction"": true, ""source"": ""scenario_path + atr + recent_resistance""}, ""breakdown_level"": {""confidence"": ""low"", ""distance_pct"": -0.0572, ""meaning"": ""跌破该价位说明个股跌破结构风险上升"", ""not_trading_instruction"": true, ""price"": 291.2, ""source"": ""recent_low + risk_activation""}, ""breakout_level"": {""confidence"": ""low"", ""distance_pct"": 0.3999, ""meaning"": ""突破该价位说明个股突破情景需要重新评估"", ""not_trading_instruction"": true, ""price"": 432.35, ""source"": ""recent_high + primary_confirmation""}, ""failed_bounce_warning_zone"": {""critical_warning"": 297.38, ""first_warning"": 301.63, ""meaning"": ""跌入该区间说明失败反抽风险上升。"", ""not_trading_instruction"": true, ""source"": ""risk_path + atr + recent_support""}, ""nearest_resistance"": {""confidence"": ""low"", ""distance_pct"": 0.0624, ""meaning"": ""最近阻力代理，来自近期高点和 ATR 区间"", ""not_trading_instruction"": true, ""price"": 328.11, ""source"": ""price_structure + volatility_band""}, ""nearest_support"": {""confidence"": ""low"", ""distance_pct"": -0.0371, ""meaning"": ""最近支撑代理，来自近期低点和 ATR 区间"", ""not_trading_instruction"": true, ""price"": 297.38, ""source"": ""price_structure + volatility_band""}, ""primary_confirmation_level"": {""confidence"": ""low"", ""distance_pct"": 0.3999, ""meaning"": ""站上该价位说明个股主路径正在兑现"", ""not_trading_instruction"": true, ""price"": 432.35, ""source"": ""price_structure + scenario_path""}, ""primary_invalidation_level"": {""confidence"": ""low"", ""distance_pct"": -0.0371, ""meaning"": ""跌破该价位说明个股主路径失效概率上升"", ""not_trading_instruction"": true, ""price"": 297.38, ""source"": ""recent_low + volatility_band""}, ""risk_scenario_activation_level"": {""confidence"": ""low"", ""distance_pct"": -0.0572, ""meaning"": ""跌破该价位说明个股风险路径权重上升"", ""not_trading_instruction"": true, ""price"": 291.2, ""source"": ""volatility_band""}, ""trend_repair_confirmation_level"": {""confidence"": ""low"", ""distance_pct"": 0.3999, ""meaning"": ""突破该价位说明个股趋势修复概率提高"", ""not_trading_instruction"": true, ""price"": 432.35, ""source"": ""recent_high + scenario_path""}}","{""conflicting"": [""大盘风险背景压低个股置信度"", ""个股弱于所属板块"", ""价格结构与主路径冲突"", ""成交量不确认当前路径"", ""公司新闻或财报事件风险上升"", ""历史相似结构与主路径冲突"", ""个股 Alpha 评分已接入""], ""market_context"": ""market_headwind"", ""missing"": [""options_volatility"", ""single_stock_options""], ""price_close"": 308.8500061035156, ""sector_relative_strength_20d"": -0.2255, ""supporting"": [""近期公司新闻偏正面。"", ""基础财务指标已接入且收入增长为正。""]}","{""10d"": 302.93, ""1d"": 307.93, ""20d"": 301.9, ""3d"": 306.41, ""5d"": 304.99, ""60d"": 301.65}",,,,,,,,,,,,,,,,,,,,,,,,,,,not_yet_validated,pending,,,,,,,,,,,,false
f4552dd9054d596cfade,2026-07-31,stock,stock_baseline_v1,CEG,CEG,SPY,262.75,stock_failed_bounce,0.2723,stock_downside_continuation,0.1829,stock_event_risk,0.15,43.07,risk_off_pressure,supportive,47.11,44.4,48.05,53.96,30.5,0.5782,-0.009,0.186,0.39,87.5,"{""expected"": 262.39, ""lower"": 257.75, ""upper"": 267.03}","{""bounce_target_zone"": {""base"": 268.41, ""conservative"": 268.41, ""extended"": 287.15, ""meaning"": ""概率反抽情景参考区间，不是目标价承诺。"", ""not_trading_instruction"": true, ""source"": ""scenario_path + atr + recent_resistance""}, ""breakdown_level"": {""confidence"": ""low"", ""distance_pct"": -0.0997, ""meaning"": ""跌破该价位说明个股跌破结构风险上升"", ""not_trading_instruction"": true, ""price"": 236.56, ""source"": ""recent_low + risk_activation""}, ""breakout_level"": {""confidence"": ""low"", ""distance_pct"": 0.0641, ""meaning"": ""突破该价位说明个股突破情景需要重新评估"", ""not_trading_instruction"": true, ""price"": 279.6, ""source"": ""recent_high + primary_confirmation""}, ""failed_bounce_warning_zone"": {""critical_warning"": 236.56, ""first_warning"": 258.51, ""meaning"": ""跌入该区间说明失败反抽风险上升。"", ""not_trading_instruction"": true, ""source"": ""risk_path + atr + recent_support""}, ""nearest_resistance"": {""confidence"": ""low"", ""distance_pct"": 0.0431, ""meaning"": ""最近阻力代理，来自近期高点和 ATR 区间"", ""not_trading_instruction"": true, ""price"": 274.07, ""source"": ""price_structure + volatility_band""}, ""nearest_support"": {""confidence"": ""low"", ""distance_pct"": -0.0287, ""meaning"": ""最近支撑代理，来自近期低点和 ATR 区间"", ""not_trading_instruction"": true, ""price"": 255.2, ""source"": ""price_structure + volatility_band""}, ""primary_confirmation_level"": {""confidence"": ""low"", ""distance_pct"": 0.0641, ""meaning"": ""站上该价位说明个股主路径正在兑现"", ""not_trading_instruction"": true, ""price"": 279.6, ""source"": ""price_structure + scenario_path""}, ""primary_invalidation_level"": {""confidence"": ""low"", ""distance_pct"": -0.0997, ""meaning"": ""跌破该价位说明个股主路径失效概率上升"", ""not_trading_instruction"": true, ""price"": 236.56, ""source"": ""recent_low + volatility_band""}, ""risk_scenario_activation_level"": {""confidence"": ""low"", ""distance_pct"": -0.0997, ""meaning"": ""跌破该价位说明个股风险路径权重上升"", ""not_trading_instruction"": true, ""price"": 236.56, ""source"": ""volatility_band""}, ""trend_repair_confirmation_level"": {""confidence"": ""low"", ""distance_pct"": 0.0641, ""meaning"": ""突破该价位说明个股趋势修复概率提高"", ""not_trading_instruction"": true, ""price"": 279.6, ""source"": ""recent_high + scenario_path""}}","{""conflicting"": [""大盘风险背景压低个股置信度"", ""公司新闻或财报事件风险上升"", ""财报日期临近"", ""个股 Alpha 评分已接入""], ""market_context"": ""risk_off_pressure"", ""missing"": [""options_volatility"", ""single_stock_options""], ""price_close"": 262.75, ""sector_relative_strength_20d"": 0.129, ""supporting"": [""个股跑赢所属板块""]}","{""10d"": 260.06, ""1d"": 262.39, ""20d"": 259.9, ""3d"": 261.7, ""5d"": 261.02, ""60d"": 260.38}",,,,,,,,,,,,,,,,,,,,,,,,,,,not_yet_validated,pending,,,,,,,,,,,,false
0eeafe55f7daf0323dc3,2026-07-31,stock,stock_baseline_v1,NVDA,NVDA,QQQ,200.75,stock_failed_bounce,0.2631,stock_downside_continuation,0.1872,stock_event_risk,0.1469,51.53,market_headwind,supportive,41.0,65.35,62.79,100,61.0,0.6759,-0.0091,0.1484,0.52,87.5,"{""expected"": 200.46, ""lower"": 196.71, ""upper"": 204.22}","{""bounce_target_zone"": {""base"": 205.33, ""conservative"": 205.33, ""extended"": 220.5, ""meaning"": ""概率反抽情景参考区间，不是目标价承诺。"", ""not_trading_instruction"": true, ""source"": ""scenario_path + atr + recent_resistance""}, ""breakdown_level"": {""confidence"": ""low"", ""distance_pct"": -0.0535, ""meaning"": ""跌破该价位说明个股跌破结构风险上升"", ""not_trading_instruction"": true, ""price"": 190.01, ""source"": ""recent_low + risk_activation""}, ""breakout_level"": {""confidence"": ""low"", ""distance_pct"": 0.0679, ""meaning"": ""突破该价位说明个股突破情景需要重新评估"", ""not_trading_instruction"": true, ""price"": 214.39, ""source"": ""recent_high + primary_confirmation""}, ""failed_bounce_warning_zone"": {""critical_warning"": 190.01, ""first_warning"": 197.31, ""meaning"": ""跌入该区间说明失败反抽风险上升。"", ""not_trading_instruction"": true, ""source"": ""risk_path + atr + recent_support""}, ""nearest_resistance"": {""confidence"": ""low"", ""distance_pct"": 0.0457, ""meaning"": ""最近阻力代理，来自近期高点和 ATR 区间"", ""not_trading_instruction"": true, ""price"": 209.92, ""source"": ""price_structure + volatility_band""}, ""nearest_support"": {""confidence"": ""low"", ""distance_pct"": -0.0304, ""meaning"": ""最近支撑代理，来自近期低点和 ATR 区间"", ""not_trading_instruction"": true, ""price"": 194.64, ""source"": ""price_structure + volatility_band""}, ""primary_confirmation_level"": {""confidence"": ""low"", ""distance_pct"": 0.0679, ""meaning"": ""站上该价位说明个股主路径正在兑现"", ""not_trading_instruction"": true, ""price"": 214.39, ""source"": ""price_structure + scenario_path""}, ""primary_invalidation_level"": {""confidence"": ""low"", ""distance_pct"": -0.0535, ""meaning"": ""跌破该价位说明个股主路径失效概率上升"", ""not_trading_instruction"": true, ""price"": 190.01, ""source"": ""recent_low + volatility_band""}, ""risk_scenario_activation_level"": {""confidence"": ""low"", ""distance_pct"": -0.0535, ""meaning"": ""跌破该价位说明个股风险路径权重上升"", ""not_trading_instruction"": true, ""price"": 190.01, ""source"": ""volatility_band""}, ""trend_repair_confirmation_level"": {""confidence"": ""low"", ""distance_pct"": 0.0679, ""meaning"": ""突破该价位说明个股趋势修复概率提高"", ""not_trading_instruction"": true, ""price"": 214.39, ""source"": ""recent_high + scenario_path""}}","{""conflicting"": [""大盘风险背景压低个股置信度"", ""价格结构与主路径冲突"", ""公司新闻或财报事件风险上升"", ""主路径和第二路径差距较小""], ""market_context"": ""market_headwind"", ""missing"": [""options_volatility"", ""single_stock_options""], ""price_close"": 200.75, ""sector_relative_strength_20d"": 0.0594, ""supporting"": [""个股跑赢所属板块"", ""成交量确认当前路径"", ""个股相对强于大盘/benchmark"", ""基础财务指标偏支持"", ""历史相似结构支持主路径""]}","{""10d"": 198.64, ""1d"": 200.46, ""20d"": 198.53, ""3d"": 199.92, ""5d"": 199.38, ""60d"": 198.93}",,,,,,,,,,,,,,,,,,,,,,,,,,,not_yet_validated,pending,,,,,,,,,,,,false
688233e00352faa8de9e,2026-07-31,stock,stock_baseline_v1,SMR,SMR,IWM,8.420000076293945,stock_downside_continuation,0.2997,stock_failed_bounce,0.2239,stock_event_risk,0.1531,26.1,risk_off_pressure,conflicting,38.82,35.76,0.24,51.4,0,0.2873,-0.0392,0.3964,0.34,87.5,"{""expected"": 8.38, ""lower"": 8.04, ""upper"": 8.71}","{""bounce_target_zone"": {""base"": 8.83, ""conservative"": 8.83, ""extended"": 10.67, ""meaning"": ""概率反抽情景参考区间，不是目标价承诺。"", ""not_trading_instruction"": true, ""source"": ""scenario_path + atr + recent_resistance""}, ""breakdown_level"": {""confidence"": ""low"", ""distance_pct"": -0.1437, ""meaning"": ""跌破该价位说明个股跌破结构风险上升"", ""not_trading_instruction"": true, ""price"": 7.21, ""source"": ""recent_low + risk_activation""}, ""breakout_level"": {""confidence"": ""low"", ""distance_pct"": 0.2019, ""meaning"": ""突破该价位说明个股突破情景需要重新评估"", ""not_trading_instruction"": true, ""price"": 10.12, ""source"": ""recent_high + primary_confirmation""}, ""failed_bounce_warning_zone"": {""critical_warning"": 7.21, ""first_warning"": 8.11, ""meaning"": ""跌入该区间说明失败反抽风险上升。"", ""not_trading_instruction"": true, ""source"": ""risk_path + atr + recent_support""}, ""nearest_resistance"": {""confidence"": ""low"", ""distance_pct"": 0.0974, ""meaning"": ""最近阻力代理，来自近期高点和 ATR 区间"", ""not_trading_instruction"": true, ""price"": 9.24, ""source"": ""price_structure + volatility_band""}, ""nearest_support"": {""confidence"": ""low"", ""distance_pct"": -0.0649, ""meaning"": ""最近支撑代理，来自近期低点和 ATR 区间"", ""not_trading_instruction"": true, ""price"": 7.87, ""source"": ""price_structure + volatility_band""}, ""primary_confirmation_level"": {""confidence"": ""low"", ""distance_pct"": 0.2019, ""meaning"": ""站上该价位说明个股主路径正在兑现"", ""not_trading_instruction"": true, ""price"": 10.12, ""source"": ""price_structure + scenario_path""}, ""primary_invalidation_level"": {""confidence"": ""low"", ""distance_pct"": -0.1437, ""meaning"": ""跌破该价位说明个股主路径失效概率上升"", ""not_trading_instruction"": true, ""price"": 7.21, ""source"": ""recent_low + volatility_band""}, ""risk_scenario_activation_level"": {""confidence"": ""low"", ""distance_pct"": -0.1437, ""meaning"": ""跌破该价位说明个股风险路径权重上升"", ""not_trading_instruction"": true, ""price"": 7.21, ""source"": ""volatility_band""}, ""trend_repair_confirmation_level"": {""confidence"": ""low"", ""distance_pct"": 0.2019, ""meaning"": ""突破该价位说明个股趋势修复概率提高"", ""not_trading_instruction"": true, ""price"": 10.12, ""source"": ""recent_high + scenario_path""}}","{""conflicting"": [""大盘风险背景压低个股置信度"", ""个股弱于所属板块"", ""价格结构与主路径冲突"", ""成交量不确认当前路径"", ""个股相对弱于大盘/benchmark"", ""公司新闻或财报事件风险上升"", ""财报日期临近"", ""个股 Alpha 评分已接入"", ""主路径和第二路径差距较小""], ""market_context"": ""risk_off_pressure"", ""missing"": [""options_volatility"", ""single_stock_options""], ""price_close"": 8.420000076293945, ""sector_relative_strength_20d"": -0.1065, ""supporting"": [""当前没有足够强的多源支持证据。""]}","{""10d"": 8.15, ""1d"": 8.38, ""20d"": 8.1, ""3d"": 8.31, ""5d"": 8.24, ""60d"": 8.09}",,,,,,,,,,,,,,,,,,,,,,,,,,,not_yet_validated,pending,,,,,,,,,,,,false
dd40a1f79df7ec8f7f9a,2026-07-31,stock,stock_baseline_v1,TSLA,TSLA,QQQ,311.2099914550781,stock_downside_continuation,0.3094,stock_failed_bounce,0.2014,stock_event_risk,0.1278,35.09,market_headwind,conflicting,2.74,41.14,50.0,100,0,0.2404,-0.0202,0.3011,0.34,87.5,"{""expected"": 310.38, ""lower"": 302.59, ""upper"": 318.18}","{""bounce_target_zone"": {""base"": 320.72, ""conservative"": 320.72, ""extended"": 432.68, ""meaning"": ""概率反抽情景参考区间，不是目标价承诺。"", ""not_trading_instruction"": true, ""source"": ""scenario_path + atr + recent_resistance""}, ""breakdown_level"": {""confidence"": ""low"", ""distance_pct"": -0.056, ""meaning"": ""跌破该价位说明个股跌破结构风险上升"", ""not_trading_instruction"": true, ""price"": 293.78, ""source"": ""recent_low + risk_activation""}, ""breakout_level"": {""confidence"": ""low"", ""distance_pct"": 0.3496, ""meaning"": ""突破该价位说明个股突破情景需要重新评估"", ""not_trading_instruction"": true, ""price"": 420.0, ""source"": ""recent_high + primary_confirmation""}, ""failed_bounce_warning_zone"": {""critical_warning"": 297.38, ""first_warning"": 304.08, ""meaning"": ""跌入该区间说明失败反抽风险上升。"", ""not_trading_instruction"": true, ""source"": ""risk_path + atr + recent_support""}, ""nearest_resistance"": {""confidence"": ""low"", ""distance_pct"": 0.0611, ""meaning"": ""最近阻力代理，来自近期高点和 ATR 区间"", ""not_trading_instruction"": true, ""price"": 330.22, ""source"": ""price_structure + volatility_band""}, ""nearest_support"": {""confidence"": ""low"", ""distance_pct"": -0.0407, ""meaning"": ""最近支撑代理，来自近期低点和 ATR 区间"", ""not_trading_instruction"": true, ""price"": 298.53, ""source"": ""price_structure + volatility_band""}, ""primary_confirmation_level"": {""confidence"": ""low"", ""distance_pct"": 0.3496, ""meaning"": ""站上该价位说明个股主路径正在兑现"", ""not_trading_instruction"": true, ""price"": 420.0, ""source"": ""price_structure + scenario_path""}, ""primary_invalidation_level"": {""confidence"": ""low"", ""distance_pct"": -0.0444, ""meaning"": ""跌破该价位说明个股主路径失效概率上升"", ""not_trading_instruction"": true, ""price"": 297.38, ""source"": ""recent_low + volatility_band""}, ""risk_scenario_activation_level"": {""confidence"": ""low"", ""distance_pct"": -0.056, ""meaning"": ""跌破该价位说明个股风险路径权重上升"", ""not_trading_instruction"": true, ""price"": 293.78, ""source"": ""volatility_band""}, ""trend_repair_confirmation_level"": {""confidence"": ""low"", ""distance_pct"": 0.3496, ""meaning"": ""突破该价位说明个股趋势修复概率提高"", ""not_trading_instruction"": true, ""price"": 420.0, ""source"": ""recent_high + scenario_path""}}","{""conflicting"": [""大盘风险背景压低个股置信度"", ""个股弱于所属板块"", ""价格结构与主路径冲突"", ""成交量不确认当前路径"", ""公司新闻或财报事件风险上升"", ""历史相似结构与主路径冲突"", ""个股 Alpha 评分已接入""], ""market_context"": ""market_headwind"", ""missing"": [""options_volatility"", ""single_stock_options""], ""price_close"": 311.2099914550781, ""sector_relative_strength_20d"": -0.2002, ""supporting"": [""基础财务指标已接入且收入增长为正。""]}","{""10d"": 305.84, ""1d"": 310.38, ""20d"": 304.99, ""3d"": 309.01, ""5d"": 307.72, ""60d"": 304.92}",,,,,,,,,,,,,,,,,,,,,,,,,,,not_yet_validated,pending,,,,,,,,,,,,false
966ba41a409b33798c77,2026-08-03,stock,stock_baseline_v1,CEG,CEG,SPY,273.7099914550781,stock_failed_bounce,0.255,stock_downside_continuation,0.1892,stock_event_risk,0.1551,40.37,risk_off_pressure,supportive,65.8,52.59,52.24,56.52,30.5,0.5858,-0.0083,0.133,0.53,87.5,"{""expected"": 273.33, ""lower"": 268.62, ""upper"": 278.04}","{""bounce_target_zone"": {""base"": 279.46, ""conservative"": 279.46, ""extended"": 287.26, ""meaning"": ""概率反抽情景参考区间，不是目标价承诺。"", ""not_trading_instruction"": true, ""source"": ""scenario_path + atr + recent_resistance""}, ""breakdown_level"": {""confidence"": ""low"", ""distance_pct"": -0.1357, ""meaning"": ""跌破该价位说明个股跌破结构风险上升"", ""not_trading_instruction"": true, ""price"": 236.56, ""source"": ""recent_low + risk_activation""}, ""breakout_level"": {""confidence"": ""low"", ""distance_pct"": 0.0215, ""meaning"": ""突破该价位说明个股突破情景需要重新评估"", ""not_trading_instruction"": true, ""price"": 279.6, ""source"": ""recent_high + primary_confirmation""}, ""failed_bounce_warning_zone"": {""critical_warning"": 236.56, ""first_warning"": 269.4, ""meaning"": ""跌入该区间说明失败反抽风险上升。"", ""not_trading_instruction"": true, ""source"": ""risk_path + atr + recent_support""}, ""nearest_resistance"": {""confidence"": ""low"", ""distance_pct"": 0.0215, ""meaning"": ""最近阻力代理，来自近期高点和 ATR 区间"", ""not_trading_instruction"": true, ""price"": 279.6, ""source"": ""price_structure + volatility_band""}, ""nearest_support"": {""confidence"": ""low"", ""distance_pct"": -0.028, ""meaning"": ""最近支撑代理，来自近期低点和 ATR 区间"", ""not_trading_instruction"": true, ""price"": 266.05, ""source"": ""price_structure + volatility_band""}, ""primary_confirmation_level"": {""confidence"": ""low"", ""distance_pct"": 0.0215, ""meaning"": ""站上该价位说明个股主路径正在兑现"", ""not_trading_instruction"": true, ""price"": 279.6, ""source"": ""price_structure + scenario_path""}, ""primary_invalidation_level"": {""confidence"": ""low"", ""distance_pct"": -0.1357, ""meaning"": ""跌破该价位说明个股主路径失效概率上升"", ""not_trading_instruction"": true, ""price"": 236.56, ""source"": ""recent_low + volatility_band""}, ""risk_scenario_activation_level"": {""confidence"": ""low"", ""distance_pct"": -0.1357, ""meaning"": ""跌破该价位说明个股风险路径权重上升"", ""not_trading_instruction"": true, ""price"": 236.56, ""source"": ""volatility_band""}, ""trend_repair_confirmation_level"": {""confidence"": ""low"", ""distance_pct"": 0.0215, ""meaning"": ""突破该价位说明个股趋势修复概率提高"", ""not_trading_instruction"": true, ""price"": 279.6, ""source"": ""recent_high + scenario_path""}}","{""conflicting"": [""大盘风险背景压低个股置信度"", ""公司新闻或财报事件风险上升"", ""财报日期临近"", ""历史相似结构与主路径冲突"", ""个股 Alpha 评分已接入"", ""主路径和第二路径差距较小""], ""market_context"": ""risk_off_pressure"", ""missing"": [""options_volatility"", ""single_stock_options""], ""price_close"": 273.7099914550781, ""sector_relative_strength_20d"": 0.134, ""supporting"": [""个股跑赢所属板块"", ""价格结构支持主路径""]}","{""10d"": 271.02, ""1d"": 273.33, ""20d"": 270.88, ""3d"": 272.62, ""5d"": 271.94, ""60d"": 271.43}",,,,,,,,,,,,,,,,,,,,,,,,,,,not_yet_validated,pending,,,,,,,,,,,,false
0ff00d90983505e3f989,2026-08-03,stock,stock_baseline_v1,NVDA,NVDA,QQQ,206.63999938964844,stock_failed_bounce,0.2548,stock_downside_continuation,0.1831,stock_event_risk,0.1527,50.43,market_headwind,supportive,60.07,59.68,64.8,100,60.5,0.6926,-0.0077,0.1444,0.56,87.5,"{""expected"": 206.35, ""lower"": 202.49, ""upper"": 210.22}","{""bounce_target_zone"": {""base"": 211.35, ""conservative"": 211.35, ""extended"": 220.67, ""meaning"": ""概率反抽情景参考区间，不是目标价承诺。"", ""not_trading_instruction"": true, ""source"": ""scenario_path + atr + recent_resistance""}, ""breakdown_level"": {""confidence"": ""low"", ""distance_pct"": -0.0805, ""meaning"": ""跌破该价位说明个股跌破结构风险上升"", ""not_trading_instruction"": true, ""price"": 190.01, ""source"": ""recent_low + risk_activation""}, ""breakout_level"": {""confidence"": ""low"", ""distance_pct"": 0.0375, ""meaning"": ""突破该价位说明个股突破情景需要重新评估"", ""not_trading_instruction"": true, ""price"": 214.39, ""source"": ""recent_high + primary_confirmation""}, ""failed_bounce_warning_zone"": {""critical_warning"": 190.01, ""first_warning"": 203.11, ""meaning"": ""跌入该区间说明失败反抽风险上升。"", ""not_trading_instruction"": true, ""source"": ""risk_path + atr + recent_support""}, ""nearest_resistance"": {""confidence"": ""low"", ""distance_pct"": 0.0375, ""meaning"": ""最近阻力代理，来自近期高点和 ATR 区间"", ""not_trading_instruction"": true, ""price"": 214.39, ""source"": ""price_structure + volatility_band""}, ""nearest_support"": {""confidence"": ""low"", ""distance_pct"": -0.0304, ""meaning"": ""最近支撑代理，来自近期低点和 ATR 区间"", ""not_trading_instruction"": true, ""price"": 200.36, ""source"": ""price_structure + volatility_band""}, ""primary_confirmation_level"": {""confidence"": ""low"", ""distance_pct"": 0.0375, ""meaning"": ""站上该价位说明个股主路径正在兑现"", ""not_trading_instruction"": true, ""price"": 214.39, ""source"": ""price_structure + scenario_path""}, ""primary_invalidation_level"": {""confidence"": ""low"", ""distance_pct"": -0.0805, ""meaning"": ""跌破该价位说明个股主路径失效概率上升"", ""not_trading_instruction"": true, ""price"": 190.01, ""source"": ""recent_low + volatility_band""}, ""risk_scenario_activation_level"": {""confidence"": ""low"", ""distance_pct"": -0.0805, ""meaning"": ""跌破该价位说明个股风险路径权重上升"", ""not_trading_instruction"": true, ""price"": 190.01, ""source"": ""volatility_band""}, ""trend_repair_confirmation_level"": {""confidence"": ""low"", ""distance_pct"": 0.0375, ""meaning"": ""突破该价位说明个股趋势修复概率提高"", ""not_trading_instruction"": true, ""price"": 214.39, ""source"": ""recent_high + scenario_path""}}","{""conflicting"": [""大盘风险背景压低个股置信度"", ""公司新闻或财报事件风险上升"", ""历史相似结构与主路径冲突"", ""主路径和第二路径差距较小""], ""market_context"": ""market_headwind"", ""missing"": [""options_volatility"", ""single_stock_options""], ""price_close"": 206.63999938964844, ""sector_relative_strength_20d"": 0.0868, ""supporting"": [""个股跑赢所属板块"", ""个股相对强于大盘/benchmark"", ""基础财务指标偏支持""]}","{""10d"": 204.58, ""1d"": 206.35, ""20d"": 204.53, ""3d"": 205.82, ""5d"": 205.29, ""60d"": 205.04}",,,,,,,,,,,,,,,,,,,,,,,,,,,not_yet_validated,pending,,,,,,,,,,,,false
0121e31df70459674981,2026-08-03,stock,stock_baseline_v1,SMR,SMR,IWM,9.010000228881836,stock_downside_continuation,0.2706,stock_failed_bounce,0.2504,stock_event_risk,0.1701,30.74,risk_off_pressure,conflicting,60.18,41.56,7.4,54.86,0,0.3372,-0.0411,0.3541,0.32,87.5,"{""expected"": 8.96, ""lower"": 8.61, ""upper"": 9.32}","{""bounce_target_zone"": {""base"": 9.44, ""conservative"": 9.44, ""extended"": 10.03, ""meaning"": ""概率反抽情景参考区间，不是目标价承诺。"", ""not_trading_instruction"": true, ""source"": ""scenario_path + atr + recent_resistance""}, ""breakdown_level"": {""confidence"": ""low"", ""distance_pct"": -0.1998, ""meaning"": ""跌破该价位说明个股跌破结构风险上升"", ""not_trading_instruction"": true, ""price"": 7.21, ""source"": ""recent_low + risk_activation""}, ""breakout_level"": {""confidence"": ""low"", ""distance_pct"": 0.0497, ""meaning"": ""突破该价位说明个股突破情景需要重新评估"", ""not_trading_instruction"": true, ""price"": 9.46, ""source"": ""recent_high + primary_confirmation""}, ""failed_bounce_warning_zone"": {""critical_warning"": 7.21, ""first_warning"": 8.69, ""meaning"": ""跌入该区间说明失败反抽风险上升。"", ""not_trading_instruction"": true, ""source"": ""risk_path + atr + recent_support""}, ""nearest_resistance"": {""confidence"": ""low"", ""distance_pct"": 0.0497, ""meaning"": ""最近阻力代理，来自近期高点和 ATR 区间"", ""not_trading_instruction"": true, ""price"": 9.46, ""source"": ""price_structure + volatility_band""}, ""nearest_support"": {""confidence"": ""low"", ""distance_pct"": -0.0638, ""meaning"": ""最近支撑代理，来自近期低点和 ATR 区间"", ""not_trading_instruction"": true, ""price"": 8.43, ""source"": ""price_structure + volatility_band""}, ""primary_confirmation_level"": {""confidence"": ""low"", ""distance_pct"": 0.0497, ""meaning"": ""站上该价位说明个股主路径正在兑现"", ""not_trading_instruction"": true, ""price"": 9.46, ""source"": ""price_structure + scenario_path""}, ""primary_invalidation_level"": {""confidence"": ""low"", ""distance_pct"": -0.1998, ""meaning"": ""跌破该价位说明个股主路径失效概率上升"", ""not_trading_instruction"": true, ""price"": 7.21, ""source"": ""recent_low + volatility_band""}, ""risk_scenario_activation_level"": {""confidence"": ""low"", ""distance_pct"": -0.1998, ""meaning"": ""跌破该价位说明个股风险路径权重上升"", ""not_trading_instruction"": true, ""price"": 7.21, ""source"": ""volatility_band""}, ""trend_repair_confirmation_level"": {""confidence"": ""low"", ""distance_pct"": 0.0497, ""meaning"": ""突破该价位说明个股趋势修复概率提高"", ""not_trading_instruction"": true, ""price"": 9.46, ""source"": ""recent_high + scenario_path""}}","{""conflicting"": [""大盘风险背景压低个股置信度"", ""个股弱于所属板块"", ""成交量不确认当前路径"", ""个股相对弱于大盘/benchmark"", ""公司新闻或财报事件风险上升"", ""财报日期临近"", ""个股 Alpha 评分已接入"", ""主路径和第二路径差距较小""], ""market_context"": ""risk_off_pressure"", ""missing"": [""options_volatility"", ""single_stock_options""], ""price_close"": 9.010000228881836, ""sector_relative_strength_20d"": -0.0417, ""supporting"": [""价格站在 20d 均线上方。"", ""近期公司新闻偏正面。""]}","{""10d"": 8.7, ""1d"": 8.96, ""20d"": 8.65, ""3d"": 8.88, ""5d"": 8.81, ""60d"": 8.64}",,,,,,,,,,,,,,,,,,,,,,,,,,,not_yet_validated,pending,,,,,,,,,,,,false
4098998259938b25141c,2026-08-03,stock,stock_baseline_v1,TSLA,TSLA,QQQ,322.0799865722656,stock_downside_continuation,0.3152,stock_failed_bounce,0.2022,stock_event_risk,0.13,37.6,market_headwind,conflicting,20.11,42.38,50.0,100,0,0.219,-0.0215,0.2767,0.35,87.5,"{""expected"": 321.17, ""lower"": 313.14, ""upper"": 329.21}","{""bounce_target_zone"": {""base"": 331.88, ""conservative"": 331.88, ""extended"": 432.62, ""meaning"": ""概率反抽情景参考区间，不是目标价承诺。"", ""not_trading_instruction"": true, ""source"": ""scenario_path + atr + recent_resistance""}, ""breakdown_level"": {""confidence"": ""low"", ""distance_pct"": -0.0767, ""meaning"": ""跌破该价位说明个股跌破结构风险上升"", ""not_trading_instruction"": true, ""price"": 297.38, ""source"": ""recent_low + risk_activation""}, ""breakout_level"": {""confidence"": ""low"", ""distance_pct"": 0.3027, ""meaning"": ""突破该价位说明个股突破情景需要重新评估"", ""not_trading_instruction"": true, ""price"": 419.56, ""source"": ""recent_high + primary_confirmation""}, ""failed_bounce_warning_zone"": {""critical_warning"": 297.38, ""first_warning"": 314.73, ""meaning"": ""跌入该区间说明失败反抽风险上升。"", ""not_trading_instruction"": true, ""source"": ""risk_path + atr + recent_support""}, ""nearest_resistance"": {""confidence"": ""low"", ""distance_pct"": 0.0608, ""meaning"": ""最近阻力代理，来自近期高点和 ATR 区间"", ""not_trading_instruction"": true, ""price"": 341.67, ""source"": ""price_structure + volatility_band""}, ""nearest_support"": {""confidence"": ""low"", ""distance_pct"": -0.0406, ""meaning"": ""最近支撑代理，来自近期低点和 ATR 区间"", ""not_trading_instruction"": true, ""price"": 309.02, ""source"": ""price_structure + volatility_band""}, ""primary_confirmation_level"": {""confidence"": ""low"", ""distance_pct"": 0.3027, ""meaning"": ""站上该价位说明个股主路径正在兑现"", ""not_trading_instruction"": true, ""price"": 419.56, ""source"": ""price_structure + scenario_path""}, ""primary_invalidation_level"": {""confidence"": ""low"", ""distance_pct"": -0.0767, ""meaning"": ""跌破该价位说明个股主路径失效概率上升"", ""not_trading_instruction"": true, ""price"": 297.38, ""source"": ""recent_low + volatility_band""}, ""risk_scenario_activation_level"": {""confidence"": ""low"", ""distance_pct"": -0.0767, ""meaning"": ""跌破该价位说明个股风险路径权重上升"", ""not_trading_instruction"": true, ""price"": 297.38, ""source"": ""volatility_band""}, ""trend_repair_confirmation_level"": {""confidence"": ""low"", ""distance_pct"": 0.3027, ""meaning"": ""突破该价位说明个股趋势修复概率提高"", ""not_trading_instruction"": true, ""price"": 419.56, ""source"": ""recent_high + scenario_path""}}","{""conflicting"": [""大盘风险背景压低个股置信度"", ""个股弱于所属板块"", ""价格结构与主路径冲突"", ""公司新闻或财报事件风险上升"", ""历史相似结构与主路径冲突"", ""个股 Alpha 评分已接入""], ""market_context"": ""market_headwind"", ""missing"": [""options_volatility"", ""single_stock_options""], ""price_close"": 322.0799865722656, ""sector_relative_strength_20d"": -0.2344, ""supporting"": [""基础财务指标已接入且收入增长为正。""]}","{""10d"": 316.25, ""1d"": 321.17, ""20d"": 315.29, ""3d"": 319.67, ""5d"": 318.27, ""60d"": 315.14}",,,,,,,,,,,,,,,,,,,,,,,,,,,not_yet_validated,pending,,,,,,,,,,,,false
bf6a9cc1b2e250e811fe,2026-08-04,stock,stock_baseline_v1,CEG,CEG,SPY,267.25,stock_failed_bounce,0.2399,stock_downside_continuation,0.178,stock_event_risk,0.1476,42.77,risk_off_pressure,supportive,60.1,77.73,47.37,61.64,37.5,0.5966,-0.0048,0.141,0.62,87.5,"{""expected"": 266.96, ""lower"": 262.09, ""upper"": 271.84}","{""bounce_target_zone"": {""base"": 273.2, ""conservative"": 273.2, ""extended"": 287.54, ""meaning"": ""概率反抽情景参考区间，不是目标价承诺。"", ""not_trading_instruction"": true, ""source"": ""scenario_path + atr + recent_resistance""}, ""breakdown_level"": {""confidence"": ""low"", ""distance_pct"": -0.1148, ""meaning"": ""跌破该价位说明个股跌破结构风险上升"", ""not_trading_instruction"": true, ""price"": 236.56, ""source"": ""recent_low + risk_activation""}, ""breakout_level"": {""confidence"": ""low"", ""distance_pct"": 0.0462, ""meaning"": ""突破该价位说明个股突破情景需要重新评估"", ""not_trading_instruction"": true, ""price"": 279.6, ""source"": ""recent_high + primary_confirmation""}, ""failed_bounce_warning_zone"": {""critical_warning"": 236.56, ""first_warning"": 262.78, ""meaning"": ""跌入该区间说明失败反抽风险上升。"", ""not_trading_instruction"": true, ""source"": ""risk_path + atr + recent_support""}, ""nearest_resistance"": {""confidence"": ""low"", ""distance_pct"": 0.0446, ""meaning"": ""最近阻力代理，来自近期高点和 ATR 区间"", ""not_trading_instruction"": true, ""price"": 279.16, ""source"": ""price_structure + volatility_band""}, ""nearest_support"": {""confidence"": ""low"", ""distance_pct"": -0.0297, ""meaning"": ""最近支撑代理，来自近期低点和 ATR 区间"", ""not_trading_instruction"": true, ""price"": 259.31, ""source"": ""price_structure + volatility_band""}, ""primary_confirmation_level"": {""confidence"": ""low"", ""distance_pct"": 0.0462, ""meaning"": ""站上该价位说明个股主路径正在兑现"", ""not_trading_instruction"": true, ""price"": 279.6, ""source"": ""price_structure + scenario_path""}, ""primary_invalidation_level"": {""confidence"": ""low"", ""distance_pct"": -0.1148, ""meaning"": ""跌破该价位说明个股主路径失效概率上升"", ""not_trading_instruction"": true, ""price"": 236.56, ""source"": ""recent_low + volatility_band""}, ""risk_scenario_activation_level"": {""confidence"": ""low"", ""distance_pct"": -0.1148, ""meaning"": ""跌破该价位说明个股风险路径权重上升"", ""not_trading_instruction"": true, ""price"": 236.56, ""source"": ""volatility_band""}, ""trend_repair_confirmation_level"": {""confidence"": ""low"", ""distance_pct"": 0.0462, ""meaning"": ""突破该价位说明个股趋势修复概率提高"", ""not_trading_instruction"": true, ""price"": 279.6, ""source"": ""recent_high + scenario_path""}}","{""conflicting"": [""大盘风险背景压低个股置信度"", ""公司新闻或财报事件风险上升"", ""财报日期临近"", ""历史相似结构与主路径冲突"", ""个股 Alpha 评分已接入"", ""主路径和第二路径差距较小""], ""market_context"": ""risk_off_pressure"", ""missing"": [""options_volatility"", ""single_stock_options""], ""price_close"": 267.25, ""sector_relative_strength_20d"": 0.1497, ""supporting"": [""个股跑赢所属板块"", ""成交量确认当前路径""]}","{""10d"": 265.13, ""1d"": 266.96, ""20d"": 265.19, ""3d"": 266.41, ""5d"": 265.87, ""60d"": 265.96}",,,,,,,,,,,,,,,,,,,,,,,,,,,not_yet_validated,pending,,,,,,,,,,,,false
a8206efdf4edb858653b,2026-08-04,stock,stock_baseline_v1,NVDA,NVDA,QQQ,211.94000244140625,stock_failed_bounce,0.2618,stock_downside_continuation,0.1882,stock_event_risk,0.1556,50.38,market_headwind,supportive,70.11,60.63,56.5,100,54.5,0.6427,-0.0093,0.1391,0.52,87.5,"{""expected"": 211.62, ""lower"": 207.81, ""upper"": 215.44}","{""bounce_target_zone"": {""base"": 216.59, ""conservative"": 216.59, ""extended"": 220.59, ""meaning"": ""概率反抽情景参考区间，不是目标价承诺。"", ""not_trading_instruction"": true, ""source"": ""scenario_path + atr + recent_resistance""}, ""breakdown_level"": {""confidence"": ""low"", ""distance_pct"": -0.1035, ""meaning"": ""跌破该价位说明个股跌破结构风险上升"", ""not_trading_instruction"": true, ""price"": 190.01, ""source"": ""recent_low + risk_activation""}, ""breakout_level"": {""confidence"": ""low"", ""distance_pct"": 0.0165, ""meaning"": ""突破该价位说明个股突破情景需要重新评估"", ""not_trading_instruction"": true, ""price"": 215.43, ""source"": ""recent_high + primary_confirmation""}, ""failed_bounce_warning_zone"": {""critical_warning"": 190.01, ""first_warning"": 208.45, ""meaning"": ""跌入该区间说明失败反抽风险上升。"", ""not_trading_instruction"": true, ""source"": ""risk_path + atr + recent_support""}, ""nearest_resistance"": {""confidence"": ""low"", ""distance_pct"": 0.0116, ""meaning"": ""最近阻力代理，来自近期高点和 ATR 区间"", ""not_trading_instruction"": true, ""price"": 214.39, ""source"": ""price_structure + volatility_band""}, ""nearest_support"": {""confidence"": ""low"", ""distance_pct"": -0.0292, ""meaning"": ""最近支撑代理，来自近期低点和 ATR 区间"", ""not_trading_instruction"": true, ""price"": 205.74, ""source"": ""price_structure + volatility_band""}, ""primary_confirmation_level"": {""confidence"": ""low"", ""distance_pct"": 0.0165, ""meaning"": ""站上该价位说明个股主路径正在兑现"", ""not_trading_instruction"": true, ""price"": 215.43, ""source"": ""price_structure + scenario_path""}, ""primary_invalidation_level"": {""confidence"": ""low"", ""distance_pct"": -0.1035, ""meaning"": ""跌破该价位说明个股主路径失效概率上升"", ""not_trading_instruction"": true, ""price"": 190.01, ""source"": ""recent_low + volatility_band""}, ""risk_scenario_activation_level"": {""confidence"": ""low"", ""distance_pct"": -0.1035, ""meaning"": ""跌破该价位说明个股风险路径权重上升"", ""not_trading_instruction"": true, ""price"": 190.01, ""source"": ""volatility_band""}, ""trend_repair_confirmation_level"": {""confidence"": ""low"", ""distance_pct"": 0.0116, ""meaning"": ""突破该价位说明个股趋势修复概率提高"", ""not_trading_instruction"": true, ""price"": 214.39, ""source"": ""recent_high + scenario_path""}}","{""conflicting"": [""大盘风险背景压低个股置信度"", ""公司新闻或财报事件风险上升"", ""历史相似结构与主路径冲突"", ""个股 Alpha 评分已接入"", ""主路径和第二路径差距较小""], ""market_context"": ""market_headwind"", ""missing"": [""options_volatility"", ""single_stock_options""], ""price_close"": 211.94000244140625, ""sector_relative_strength_20d"": 0.0331, ""supporting"": [""个股跑赢所属板块"", ""价格结构支持主路径"", ""基础财务指标偏支持""]}","{""10d"": 209.68, ""1d"": 211.62, ""20d"": 209.55, ""3d"": 211.03, ""5d"": 210.46, ""60d"": 209.97}",,,,,,,,,,,,,,,,,,,,,,,,,,,not_yet_validated,pending,,,,,,,,,,,,false
42491271617afbc0919c,2026-08-04,stock,stock_baseline_v1,SMR,SMR,IWM,9.489999771118164,stock_failed_bounce,0.2614,stock_downside_continuation,0.2262,stock_event_risk,0.1734,38.52,risk_off_pressure,supportive,88.88,50.36,28.98,52.3,5.5,0.4344,-0.0306,0.3197,0.38,87.5,"{""expected"": 9.45, ""lower"": 9.1, ""upper"": 9.8}","{""bounce_target_zone"": {""base"": 9.92, ""conservative"": 9.92, ""extended"": 10.28, ""meaning"": ""概率反抽情景参考区间，不是目标价承诺。"", ""not_trading_instruction"": true, ""source"": ""scenario_path + atr + recent_resistance""}, ""breakdown_level"": {""confidence"": ""low"", ""distance_pct"": -0.2403, ""meaning"": ""跌破该价位说明个股跌破结构风险上升"", ""not_trading_instruction"": true, ""price"": 7.21, ""source"": ""recent_low + risk_activation""}, ""breakout_level"": {""confidence"": ""low"", ""distance_pct"": 0.0336, ""meaning"": ""突破该价位说明个股突破情景需要重新评估"", ""not_trading_instruction"": true, ""price"": 9.81, ""source"": ""recent_high + primary_confirmation""}, ""failed_bounce_warning_zone"": {""critical_warning"": 7.21, ""first_warning"": 9.17, ""meaning"": ""跌入该区间说明失败反抽风险上升。"", ""not_trading_instruction"": true, ""source"": ""risk_path + atr + recent_support""}, ""nearest_resistance"": {""confidence"": ""low"", ""distance_pct"": 0.0232, ""meaning"": ""最近阻力代理，来自近期高点和 ATR 区间"", ""not_trading_instruction"": true, ""price"": 9.71, ""source"": ""price_structure + volatility_band""}, ""nearest_support"": {""confidence"": ""low"", ""distance_pct"": -0.0598, ""meaning"": ""最近支撑代理，来自近期低点和 ATR 区间"", ""not_trading_instruction"": true, ""price"": 8.92, ""source"": ""price_structure + volatility_band""}, ""primary_confirmation_level"": {""confidence"": ""low"", ""distance_pct"": 0.0336, ""meaning"": ""站上该价位说明个股主路径正在兑现"", ""not_trading_instruction"": true, ""price"": 9.81, ""source"": ""price_structure + scenario_path""}, ""primary_invalidation_level"": {""confidence"": ""low"", ""distance_pct"": -0.2403, ""meaning"": ""跌破该价位说明个股主路径失效概率上升"", ""not_trading_instruction"": true, ""price"": 7.21, ""source"": ""recent_low + volatility_band""}, ""risk_scenario_activation_level"": {""confidence"": ""low"", ""distance_pct"": -0.2403, ""meaning"": ""跌破该价位说明个股风险路径权重上升"", ""not_trading_instruction"": true, ""price"": 7.21, ""source"": ""volatility_band""}, ""trend_repair_confirmation_level"": {""confidence"": ""low"", ""distance_pct"": 0.0232, ""meaning"": ""突破该价位说明个股趋势修复概率提高"", ""not_trading_instruction"": true, ""price"": 9.71, ""source"": ""recent_high + scenario_path""}}","{""conflicting"": [""大盘风险背景压低个股置信度"", ""个股相对弱于大盘/benchmark"", ""公司新闻或财报事件风险上升"", ""财报日期临近"", ""个股 Alpha 评分已接入"", ""主路径和第二路径差距较小""], ""market_context"": ""risk_off_pressure"", ""missing"": [""options_volatility"", ""single_stock_options""], ""price_close"": 9.489999771118164, ""sector_relative_strength_20d"": 0.0939, ""supporting"": [""个股跑赢所属板块"", ""价格结构支持主路径""]}","{""10d"": 9.22, ""1d"": 9.45, ""20d"": 9.19, ""3d"": 9.38, ""5d"": 9.31, ""60d"": 9.2}",,,,,,,,,,,,,,,,,,,,,,,,,,,not_yet_validated,pending,,,,,,,,,,,,false
d1c9b443622d1c27b155,2026-08-04,stock,stock_baseline_v1,TSLA,TSLA,QQQ,327.3500061035156,stock_downside_continuation,0.2979,stock_failed_bounce,0.2093,stock_event_risk,0.1329,40.54,market_headwind,conflicting,29.5,40.92,50.0,100,0,0.2138,-0.0192,0.2648,0.35,87.5,"{""expected"": 326.52, ""lower"": 318.74, ""upper"": 334.3}","{""bounce_target_zone"": {""base"": 336.84, ""conservative"": 336.84, ""extended"": 425.81, ""meaning"": ""概率反抽情景参考区间，不是目标价承诺。"", ""not_trading_instruction"": true, ""source"": ""scenario_path + atr + recent_resistance""}, ""breakdown_level"": {""confidence"": ""low"", ""distance_pct"": -0.0916, ""meaning"": ""跌破该价位说明个股跌破结构风险上升"", ""not_trading_instruction"": true, ""price"": 297.38, ""source"": ""recent_low + risk_activation""}, ""breakout_level"": {""confidence"": ""low"", ""distance_pct"": 0.2621, ""meaning"": ""突破该价位说明个股突破情景需要重新评估"", ""not_trading_instruction"": true, ""price"": 413.16, ""source"": ""recent_high + primary_confirmation""}, ""failed_bounce_warning_zone"": {""critical_warning"": 297.38, ""first_warning"": 320.23, ""meaning"": ""跌入该区间说明失败反抽风险上升。"", ""not_trading_instruction"": true, ""source"": ""risk_path + atr + recent_support""}, ""nearest_resistance"": {""confidence"": ""low"", ""distance_pct"": 0.058, ""meaning"": ""最近阻力代理，来自近期高点和 ATR 区间"", ""not_trading_instruction"": true, ""price"": 346.33, ""source"": ""price_structure + volatility_band""}, ""nearest_support"": {""confidence"": ""low"", ""distance_pct"": -0.0387, ""meaning"": ""最近支撑代理，来自近期低点和 ATR 区间"", ""not_trading_instruction"": true, ""price"": 314.7, ""source"": ""price_structure + volatility_band""}, ""primary_confirmation_level"": {""confidence"": ""low"", ""distance_pct"": 0.2621, ""meaning"": ""站上该价位说明个股主路径正在兑现"", ""not_trading_instruction"": true, ""price"": 413.16, ""source"": ""price_structure + scenario_path""}, ""primary_invalidation_level"": {""confidence"": ""low"", ""distance_pct"": -0.0916, ""meaning"": ""跌破该价位说明个股主路径失效概率上升"", ""not_trading_instruction"": true, ""price"": 297.38, ""source"": ""recent_low + volatility_band""}, ""risk_scenario_activation_level"": {""confidence"": ""low"", ""distance_pct"": -0.0916, ""meaning"": ""跌破该价位说明个股风险路径权重上升"", ""not_trading_instruction"": true, ""price"": 297.38, ""source"": ""volatility_band""}, ""trend_repair_confirmation_level"": {""confidence"": ""low"", ""distance_pct"": 0.2621, ""meaning"": ""突破该价位说明个股趋势修复概率提高"", ""not_trading_instruction"": true, ""price"": 413.16, ""source"": ""recent_high + scenario_path""}}","{""conflicting"": [""大盘风险背景压低个股置信度"", ""个股弱于所属板块"", ""价格结构与主路径冲突"", ""成交量不确认当前路径"", ""公司新闻或财报事件风险上升"", ""个股 Alpha 评分已接入""], ""market_context"": ""market_headwind"", ""missing"": [""options_volatility"", ""single_stock_options""], ""price_close"": 327.3500061035156, ""sector_relative_strength_20d"": -0.1952, ""supporting"": [""基础财务指标已接入且收入增长为正。""]}","{""10d"": 321.91, ""1d"": 326.52, ""20d"": 321.07, ""3d"": 325.12, ""5d"": 323.81, ""60d"": 321.05}",,,,,,,,,,,,,,,,,,,,,,,,,,,not_yet_validated,pending,,,,,,,,,,,,false
ac4d0a305bf8c0ae123d,2026-08-05,stock,stock_baseline_v1,CEG,CEG,SPY,265.1199951171875,stock_failed_bounce,0.2412,stock_downside_continuation,0.1789,stock_event_risk,0.1492,42.21,risk_off_pressure,supportive,57.22,66.24,43.93,59.08,36.0,0.5652,-0.0055,0.1444,0.61,87.5,"{""expected"": 264.82, ""lower"": 259.87, ""upper"": 269.78}","{""bounce_target_zone"": {""base"": 271.16, ""conservative"": 271.16, ""extended"": 287.65, ""meaning"": ""概率反抽情景参考区间，不是目标价承诺。"", ""not_trading_instruction"": true, ""source"": ""scenario_path + atr + recent_resistance""}, ""breakdown_level"": {""confidence"": ""low"", ""distance_pct"": -0.0761, ""meaning"": ""跌破该价位说明个股跌破结构风险上升"", ""not_trading_instruction"": true, ""price"": 244.95, ""source"": ""recent_low + risk_activation""}, ""breakout_level"": {""confidence"": ""low"", ""distance_pct"": 0.0546, ""meaning"": ""突破该价位说明个股突破情景需要重新评估"", ""not_trading_instruction"": true, ""price"": 279.6, ""source"": ""recent_high + primary_confirmation""}, ""failed_bounce_warning_zone"": {""critical_warning"": 244.95, ""first_warning"": 260.59, ""meaning"": ""跌入该区间说明失败反抽风险上升。"", ""not_trading_instruction"": true, ""source"": ""risk_path + atr + recent_support""}, ""nearest_resistance"": {""confidence"": ""low"", ""distance_pct"": 0.0455, ""meaning"": ""最近阻力代理，来自近期高点和 ATR 区间"", ""not_trading_instruction"": true, ""price"": 277.2, ""source"": ""price_structure + volatility_band""}, ""nearest_support"": {""confidence"": ""low"", ""distance_pct"": -0.0304, ""meaning"": ""最近支撑代理，来自近期低点和 ATR 区间"", ""not_trading_instruction"": true, ""price"": 257.07, ""source"": ""price_structure + volatility_band""}, ""primary_confirmation_level"": {""confidence"": ""low"", ""distance_pct"": 0.0546, ""meaning"": ""站上该价位说明个股主路径正在兑现"", ""not_trading_instruction"": true, ""price"": 279.6, ""source"": ""price_structure + scenario_path""}, ""primary_invalidation_level"": {""confidence"": ""low"", ""distance_pct"": -0.0761, ""meaning"": ""跌破该价位说明个股主路径失效概率上升"", ""not_trading_instruction"": true, ""price"": 244.95, ""source"": ""recent_low + volatility_band""}, ""risk_scenario_activation_level"": {""confidence"": ""low"", ""distance_pct"": -0.0761, ""meaning"": ""跌破该价位说明个股风险路径权重上升"", ""not_trading_instruction"": true, ""price"": 244.95, ""source"": ""volatility_band""}, ""trend_repair_confirmation_level"": {""confidence"": ""low"", ""distance_pct"": 0.0546, ""meaning"": ""突破该价位说明个股趋势修复概率提高"", ""not_trading_instruction"": true, ""price"": 279.6, ""source"": ""recent_high + scenario_path""}}","{""conflicting"": [""大盘风险背景压低个股置信度"", ""公司新闻或财报事件风险上升"", ""财报日期临近"", ""个股 Alpha 评分已接入"", ""主路径和第二路径差距较小""], ""market_context"": ""risk_off_pressure"", ""missing"": [""options_volatility"", ""single_stock_options""], ""price_close"": 265.1199951171875, ""sector_relative_strength_20d"": 0.1217, ""supporting"": [""个股跑赢所属板块"", ""成交量确认当前路径""]}","{""10d"": 262.91, ""1d"": 264.82, ""20d"": 262.94, ""3d"": 264.25, ""5d"": 263.69, ""60d"": 263.67}",,,,,,,,,,,,,,,,,,,,,,,,,,,not_yet_validated,pending,,,,,,,,,,,,false
ffd22f2592151fae5a2c,2026-08-05,stock,stock_baseline_v1,NVDA,NVDA,QQQ,219.22000122070312,stock_failed_bounce,0.2453,stock_downside_continuation,0.1763,stock_event_risk,0.1458,56.27,risk_off_pressure,supportive,90.21,73.61,62.75,100,65.5,0.6946,-0.0047,0.1387,0.62,87.5,"{""expected"": 218.98, ""lower"": 215.04, ""upper"": 222.92}","{""bounce_target_zone"": {""base"": 224.02, ""conservative"": 224.02, ""extended"": 228.63, ""meaning"": ""概率反抽情景参考区间，不是目标价承诺。"", ""not_trading_instruction"": true, ""source"": ""scenario_path + atr + recent_resistance""}, ""breakdown_level"": {""confidence"": ""low"", ""distance_pct"": -0.1332, ""meaning"": ""跌破该价位说明个股跌破结构风险上升"", ""not_trading_instruction"": true, ""price"": 190.01, ""source"": ""recent_low + risk_activation""}, ""breakout_level"": {""confidence"": ""low"", ""distance_pct"": 0.0164, ""meaning"": ""突破该价位说明个股突破情景需要重新评估"", ""not_trading_instruction"": true, ""price"": 222.82, ""source"": ""recent_high + primary_confirmation""}, ""failed_bounce_warning_zone"": {""critical_warning"": 190.01, ""first_warning"": 215.62, ""meaning"": ""跌入该区间说明失败反抽风险上升。"", ""not_trading_instruction"": true, ""source"": ""risk_path + atr + recent_support""}, ""nearest_resistance"": {""confidence"": ""low"", ""distance_pct"": 0.0137, ""meaning"": ""最近阻力代理，来自近期高点和 ATR 区间"", ""not_trading_instruction"": true, ""price"": 222.22, ""source"": ""price_structure + volatility_band""}, ""nearest_support"": {""confidence"": ""low"", ""distance_pct"": -0.0292, ""meaning"": ""最近支撑代理，来自近期低点和 ATR 区间"", ""not_trading_instruction"": true, ""price"": 212.81, ""source"": ""price_structure + volatility_band""}, ""primary_confirmation_level"": {""confidence"": ""low"", ""distance_pct"": 0.0164, ""meaning"": ""站上该价位说明个股主路径正在兑现"", ""not_trading_instruction"": true, ""price"": 222.82, ""source"": ""price_structure + scenario_path""}, ""primary_invalidation_level"": {""confidence"": ""low"", ""distance_pct"": -0.1332, ""meaning"": ""跌破该价位说明个股主路径失效概率上升"", ""not_trading_instruction"": true, ""price"": 190.01, ""source"": ""recent_low + volatility_band""}, ""risk_scenario_activation_level"": {""confidence"": ""low"", ""distance_pct"": -0.1332, ""meaning"": ""跌破该价位说明个股风险路径权重上升"", ""not_trading_instruction"": true, ""price"": 190.01, ""source"": ""volatility_band""}, ""trend_repair_confirmation_level"": {""confidence"": ""low"", ""distance_pct"": 0.0137, ""meaning"": ""突破该价位说明个股趋势修复概率提高"", ""not_trading_instruction"": true, ""price"": 222.22, ""source"": ""recent_high + scenario_path""}}","{""conflicting"": [""大盘风险背景压低个股置信度"", ""公司新闻或财报事件风险上升"", ""历史相似结构与主路径冲突"", ""主路径和第二路径差距较小""], ""market_context"": ""risk_off_pressure"", ""missing"": [""options_volatility"", ""single_stock_options""], ""price_close"": 219.22000122070312, ""sector_relative_strength_20d"": 0.0491, ""supporting"": [""个股跑赢所属板块"", ""价格结构支持主路径"", ""成交量确认当前路径"", ""个股相对强于大盘/benchmark"", ""基础财务指标偏支持""]}","{""10d"": 217.47, ""1d"": 218.98, ""20d"": 217.53, ""3d"": 218.52, ""5d"": 218.07, ""60d"": 218.18}",,,,,,,,,,,,,,,,,,,,,,,,,,,not_yet_validated,pending,,,,,,,,,,,,false
e52e6f29d814a94213b4,2026-08-05,stock,stock_baseline_v1,SMR,SMR,IWM,9.380000114440918,stock_failed_bounce,0.2588,stock_downside_continuation,0.2269,stock_event_risk,0.1697,42.08,risk_off_pressure,supportive,96.49,57.81,31.21,52.3,5.5,0.4414,-0.0277,0.3276,0.37,87.5,"{""expected"": 9.34, ""lower"": 9.01, ""upper"": 9.68}","{""bounce_target_zone"": {""base"": 9.79, ""conservative"": 9.79, ""extended"": 10.25, ""meaning"": ""概率反抽情景参考区间，不是目标价承诺。"", ""not_trading_instruction"": true, ""source"": ""scenario_path + atr + recent_resistance""}, ""breakdown_level"": {""confidence"": ""low"", ""distance_pct"": -0.2313, ""meaning"": ""跌破该价位说明个股跌破结构风险上升"", ""not_trading_instruction"": true, ""price"": 7.21, ""source"": ""recent_low + risk_activation""}, ""breakout_level"": {""confidence"": ""low"", ""distance_pct"": 0.0352, ""meaning"": ""突破该价位说明个股突破情景需要重新评估"", ""not_trading_instruction"": true, ""price"": 9.71, ""source"": ""recent_high + primary_confirmation""}, ""failed_bounce_warning_zone"": {""critical_warning"": 7.21, ""first_warning"": 9.07, ""meaning"": ""跌入该区间说明失败反抽风险上升。"", ""not_trading_instruction"": true, ""source"": ""risk_path + atr + recent_support""}, ""nearest_resistance"": {""confidence"": ""low"", ""distance_pct"": 0.0352, ""meaning"": ""最近阻力代理，来自近期高点和 ATR 区间"", ""not_trading_instruction"": true, ""price"": 9.71, ""source"": ""price_structure + volatility_band""}, ""nearest_support"": {""confidence"": ""low"", ""distance_pct"": -0.0579, ""meaning"": ""最近支撑代理，来自近期低点和 ATR 区间"", ""not_trading_instruction"": true, ""price"": 8.84, ""source"": ""price_structure + volatility_band""}, ""primary_confirmation_level"": {""confidence"": ""low"", ""distance_pct"": 0.0352, ""meaning"": ""站上该价位说明个股主路径正在兑现"", ""not_trading_instruction"": true, ""price"": 9.71, ""source"": ""price_structure + scenario_path""}, ""primary_invalidation_level"": {""confidence"": ""low"", ""distance_pct"": -0.2313, ""meaning"": ""跌破该价位说明个股主路径失效概率上升"", ""not_trading_instruction"": true, ""price"": 7.21, ""source"": ""recent_low + volatility_band""}, ""risk_scenario_activation_level"": {""confidence"": ""low"", ""distance_pct"": -0.2313, ""meaning"": ""跌破该价位说明个股风险路径权重上升"", ""not_trading_instruction"": true, ""price"": 7.21, ""source"": ""volatility_band""}, ""trend_repair_confirmation_level"": {""confidence"": ""low"", ""distance_pct"": 0.0352, ""meaning"": ""突破该价位说明个股趋势修复概率提高"", ""not_trading_instruction"": true, ""price"": 9.71, ""source"": ""recent_high + scenario_path""}}","{""conflicting"": [""大盘风险背景压低个股置信度"", ""个股相对弱于大盘/benchmark"", ""公司新闻或财报事件风险上升"", ""财报日期临近"", ""个股 Alpha 评分已接入"", ""主路径和第二路径差距较小""], ""market_context"": ""risk_off_pressure"", ""missing"": [""options_volatility"", ""single_stock_options""], ""price_close"": 9.380000114440918, ""sector_relative_strength_20d"": 0.1083, ""supporting"": [""个股跑赢所属板块"", ""价格结构支持主路径"", ""历史相似结构支持主路径""]}","{""10d"": 9.13, ""1d"": 9.34, ""20d"": 9.1, ""3d"": 9.28, ""5d"": 9.22, ""60d"": 9.12}",,,,,,,,,,,,,,,,,,,,,,,,,,,not_yet_validated,pending,,,,,,,,,,,,false
e48c5e85703510bcb733,2026-08-05,stock,stock_baseline_v1,TSLA,TSLA,QQQ,321.54998779296875,stock_downside_continuation,0.2976,stock_failed_bounce,0.2077,stock_event_risk,0.132,41.69,risk_off_pressure,conflicting,29.02,38.73,50.0,100,0,0.2262,-0.0189,0.2779,0.34,87.5,"{""expected"": 320.75, ""lower"": 313.07, ""upper"": 328.42}","{""bounce_target_zone"": {""base"": 330.92, ""conservative"": 330.92, ""extended"": 425.65, ""meaning"": ""概率反抽情景参考区间，不是目标价承诺。"", ""not_trading_instruction"": true, ""source"": ""scenario_path + atr + recent_resistance""}, ""breakdown_level"": {""confidence"": ""low"", ""distance_pct"": -0.0752, ""meaning"": ""跌破该价位说明个股跌破结构风险上升"", ""not_trading_instruction"": true, ""price"": 297.38, ""source"": ""recent_low + risk_activation""}, ""breakout_level"": {""confidence"": ""low"", ""distance_pct"": 0.2849, ""meaning"": ""突破该价位说明个股突破情景需要重新评估"", ""not_trading_instruction"": true, ""price"": 413.16, ""source"": ""recent_high + primary_confirmation""}, ""failed_bounce_warning_zone"": {""critical_warning"": 297.38, ""first_warning"": 314.53, ""meaning"": ""跌入该区间说明失败反抽风险上升。"", ""not_trading_instruction"": true, ""source"": ""risk_path + atr + recent_support""}, ""nearest_resistance"": {""confidence"": ""low"", ""distance_pct"": 0.0583, ""meaning"": ""最近阻力代理，来自近期高点和 ATR 区间"", ""not_trading_instruction"": true, ""price"": 340.28, ""source"": ""price_structure + volatility_band""}, ""nearest_support"": {""confidence"": ""low"", ""distance_pct"": -0.0388, ""meaning"": ""最近支撑代理，来自近期低点和 ATR 区间"", ""not_trading_instruction"": true, ""price"": 309.06, ""source"": ""price_structure + volatility_band""}, ""primary_confirmation_level"": {""confidence"": ""low"", ""distance_pct"": 0.2849, ""meaning"": ""站上该价位说明个股主路径正在兑现"", ""not_trading_instruction"": true, ""price"": 413.16, ""source"": ""price_structure + scenario_path""}, ""primary_invalidation_level"": {""confidence"": ""low"", ""distance_pct"": -0.0752, ""meaning"": ""跌破该价位说明个股主路径失效概率上升"", ""not_trading_instruction"": true, ""price"": 297.38, ""source"": ""recent_low + volatility_band""}, ""risk_scenario_activation_level"": {""confidence"": ""low"", ""distance_pct"": -0.0752, ""meaning"": ""跌破该价位说明个股风险路径权重上升"", ""not_trading_instruction"": true, ""price"": 297.38, ""source"": ""volatility_band""}, ""trend_repair_confirmation_level"": {""confidence"": ""low"", ""distance_pct"": 0.2849, ""meaning"": ""突破该价位说明个股趋势修复概率提高"", ""not_trading_instruction"": true, ""price"": 413.16, ""source"": ""recent_high + scenario_path""}}","{""conflicting"": [""大盘风险背景压低个股置信度"", ""个股弱于所属板块"", ""价格结构与主路径冲突"", ""成交量不确认当前路径"", ""公司新闻或财报事件风险上升"", ""个股 Alpha 评分已接入""], ""market_context"": ""risk_off_pressure"", ""missing"": [""options_volatility"", ""single_stock_options""], ""price_close"": 321.54998779296875, ""sector_relative_strength_20d"": -0.213, ""supporting"": [""历史相似结构支持主路径""]}","{""10d"": 316.28, ""1d"": 320.75, ""20d"": 315.47, ""3d"": 319.39, ""5d"": 318.12, ""60d"": 315.47}",,,,,,,,,,,,,,,,,,,,,,,,,,,not_yet_validated,pending,,,,,,,,,,,,false
073555e3a63f47816369,2026-08-06,stock,stock_baseline_v1,CEG,CEG,SPY,261.1000061035156,stock_failed_bounce,0.2779,stock_downside_continuation,0.2121,stock_event_risk,0.1478,47.48,risk_off_pressure,supportive,47.69,89.05,38.25,100,32.5,0.5251,-0.0146,0.1569,0.48,87.5,"{""expected"": 260.59, ""lower"": 255.29, ""upper"": 265.9}","{""bounce_target_zone"": {""base"": 267.57, ""conservative"": 267.57, ""extended"": 288.62, ""meaning"": ""概率反抽情景参考区间，不是目标价承诺。"", ""not_trading_instruction"": true, ""source"": ""scenario_path + atr + recent_resistance""}, ""breakdown_level"": {""confidence"": ""low"", ""distance_pct"": -0.0619, ""meaning"": ""跌破该价位说明个股跌破结构风险上升"", ""not_trading_instruction"": true, ""price"": 244.95, ""source"": ""recent_low + risk_activation""}, ""breakout_level"": {""confidence"": ""low"", ""distance_pct"": 0.0724, ""meaning"": ""突破该价位说明个股突破情景需要重新评估"", ""not_trading_instruction"": true, ""price"": 280.0, ""source"": ""recent_high + primary_confirmation""}, ""failed_bounce_warning_zone"": {""critical_warning"": 244.95, ""first_warning"": 256.25, ""meaning"": ""跌入该区间说明失败反抽风险上升。"", ""not_trading_instruction"": true, ""source"": ""risk_path + atr + recent_support""}, ""nearest_resistance"": {""confidence"": ""low"", ""distance_pct"": 0.0495, ""meaning"": ""最近阻力代理，来自近期高点和 ATR 区间"", ""not_trading_instruction"": true, ""price"": 274.03, ""source"": ""price_structure + volatility_band""}, ""nearest_support"": {""confidence"": ""low"", ""distance_pct"": -0.033, ""meaning"": ""最近支撑代理，来自近期低点和 ATR 区间"", ""not_trading_instruction"": true, ""price"": 252.48, ""source"": ""price_structure + volatility_band""}, ""primary_confirmation_level"": {""confidence"": ""low"", ""distance_pct"": 0.0724, ""meaning"": ""站上该价位说明个股主路径正在兑现"", ""not_trading_instruction"": true, ""price"": 280.0, ""source"": ""price_structure + scenario_path""}, ""primary_invalidation_level"": {""confidence"": ""low"", ""distance_pct"": -0.0619, ""meaning"": ""跌破该价位说明个股主路径失效概率上升"", ""not_trading_instruction"": true, ""price"": 244.95, ""source"": ""recent_low + volatility_band""}, ""risk_scenario_activation_level"": {""confidence"": ""low"", ""distance_pct"": -0.0619, ""meaning"": ""跌破该价位说明个股风险路径权重上升"", ""not_trading_instruction"": true, ""price"": 244.95, ""source"": ""volatility_band""}, ""trend_repair_confirmation_level"": {""confidence"": ""low"", ""distance_pct"": 0.0724, ""meaning"": ""突破该价位说明个股趋势修复概率提高"", ""not_trading_instruction"": true, ""price"": 280.0, ""source"": ""recent_high + scenario_path""}}","{""conflicting"": [""大盘风险背景压低个股置信度"", ""个股相对弱于大盘/benchmark"", ""公司新闻或财报事件风险上升"", ""个股 Alpha 评分已接入"", ""主路径和第二路径差距较小""], ""market_context"": ""risk_off_pressure"", ""missing"": [""options_volatility"", ""single_stock_options""], ""price_close"": 261.1000061035156, ""sector_relative_strength_20d"": 0.0801, ""supporting"": [""个股跑赢所属板块"", ""成交量确认当前路径"", ""基础财务指标偏支持"", ""历史相似结构支持主路径""]}","{""10d"": 257.42, ""1d"": 260.59, ""20d"": 257.02, ""3d"": 259.65, ""5d"": 258.73, ""60d"": 257.28}",,,,,,,,,,,,,,,,,,,,,,,,,,,not_yet_validated,pending,,,,,,,,,,,,false
2c8777566dbf34a513dc,2026-08-06,stock,stock_baseline_v1,NVDA,NVDA,QQQ,218.99000549316406,stock_failed_bounce,0.2558,stock_downside_continuation,0.1839,stock_event_risk,0.1512,52.9,market_headwind,supportive,84.77,51.62,66.18,100,58.5,0.6875,-0.0073,0.1353,0.56,87.5,"{""expected"": 218.7, ""lower"": 214.86, ""upper"": 222.53}","{""bounce_target_zone"": {""base"": 223.66, ""conservative"": 223.66, ""extended"": 229.86, ""meaning"": ""概率反抽情景参考区间，不是目标价承诺。"", ""not_trading_instruction"": true, ""source"": ""scenario_path + atr + recent_resistance""}, ""breakdown_level"": {""confidence"": ""low"", ""distance_pct"": -0.1323, ""meaning"": ""跌破该价位说明个股跌破结构风险上升"", ""not_trading_instruction"": true, ""price"": 190.01, ""source"": ""recent_low + risk_activation""}, ""breakout_level"": {""confidence"": ""low"", ""distance_pct"": 0.0212, ""meaning"": ""突破该价位说明个股突破情景需要重新评估"", ""not_trading_instruction"": true, ""price"": 223.63, ""source"": ""recent_high + primary_confirmation""}, ""failed_bounce_warning_zone"": {""critical_warning"": 190.01, ""first_warning"": 215.49, ""meaning"": ""跌入该区间说明失败反抽风险上升。"", ""not_trading_instruction"": true, ""source"": ""risk_path + atr + recent_support""}, ""nearest_resistance"": {""confidence"": ""low"", ""distance_pct"": 0.0212, ""meaning"": ""最近阻力代理，来自近期高点和 ATR 区间"", ""not_trading_instruction"": true, ""price"": 223.63, ""source"": ""price_structure + volatility_band""}, ""nearest_support"": {""confidence"": ""low"", ""distance_pct"": -0.0285, ""meaning"": ""最近支撑代理，来自近期低点和 ATR 区间"", ""not_trading_instruction"": true, ""price"": 212.76, ""source"": ""price_structure + volatility_band""}, ""primary_confirmation_level"": {""confidence"": ""low"", ""distance_pct"": 0.0212, ""meaning"": ""站上该价位说明个股主路径正在兑现"", ""not_trading_instruction"": true, ""price"": 223.63, ""source"": ""price_structure + scenario_path""}, ""primary_invalidation_level"": {""confidence"": ""low"", ""distance_pct"": -0.1323, ""meaning"": ""跌破该价位说明个股主路径失效概率上升"", ""not_trading_instruction"": true, ""price"": 190.01, ""source"": ""recent_low + volatility_band""}, ""risk_scenario_activation_level"": {""confidence"": ""low"", ""distance_pct"": -0.1323, ""meaning"": ""跌破该价位说明个股风险路径权重上升"", ""not_trading_instruction"": true, ""price"": 190.01, ""source"": ""volatility_band""}, ""trend_repair_confirmation_level"": {""confidence"": ""low"", ""distance_pct"": 0.0212, ""meaning"": ""突破该价位说明个股趋势修复概率提高"", ""not_trading_instruction"": true, ""price"": 223.63, ""source"": ""recent_high + scenario_path""}}","{""conflicting"": [""大盘风险背景压低个股置信度"", ""公司新闻或财报事件风险上升"", ""历史相似结构与主路径冲突"", ""主路径和第二路径差距较小""], ""market_context"": ""market_headwind"", ""missing"": [""options_volatility"", ""single_stock_options""], ""price_close"": 218.99000549316406, ""sector_relative_strength_20d"": 0.08, ""supporting"": [""个股跑赢所属板块"", ""价格结构支持主路径"", ""个股相对强于大盘/benchmark"", ""基础财务指标偏支持""]}","{""10d"": 216.92, ""1d"": 218.7, ""20d"": 216.87, ""3d"": 218.15, ""5d"": 217.62, ""60d"": 217.4}",,,,,,,,,,,,,,,,,,,,,,,,,,,not_yet_validated,pending,,,,,,,,,,,,false
9a0c5c2c17fc0fce45a8,2026-08-06,stock,stock_baseline_v1,SMR,SMR,IWM,9.470000267028809,stock_failed_bounce,0.2562,stock_downside_continuation,0.2128,stock_event_risk,0.163,39.6,risk_off_pressure,supportive,80.47,63.89,28.21,53.5,5.5,0.4382,-0.0222,0.3211,0.43,87.5,"{""expected"": 9.44, ""lower"": 9.1, ""upper"": 9.77}","{""bounce_target_zone"": {""base"": 9.88, ""conservative"": 9.88, ""extended"": 10.41, ""meaning"": ""概率反抽情景参考区间，不是目标价承诺。"", ""not_trading_instruction"": true, ""source"": ""scenario_path + atr + recent_resistance""}, ""breakdown_level"": {""confidence"": ""low"", ""distance_pct"": -0.2386, ""meaning"": ""跌破该价位说明个股跌破结构风险上升"", ""not_trading_instruction"": true, ""price"": 7.21, ""source"": ""recent_low + risk_activation""}, ""breakout_level"": {""confidence"": ""low"", ""distance_pct"": 0.0417, ""meaning"": ""突破该价位说明个股突破情景需要重新评估"", ""not_trading_instruction"": true, ""price"": 9.86, ""source"": ""recent_high + primary_confirmation""}, ""failed_bounce_warning_zone"": {""critical_warning"": 7.21, ""first_warning"": 9.16, ""meaning"": ""跌入该区间说明失败反抽风险上升。"", ""not_trading_instruction"": true, ""source"": ""risk_path + atr + recent_support""}, ""nearest_resistance"": {""confidence"": ""low"", ""distance_pct"": 0.0417, ""meaning"": ""最近阻力代理，来自近期高点和 ATR 区间"", ""not_trading_instruction"": true, ""price"": 9.86, ""source"": ""price_structure + volatility_band""}, ""nearest_support"": {""confidence"": ""low"", ""distance_pct"": -0.0575, ""meaning"": ""最近支撑代理，来自近期低点和 ATR 区间"", ""not_trading_instruction"": true, ""price"": 8.93, ""source"": ""price_structure + volatility_band""}, ""primary_confirmation_level"": {""confidence"": ""low"", ""distance_pct"": 0.0417, ""meaning"": ""站上该价位说明个股主路径正在兑现"", ""not_trading_instruction"": true, ""price"": 9.86, ""source"": ""price_structure + scenario_path""}, ""primary_invalidation_level"": {""confidence"": ""low"", ""distance_pct"": -0.2386, ""meaning"": ""跌破该价位说明个股主路径失效概率上升"", ""not_trading_instruction"": true, ""price"": 7.21, ""source"": ""recent_low + volatility_band""}, ""risk_scenario_activation_level"": {""confidence"": ""low"", ""distance_pct"": -0.2386, ""meaning"": ""跌破该价位说明个股风险路径权重上升"", ""not_trading_instruction"": true, ""price"": 7.21, ""source"": ""volatility_band""}, ""trend_repair_confirmation_level"": {""confidence"": ""low"", ""distance_pct"": 0.0417, ""meaning"": ""突破该价位说明个股趋势修复概率提高"", ""not_trading_instruction"": true, ""price"": 9.86, ""source"": ""recent_high + scenario_path""}}","{""conflicting"": [""大盘风险背景压低个股置信度"", ""个股相对弱于大盘/benchmark"", ""公司新闻或财报事件风险上升"", ""基础财务指标偏弱"", ""个股 Alpha 评分已接入"", ""主路径和第二路径差距较小""], ""market_context"": ""risk_off_pressure"", ""missing"": [""options_volatility"", ""single_stock_options""], ""price_close"": 9.470000267028809, ""sector_relative_strength_20d"": 0.0875, ""supporting"": [""个股跑赢所属板块"", ""价格结构支持主路径"", ""成交量确认当前路径""]}","{""10d"": 9.25, ""1d"": 9.44, ""20d"": 9.23, ""3d"": 9.38, ""5d"": 9.33, ""60d"": 9.26}",,,,,,,,,,,,,,,,,,,,,,,,,,,not_yet_validated,pending,,,,,,,,,,,,false
0096e5dedce9b5980222,2026-08-06,stock,stock_baseline_v1,TSLA,TSLA,QQQ,319.5299987792969,stock_downside_continuation,0.3074,stock_failed_bounce,0.2044,stock_event_risk,0.1291,37.63,market_headwind,conflicting,23.96,37.91,50.0,100,0,0.2183,-0.0192,0.2824,0.33,87.5,"{""expected"": 318.72, ""lower"": 311.27, ""upper"": 326.17}","{""bounce_target_zone"": {""base"": 328.62, ""conservative"": 328.62, ""extended"": 425.28, ""meaning"": ""概率反抽情景参考区间，不是目标价承诺。"", ""not_trading_instruction"": true, ""source"": ""scenario_path + atr + recent_resistance""}, ""breakdown_level"": {""confidence"": ""low"", ""distance_pct"": -0.0693, ""meaning"": ""跌破该价位说明个股跌破结构风险上升"", ""not_trading_instruction"": true, ""price"": 297.38, ""source"": ""recent_low + risk_activation""}, ""breakout_level"": {""confidence"": ""low"", ""distance_pct"": 0.293, ""meaning"": ""突破该价位说明个股突破情景需要重新评估"", ""not_trading_instruction"": true, ""price"": 413.16, ""source"": ""recent_high + primary_confirmation""}, ""failed_bounce_warning_zone"": {""critical_warning"": 297.38, ""first_warning"": 312.71, ""meaning"": ""跌入该区间说明失败反抽风险上升。"", ""not_trading_instruction"": true, ""source"": ""risk_path + atr + recent_support""}, ""nearest_resistance"": {""confidence"": ""low"", ""distance_pct"": 0.0569, ""meaning"": ""最近阻力代理，来自近期高点和 ATR 区间"", ""not_trading_instruction"": true, ""price"": 337.72, ""source"": ""price_structure + volatility_band""}, ""nearest_support"": {""confidence"": ""low"", ""distance_pct"": -0.0379, ""meaning"": ""最近支撑代理，来自近期低点和 ATR 区间"", ""not_trading_instruction"": true, ""price"": 307.41, ""source"": ""price_structure + volatility_band""}, ""primary_confirmation_level"": {""confidence"": ""low"", ""distance_pct"": 0.293, ""meaning"": ""站上该价位说明个股主路径正在兑现"", ""not_trading_instruction"": true, ""price"": 413.16, ""source"": ""price_structure + scenario_path""}, ""primary_invalidation_level"": {""confidence"": ""low"", ""distance_pct"": -0.0693, ""meaning"": ""跌破该价位说明个股主路径失效概率上升"", ""not_trading_instruction"": true, ""price"": 297.38, ""source"": ""recent_low + volatility_band""}, ""risk_scenario_activation_level"": {""confidence"": ""low"", ""distance_pct"": -0.0693, ""meaning"": ""跌破该价位说明个股风险路径权重上升"", ""not_trading_instruction"": true, ""price"": 297.38, ""source"": ""volatility_band""}, ""trend_repair_confirmation_level"": {""confidence"": ""low"", ""distance_pct"": 0.293, ""meaning"": ""突破该价位说明个股趋势修复概率提高"", ""not_trading_instruction"": true, ""price"": 413.16, ""source"": ""recent_high + scenario_path""}}","{""conflicting"": [""大盘风险背景压低个股置信度"", ""个股弱于所属板块"", ""价格结构与主路径冲突"", ""成交量不确认当前路径"", ""公司新闻或财报事件风险上升"", ""历史相似结构与主路径冲突"", ""个股 Alpha 评分已接入""], ""market_context"": ""market_headwind"", ""missing"": [""options_volatility"", ""single_stock_options""], ""price_close"": 319.5299987792969, ""sector_relative_strength_20d"": -0.2247, ""supporting"": [""近期公司新闻偏正面。"", ""基础财务指标已接入且收入增长为正。""]}","{""10d"": 314.3, ""1d"": 318.72, ""20d"": 313.46, ""3d"": 317.38, ""5d"": 316.12, ""60d"": 313.39}",,,,,,,,,,,,,,,,,,,,,,,,,,,not_yet_validated,pending,,,,,,,,,,,,false
1421133f4776010e1c4e,2026-08-07,stock,stock_baseline_v1,CEG,CEG,SPY,269.8900146484375,stock_failed_bounce,0.2548,stock_downside_continuation,0.2021,stock_event_risk,0.1277,43.65,risk_off_pressure,supportive,61.67,56.08,47.34,72,35.5,0.5615,-0.01,0.1566,0.54,87.5,"{""expected"": 269.48, ""lower"": 264.01, ""upper"": 274.95}","{""bounce_target_zone"": {""base"": 276.56, ""conservative"": 276.56, ""extended"": 288.89, ""meaning"": ""概率反抽情景参考区间，不是目标价承诺。"", ""not_trading_instruction"": true, ""source"": ""scenario_path + atr + recent_resistance""}, ""breakdown_level"": {""confidence"": ""low"", ""distance_pct"": -0.0924, ""meaning"": ""跌破该价位说明个股跌破结构风险上升"", ""not_trading_instruction"": true, ""price"": 244.95, ""source"": ""recent_low + risk_activation""}, ""breakout_level"": {""confidence"": ""low"", ""distance_pct"": 0.0375, ""meaning"": ""突破该价位说明个股突破情景需要重新评估"", ""not_trading_instruction"": true, ""price"": 280.0, ""source"": ""recent_high + primary_confirmation""}, ""failed_bounce_warning_zone"": {""critical_warning"": 244.95, ""first_warning"": 264.89, ""meaning"": ""跌入该区间说明失败反抽风险上升。"", ""not_trading_instruction"": true, ""source"": ""risk_path + atr + recent_support""}, ""nearest_resistance"": {""confidence"": ""low"", ""distance_pct"": 0.0375, ""meaning"": ""最近阻力代理，来自近期高点和 ATR 区间"", ""not_trading_instruction"": true, ""price"": 280.0, ""source"": ""price_structure + volatility_band""}, ""nearest_support"": {""confidence"": ""low"", ""distance_pct"": -0.0329, ""meaning"": ""最近支撑代理，来自近期低点和 ATR 区间"", ""not_trading_instruction"": true, ""price"": 261.0, ""source"": ""price_structure + volatility_band""}, ""primary_confirmation_level"": {""confidence"": ""low"", ""distance_pct"": 0.0375, ""meaning"": ""站上该价位说明个股主路径正在兑现"", ""not_trading_instruction"": true, ""price"": 280.0, ""source"": ""price_structure + scenario_path""}, ""primary_invalidation_level"": {""confidence"": ""low"", ""distance_pct"": -0.0924, ""meaning"": ""跌破该价位说明个股主路径失效概率上升"", ""not_trading_instruction"": true, ""price"": 244.95, ""source"": ""recent_low + volatility_band""}, ""risk_scenario_activation_level"": {""confidence"": ""low"", ""distance_pct"": -0.0924, ""meaning"": ""跌破该价位说明个股风险路径权重上升"", ""not_trading_instruction"": true, ""price"": 244.95, ""source"": ""volatility_band""}, ""trend_repair_confirmation_level"": {""confidence"": ""low"", ""distance_pct"": 0.0375, ""meaning"": ""突破该价位说明个股趋势修复概率提高"", ""not_trading_instruction"": true, ""price"": 280.0, ""source"": ""recent_high + scenario_path""}}","{""conflicting"": [""大盘风险背景压低个股置信度"", ""个股 Alpha 评分已接入"", ""主路径和第二路径差距较小""], ""market_context"": ""risk_off_pressure"", ""missing"": [""options_volatility"", ""single_stock_options""], ""price_close"": 269.8900146484375, ""sector_relative_strength_20d"": 0.1133, ""supporting"": [""个股跑赢所属板块"", ""近期公司新闻偏支持"", ""基础财务指标偏支持""]}","{""10d"": 266.84, ""1d"": 269.48, ""20d"": 266.66, ""3d"": 268.7, ""5d"": 267.92, ""60d"": 267.19}",,,,,,,,,,,,,,,,,,,,,,,,,,,not_yet_validated,pending,,,,,,,,,,,,false
31c5065032c784e0cb6b,2026-08-07,stock,stock_baseline_v1,NVDA,NVDA,QQQ,223.9600067138672,stock_failed_bounce,0.2609,stock_downside_continuation,0.1875,stock_event_risk,0.1537,52.61,market_headwind,supportive,89.79,48.27,60.99,100,58.5,0.666,-0.0085,0.133,0.53,87.5,"{""expected"": 223.64, ""lower"": 219.79, ""upper"": 227.5}","{""bounce_target_zone"": {""base"": 228.66, ""conservative"": 228.66, ""extended"": 231.02, ""meaning"": ""概率反抽情景参考区间，不是目标价承诺。"", ""not_trading_instruction"": true, ""source"": ""scenario_path + atr + recent_resistance""}, ""breakdown_level"": {""confidence"": ""low"", ""distance_pct"": -0.1516, ""meaning"": ""跌破该价位说明个股跌破结构风险上升"", ""not_trading_instruction"": true, ""price"": 190.01, ""source"": ""recent_low + risk_activation""}, ""breakout_level"": {""confidence"": ""low"", ""distance_pct"": 0.0157, ""meaning"": ""突破该价位说明个股突破情景需要重新评估"", ""not_trading_instruction"": true, ""price"": 227.48, ""source"": ""recent_high + primary_confirmation""}, ""failed_bounce_warning_zone"": {""critical_warning"": 190.01, ""first_warning"": 220.44, ""meaning"": ""跌入该区间说明失败反抽风险上升。"", ""not_trading_instruction"": true, ""source"": ""risk_path + atr + recent_support""}, ""nearest_resistance"": {""confidence"": ""low"", ""distance_pct"": 0.0036, ""meaning"": ""最近阻力代理，来自近期高点和 ATR 区间"", ""not_trading_instruction"": true, ""price"": 224.76, ""source"": ""price_structure + volatility_band""}, ""nearest_support"": {""confidence"": ""low"", ""distance_pct"": -0.028, ""meaning"": ""最近支撑代理，来自近期低点和 ATR 区间"", ""not_trading_instruction"": true, ""price"": 217.7, ""source"": ""price_structure + volatility_band""}, ""primary_confirmation_level"": {""confidence"": ""low"", ""distance_pct"": 0.0157, ""meaning"": ""站上该价位说明个股主路径正在兑现"", ""not_trading_instruction"": true, ""price"": 227.48, ""source"": ""price_structure + scenario_path""}, ""primary_invalidation_level"": {""confidence"": ""low"", ""distance_pct"": -0.1516, ""meaning"": ""跌破该价位说明个股主路径失效概率上升"", ""not_trading_instruction"": true, ""price"": 190.01, ""source"": ""recent_low + volatility_band""}, ""risk_scenario_activation_level"": {""confidence"": ""low"", ""distance_pct"": -0.1516, ""meaning"": ""跌破该价位说明个股风险路径权重上升"", ""not_trading_instruction"": true, ""price"": 190.01, ""source"": ""volatility_band""}, ""trend_repair_confirmation_level"": {""confidence"": ""low"", ""distance_pct"": 0.0036, ""meaning"": ""突破该价位说明个股趋势修复概率提高"", ""not_trading_instruction"": true, ""price"": 224.76, ""source"": ""recent_high + scenario_path""}}","{""conflicting"": [""大盘风险背景压低个股置信度"", ""公司新闻或财报事件风险上升"", ""历史相似结构与主路径冲突"", ""主路径和第二路径差距较小""], ""market_context"": ""market_headwind"", ""missing"": [""options_volatility"", ""single_stock_options""], ""price_close"": 223.9600067138672, ""sector_relative_strength_20d"": 0.0498, ""supporting"": [""个股跑赢所属板块"", ""价格结构支持主路径"", ""基础财务指标偏支持""]}","{""10d"": 221.72, ""1d"": 223.64, ""20d"": 221.61, ""3d"": 223.06, ""5d"": 222.49, ""60d"": 222.05}",,,,,,,,,,,,,,,,,,,,,,,,,,,not_yet_validated,pending,,,,,,,,,,,,false
0aa0eff25bea4dfa4744,2026-08-07,stock,stock_baseline_v1,SMR,SMR,IWM,9.819999694824219,stock_failed_bounce,0.2634,stock_downside_continuation,0.2235,stock_event_risk,0.1417,44.12,risk_off_pressure,supportive,100,56.84,39.75,45.82,9.5,0.472,-0.0244,0.2961,0.43,87.5,"{""expected"": 9.79, ""lower"": 9.45, ""upper"": 10.13}","{""bounce_target_zone"": {""base"": 10.23, ""conservative"": 10.23, ""extended"": 10.58, ""meaning"": ""概率反抽情景参考区间，不是目标价承诺。"", ""not_trading_instruction"": true, ""source"": ""scenario_path + atr + recent_resistance""}, ""breakdown_level"": {""confidence"": ""low"", ""distance_pct"": -0.2658, ""meaning"": ""跌破该价位说明个股跌破结构风险上升"", ""not_trading_instruction"": true, ""price"": 7.21, ""source"": ""recent_low + risk_activation""}, ""breakout_level"": {""confidence"": ""low"", ""distance_pct"": 0.0317, ""meaning"": ""突破该价位说明个股突破情景需要重新评估"", ""not_trading_instruction"": true, ""price"": 10.13, ""source"": ""recent_high + primary_confirmation""}, ""failed_bounce_warning_zone"": {""critical_warning"": 7.21, ""first_warning"": 9.51, ""meaning"": ""跌入该区间说明失败反抽风险上升。"", ""not_trading_instruction"": true, ""source"": ""risk_path + atr + recent_support""}, ""nearest_resistance"": {""confidence"": ""low"", ""distance_pct"": 0.0209, ""meaning"": ""最近阻力代理，来自近期高点和 ATR 区间"", ""not_trading_instruction"": true, ""price"": 10.02, ""source"": ""price_structure + volatility_band""}, ""nearest_support"": {""confidence"": ""low"", ""distance_pct"": -0.0563, ""meaning"": ""最近支撑代理，来自近期低点和 ATR 区间"", ""not_trading_instruction"": true, ""price"": 9.27, ""source"": ""price_structure + volatility_band""}, ""primary_confirmation_level"": {""confidence"": ""low"", ""distance_pct"": 0.0317, ""meaning"": ""站上该价位说明个股主路径正在兑现"", ""not_trading_instruction"": true, ""price"": 10.13, ""source"": ""price_structure + scenario_path""}, ""primary_invalidation_level"": {""confidence"": ""low"", ""distance_pct"": -0.2658, ""meaning"": ""跌破该价位说明个股主路径失效概率上升"", ""not_trading_instruction"": true, ""price"": 7.21, ""source"": ""recent_low + volatility_band""}, ""risk_scenario_activation_level"": {""confidence"": ""low"", ""distance_pct"": -0.2658, ""meaning"": ""跌破该价位说明个股风险路径权重上升"", ""not_trading_instruction"": true, ""price"": 7.21, ""source"": ""volatility_band""}, ""trend_repair_confirmation_level"": {""confidence"": ""low"", ""distance_pct"": 0.0209, ""meaning"": ""突破该价位说明个股趋势修复概率提高"", ""not_trading_instruction"": true, ""price"": 10.02, ""source"": ""recent_high + scenario_path""}}","{""conflicting"": [""大盘风险背景压低个股置信度"", ""个股相对弱于大盘/benchmark"", ""公司新闻或财报事件风险上升"", ""基础财务指标偏弱"", ""个股 Alpha 评分已接入"", ""主路径和第二路径差距较小""], ""market_context"": ""risk_off_pressure"", ""missing"": [""options_volatility"", ""single_stock_options""], ""price_close"": 9.819999694824219, ""sector_relative_strength_20d"": 0.1259, ""supporting"": [""个股跑赢所属板块"", ""价格结构支持主路径"", ""历史相似结构支持主路径""]}","{""10d"": 9.59, ""1d"": 9.79, ""20d"": 9.56, ""3d"": 9.73, ""5d"": 9.67, ""60d"": 9.58}",,,,,,,,,,,,,,,,,,,,,,,,,,,not_yet_validated,pending,,,,,,,,,,,,false
956bb834b67112b09b7c,2026-08-07,stock,stock_baseline_v1,TSLA,TSLA,QQQ,328.5799865722656,stock_downside_continuation,0.2995,stock_failed_bounce,0.2127,stock_event_risk,0.133,43.26,market_headwind,conflicting,36.44,43.9,50.0,100,0,0.2274,-0.0189,0.2621,0.33,87.5,"{""expected"": 327.76, ""lower"": 320.41, ""upper"": 335.12}","{""bounce_target_zone"": {""base"": 337.55, ""conservative"": 337.55, ""extended"": 418.54, ""meaning"": ""概率反抽情景参考区间，不是目标价承诺。"", ""not_trading_instruction"": true, ""source"": ""scenario_path + atr + recent_resistance""}, ""breakdown_level"": {""confidence"": ""low"", ""distance_pct"": -0.095, ""meaning"": ""跌破该价位说明个股跌破结构风险上升"", ""not_trading_instruction"": true, ""price"": 297.38, ""source"": ""recent_low + risk_activation""}, ""breakout_level"": {""confidence"": ""low"", ""distance_pct"": 0.2374, ""meaning"": ""突破该价位说明个股突破情景需要重新评估"", ""not_trading_instruction"": true, ""price"": 406.59, ""source"": ""recent_high + primary_confirmation""}, ""failed_bounce_warning_zone"": {""critical_warning"": 297.38, ""first_warning"": 321.86, ""meaning"": ""跌入该区间说明失败反抽风险上升。"", ""not_trading_instruction"": true, ""source"": ""risk_path + atr + recent_support""}, ""nearest_resistance"": {""confidence"": ""low"", ""distance_pct"": 0.0546, ""meaning"": ""最近阻力代理，来自近期高点和 ATR 区间"", ""not_trading_instruction"": true, ""price"": 346.51, ""source"": ""price_structure + volatility_band""}, ""nearest_support"": {""confidence"": ""low"", ""distance_pct"": -0.0364, ""meaning"": ""最近支撑代理，来自近期低点和 ATR 区间"", ""not_trading_instruction"": true, ""price"": 316.63, ""source"": ""price_structure + volatility_band""}, ""primary_confirmation_level"": {""confidence"": ""low"", ""distance_pct"": 0.2374, ""meaning"": ""站上该价位说明个股主路径正在兑现"", ""not_trading_instruction"": true, ""price"": 406.59, ""source"": ""price_structure + scenario_path""}, ""primary_invalidation_level"": {""confidence"": ""low"", ""distance_pct"": -0.095, ""meaning"": ""跌破该价位说明个股主路径失效概率上升"", ""not_trading_instruction"": true, ""price"": 297.38, ""source"": ""recent_low + volatility_band""}, ""risk_scenario_activation_level"": {""confidence"": ""low"", ""distance_pct"": -0.095, ""meaning"": ""跌破该价位说明个股风险路径权重上升"", ""not_trading_instruction"": true, ""price"": 297.38, ""source"": ""volatility_band""}, ""trend_repair_confirmation_level"": {""confidence"": ""low"", ""distance_pct"": 0.2374, ""meaning"": ""突破该价位说明个股趋势修复概率提高"", ""not_trading_instruction"": true, ""price"": 406.59, ""source"": ""recent_high + scenario_path""}}","{""conflicting"": [""大盘风险背景压低个股置信度"", ""个股弱于所属板块"", ""价格结构与主路径冲突"", ""公司新闻或财报事件风险上升"", ""个股 Alpha 评分已接入""], ""market_context"": ""market_headwind"", ""missing"": [""options_volatility"", ""single_stock_options""], ""price_close"": 328.5799865722656, ""sector_relative_strength_20d"": -0.2165, ""supporting"": [""历史相似结构支持主路径""]}","{""10d"": 323.27, ""1d"": 327.76, ""20d"": 322.43, ""3d"": 326.4, ""5d"": 325.11, ""60d"": 322.37}",,,,,,,,,,,,,,,,,,,,,,,,,,,not_yet_validated,pending,,,,,,,,,,,,false
39ddad5b621dea2679d2,2026-08-10,stock,stock_baseline_v1,CEG,CEG,SPY,270.42999267578125,stock_failed_bounce,0.2639,stock_downside_continuation,0.2026,stock_event_risk,0.1268,41.48,risk_off_pressure,supportive,56.45,47.91,48.07,60.7,39.0,0.5505,-0.0108,0.152,0.52,87.5,"{""expected"": 270.01, ""lower"": 264.69, ""upper"": 275.33}","{""bounce_target_zone"": {""base"": 276.92, ""conservative"": 276.92, ""extended"": 288.65, ""meaning"": ""概率反抽情景参考区间，不是目标价承诺。"", ""not_trading_instruction"": true, ""source"": ""scenario_path + atr + recent_resistance""}, ""breakdown_level"": {""confidence"": ""low"", ""distance_pct"": -0.0942, ""meaning"": ""跌破该价位说明个股跌破结构风险上升"", ""not_trading_instruction"": true, ""price"": 244.95, ""source"": ""recent_low + risk_activation""}, ""breakout_level"": {""confidence"": ""low"", ""distance_pct"": 0.0354, ""meaning"": ""突破该价位说明个股突破情景需要重新评估"", ""not_trading_instruction"": true, ""price"": 280.0, ""source"": ""recent_high + primary_confirmation""}, ""failed_bounce_warning_zone"": {""critical_warning"": 244.95, ""first_warning"": 265.56, ""meaning"": ""跌入该区间说明失败反抽风险上升。"", ""not_trading_instruction"": true, ""source"": ""risk_path + atr + recent_support""}, ""nearest_resistance"": {""confidence"": ""low"", ""distance_pct"": 0.0354, ""meaning"": ""最近阻力代理，来自近期高点和 ATR 区间"", ""not_trading_instruction"": true, ""price"": 280.0, ""source"": ""price_structure + volatility_band""}, ""nearest_support"": {""confidence"": ""low"", ""distance_pct"": -0.032, ""meaning"": ""最近支撑代理，来自近期低点和 ATR 区间"", ""not_trading_instruction"": true, ""price"": 261.78, ""source"": ""price_structure + volatility_band""}, ""primary_confirmation_level"": {""confidence"": ""low"", ""distance_pct"": 0.0354, ""meaning"": ""站上该价位说明个股主路径正在兑现"", ""not_trading_instruction"": true, ""price"": 280.0, ""source"": ""price_structure + scenario_path""}, ""primary_invalidation_level"": {""confidence"": ""low"", ""distance_pct"": -0.0942, ""meaning"": ""跌破该价位说明个股主路径失效概率上升"", ""not_trading_instruction"": true, ""price"": 244.95, ""source"": ""recent_low + volatility_band""}, ""risk_scenario_activation_level"": {""confidence"": ""low"", ""distance_pct"": -0.0942, ""meaning"": ""跌破该价位说明个股风险路径权重上升"", ""not_trading_instruction"": true, ""price"": 244.95, ""source"": ""volatility_band""}, ""trend_repair_confirmation_level"": {""confidence"": ""low"", ""distance_pct"": 0.0354, ""meaning"": ""突破该价位说明个股趋势修复概率提高"", ""not_trading_instruction"": true, ""price"": 280.0, ""source"": ""recent_high + scenario_path""}}","{""conflicting"": [""大盘风险背景压低个股置信度"", ""个股 Alpha 评分已接入"", ""主路径和第二路径差距较小""], ""market_context"": ""risk_off_pressure"", ""missing"": [""options_volatility"", ""single_stock_options""], ""price_close"": 270.42999267578125, ""sector_relative_strength_20d"": 0.1066, ""supporting"": [""个股跑赢所属板块"", ""近期公司新闻偏支持"", ""基础财务指标偏支持""]}","{""10d"": 267.3, ""1d"": 270.01, ""20d"": 267.06, ""3d"": 269.22, ""5d"": 268.42, ""60d"": 267.5}",,,,,,,,,,,,,,,,,,,,,,,,,,,not_yet_validated,pending,,,,,,,,,,,,false
b414bf4f97f851066ccd,2026-08-10,stock,stock_baseline_v1,NVDA,NVDA,QQQ,217.5500030517578,stock_failed_bounce,0.2594,stock_downside_continuation,0.1864,stock_event_risk,0.1542,49.3,risk_off_pressure,supportive,71.63,51.01,56.01,100,52.5,0.6349,-0.0087,0.1391,0.53,87.5,"{""expected"": 217.24, ""lower"": 213.33, ""upper"": 221.16}","{""bounce_target_zone"": {""base"": 222.33, ""conservative"": 222.33, ""extended"": 231.14, ""meaning"": ""概率反抽情景参考区间，不是目标价承诺。"", ""not_trading_instruction"": true, ""source"": ""scenario_path + atr + recent_resistance""}, ""breakdown_level"": {""confidence"": ""low"", ""distance_pct"": -0.1266, ""meaning"": ""跌破该价位说明个股跌破结构风险上升"", ""not_trading_instruction"": true, ""price"": 190.01, ""source"": ""recent_low + risk_activation""}, ""breakout_level"": {""confidence"": ""low"", ""distance_pct"": 0.0331, ""meaning"": ""突破该价位说明个股突破情景需要重新评估"", ""not_trading_instruction"": true, ""price"": 224.76, ""source"": ""recent_high + primary_confirmation""}, ""failed_bounce_warning_zone"": {""critical_warning"": 190.01, ""first_warning"": 213.96, ""meaning"": ""跌入该区间说明失败反抽风险上升。"", ""not_trading_instruction"": true, ""source"": ""risk_path + atr + recent_support""}, ""nearest_resistance"": {""confidence"": ""low"", ""distance_pct"": 0.0331, ""meaning"": ""最近阻力代理，来自近期高点和 ATR 区间"", ""not_trading_instruction"": true, ""price"": 224.76, ""source"": ""price_structure + volatility_band""}, ""nearest_support"": {""confidence"": ""low"", ""distance_pct"": -0.0293, ""meaning"": ""最近支撑代理，来自近期低点和 ATR 区间"", ""not_trading_instruction"": true, ""price"": 211.17, ""source"": ""price_structure + volatility_band""}, ""primary_confirmation_level"": {""confidence"": ""low"", ""distance_pct"": 0.0331, ""meaning"": ""站上该价位说明个股主路径正在兑现"", ""not_trading_instruction"": true, ""price"": 224.76, ""source"": ""price_structure + scenario_path""}, ""primary_invalidation_level"": {""confidence"": ""low"", ""distance_pct"": -0.1266, ""meaning"": ""跌破该价位说明个股主路径失效概率上升"", ""not_trading_instruction"": true, ""price"": 190.01, ""source"": ""recent_low + volatility_band""}, ""risk_scenario_activation_level"": {""confidence"": ""low"", ""distance_pct"": -0.1266, ""meaning"": ""跌破该价位说明个股风险路径权重上升"", ""not_trading_instruction"": true, ""price"": 190.01, ""source"": ""volatility_band""}, ""trend_repair_confirmation_level"": {""confidence"": ""low"", ""distance_pct"": 0.0331, ""meaning"": ""突破该价位说明个股趋势修复概率提高"", ""not_trading_instruction"": true, ""price"": 224.76, ""source"": ""recent_high + scenario_path""}}","{""conflicting"": [""大盘风险背景压低个股置信度"", ""公司新闻或财报事件风险上升"", ""历史相似结构与主路径冲突"", ""个股 Alpha 评分已接入"", ""主路径和第二路径差距较小""], ""market_context"": ""risk_off_pressure"", ""missing"": [""options_volatility"", ""single_stock_options""], ""price_close"": 217.5500030517578, ""sector_relative_strength_20d"": 0.0411, ""supporting"": [""个股跑赢所属板块"", ""价格结构支持主路径"", ""基础财务指标偏支持""]}","{""10d"": 215.33, ""1d"": 217.24, ""20d"": 215.21, ""3d"": 216.67, ""5d"": 216.1, ""60d"": 215.65}",,,,,,,,,,,,,,,,,,,,,,,,,,,not_yet_validated,pending,,,,,,,,,,,,false
80ef06bc4cc3d0fa55e6,2026-08-10,stock,stock_baseline_v1,SMR,SMR,IWM,9.180000305175781,stock_failed_bounce,0.2477,stock_downside_continuation,0.2324,stock_event_risk,0.1367,36.79,risk_off_pressure,supportive,59.07,45.76,37.47,45.82,6.5,0.4678,-0.0229,0.3419,0.43,87.5,"{""expected"": 9.15, ""lower"": 8.81, ""upper"": 9.49}","{""bounce_target_zone"": {""base"": 9.59, ""conservative"": 9.59, ""extended"": 10.57, ""meaning"": ""概率反抽情景参考区间，不是目标价承诺。"", ""not_trading_instruction"": true, ""source"": ""scenario_path + atr + recent_resistance""}, ""breakdown_level"": {""confidence"": ""low"", ""distance_pct"": -0.2146, ""meaning"": ""跌破该价位说明个股跌破结构风险上升"", ""not_trading_instruction"": true, ""price"": 7.21, ""source"": ""recent_low + risk_activation""}, ""breakout_level"": {""confidence"": ""low"", ""distance_pct"": 0.092, ""meaning"": ""突破该价位说明个股突破情景需要重新评估"", ""not_trading_instruction"": true, ""price"": 10.02, ""source"": ""recent_high + primary_confirmation""}, ""failed_bounce_warning_zone"": {""critical_warning"": 7.21, ""first_warning"": 8.87, ""meaning"": ""跌入该区间说明失败反抽风险上升。"", ""not_trading_instruction"": true, ""source"": ""risk_path + atr + recent_support""}, ""nearest_resistance"": {""confidence"": ""low"", ""distance_pct"": 0.0895, ""meaning"": ""最近阻力代理，来自近期高点和 ATR 区间"", ""not_trading_instruction"": true, ""price"": 10.0, ""source"": ""price_structure + volatility_band""}, ""nearest_support"": {""confidence"": ""low"", ""distance_pct"": -0.0597, ""meaning"": ""最近支撑代理，来自近期低点和 ATR 区间"", ""not_trading_instruction"": true, ""price"": 8.63, ""source"": ""price_structure + volatility_band""}, ""primary_confirmation_level"": {""confidence"": ""low"", ""distance_pct"": 0.092, ""meaning"": ""站上该价位说明个股主路径正在兑现"", ""not_trading_instruction"": true, ""price"": 10.02, ""source"": ""price_structure + scenario_path""}, ""primary_invalidation_level"": {""confidence"": ""low"", ""distance_pct"": -0.2146, ""meaning"": ""跌破该价位说明个股主路径失效概率上升"", ""not_trading_instruction"": true, ""price"": 7.21, ""source"": ""recent_low + volatility_band""}, ""risk_scenario_activation_level"": {""confidence"": ""low"", ""distance_pct"": -0.2146, ""meaning"": ""跌破该价位说明个股风险路径权重上升"", ""not_trading_instruction"": true, ""price"": 7.21, ""source"": ""volatility_band""}, ""trend_repair_confirmation_level"": {""confidence"": ""low"", ""distance_pct"": 0.092, ""meaning"": ""突破该价位说明个股趋势修复概率提高"", ""not_trading_instruction"": true, ""price"": 10.02, ""source"": ""recent_high + scenario_path""}}","{""conflicting"": [""大盘风险背景压低个股置信度"", ""个股相对弱于大盘/benchmark"", ""公司新闻或财报事件风险上升"", ""基础财务指标偏弱"", ""个股 Alpha 评分已接入"", ""主路径和第二路径差距较小""], ""market_context"": ""risk_off_pressure"", ""missing"": [""options_volatility"", ""single_stock_options""], ""price_close"": 9.180000305175781, ""sector_relative_strength_20d"": 0.1561, ""supporting"": [""个股跑赢所属板块"", ""历史相似结构支持主路径""]}","{""10d"": 8.97, ""1d"": 9.15, ""20d"": 8.95, ""3d"": 9.09, ""5d"": 9.04, ""60d"": 8.97}",,,,,,,,,,,,,,,,,,,,,,,,,,,not_yet_validated,pending,,,,,,,,,,,,false
8c7f731e024036059fb8,2026-08-10,stock,stock_baseline_v1,TSLA,TSLA,QQQ,330.8800048828125,stock_downside_continuation,0.2862,stock_failed_bounce,0.2179,stock_event_risk,0.1346,37.59,risk_off_pressure,conflicting,36.41,37.76,50.0,100,0,0.2403,-0.017,0.2536,0.33,87.5,"{""expected"": 330.14, ""lower"": 323.09, ""upper"": 337.18}","{""bounce_target_zone"": {""base"": 339.48, ""conservative"": 339.48, ""extended"": 418.05, ""meaning"": ""概率反抽情景参考区间，不是目标价承诺。"", ""not_trading_instruction"": true, ""source"": ""scenario_path + atr + recent_resistance""}, ""breakdown_level"": {""confidence"": ""low"", ""distance_pct"": -0.1012, ""meaning"": ""跌破该价位说明个股跌破结构风险上升"", ""not_trading_instruction"": true, ""price"": 297.38, ""source"": ""recent_low + risk_activation""}, ""breakout_level"": {""confidence"": ""low"", ""distance_pct"": 0.2288, ""meaning"": ""突破该价位说明个股突破情景需要重新评估"", ""not_trading_instruction"": true, ""price"": 406.59, ""source"": ""recent_high + primary_confirmation""}, ""failed_bounce_warning_zone"": {""critical_warning"": 297.38, ""first_warning"": 324.43, ""meaning"": ""跌入该区间说明失败反抽风险上升。"", ""not_trading_instruction"": true, ""source"": ""risk_path + atr + recent_support""}, ""nearest_resistance"": {""confidence"": ""low"", ""distance_pct"": 0.052, ""meaning"": ""最近阻力代理，来自近期高点和 ATR 区间"", ""not_trading_instruction"": true, ""price"": 348.07, ""source"": ""price_structure + volatility_band""}, ""nearest_support"": {""confidence"": ""low"", ""distance_pct"": -0.0346, ""meaning"": ""最近支撑代理，来自近期低点和 ATR 区间"", ""not_trading_instruction"": true, ""price"": 319.42, ""source"": ""price_structure + volatility_band""}, ""primary_confirmation_level"": {""confidence"": ""low"", ""distance_pct"": 0.2288, ""meaning"": ""站上该价位说明个股主路径正在兑现"", ""not_trading_instruction"": true, ""price"": 406.59, ""source"": ""price_structure + scenario_path""}, ""primary_invalidation_level"": {""confidence"": ""low"", ""distance_pct"": -0.1012, ""meaning"": ""跌破该价位说明个股主路径失效概率上升"", ""not_trading_instruction"": true, ""price"": 297.38, ""source"": ""recent_low + volatility_band""}, ""risk_scenario_activation_level"": {""confidence"": ""low"", ""distance_pct"": -0.1012, ""meaning"": ""跌破该价位说明个股风险路径权重上升"", ""not_trading_instruction"": true, ""price"": 297.38, ""source"": ""volatility_band""}, ""trend_repair_confirmation_level"": {""confidence"": ""low"", ""distance_pct"": 0.2288, ""meaning"": ""突破该价位说明个股趋势修复概率提高"", ""not_trading_instruction"": true, ""price"": 406.59, ""source"": ""recent_high + scenario_path""}}","{""conflicting"": [""大盘风险背景压低个股置信度"", ""个股弱于所属板块"", ""价格结构与主路径冲突"", ""成交量不确认当前路径"", ""公司新闻或财报事件风险上升"", ""个股 Alpha 评分已接入"", ""主路径和第二路径差距较小""], ""market_context"": ""risk_off_pressure"", ""missing"": [""options_volatility"", ""single_stock_options""], ""price_close"": 330.8800048828125, ""sector_relative_strength_20d"": -0.1931, ""supporting"": [""历史相似结构支持主路径""]}","{""10d"": 325.96, ""1d"": 330.14, ""20d"": 325.22, ""3d"": 328.87, ""5d"": 327.68, ""60d"": 325.24}",,,,,,,,,,,,,,,,,,,,,,,,,,,not_yet_validated,pending,,,,,,,,,,,,false
085ac72eaef80ea21b2d,2026-08-11,stock,stock_baseline_v1,CEG,CEG,SPY,278.3599853515625,stock_failed_bounce,0.2512,stock_downside_continuation,0.1993,stock_event_risk,0.1228,48.19,risk_off_pressure,supportive,71.69,57.5,59.23,72,39.0,0.5845,-0.0077,0.144,0.57,87.5,"{""expected"": 277.99, ""lower"": 272.8, ""upper"": 283.18}","{""bounce_target_zone"": {""base"": 284.69, ""conservative"": 284.69, ""extended"": 288.8, ""meaning"": ""概率反抽情景参考区间，不是目标价承诺。"", ""not_trading_instruction"": true, ""source"": ""scenario_path + atr + recent_resistance""}, ""breakdown_level"": {""confidence"": ""low"", ""distance_pct"": -0.12, ""meaning"": ""跌破该价位说明个股跌破结构风险上升"", ""not_trading_instruction"": true, ""price"": 244.95, ""source"": ""recent_low + risk_activation""}, ""breakout_level"": {""confidence"": ""low"", ""distance_pct"": 0.0171, ""meaning"": ""突破该价位说明个股突破情景需要重新评估"", ""not_trading_instruction"": true, ""price"": 283.11, ""source"": ""recent_high + primary_confirmation""}, ""failed_bounce_warning_zone"": {""critical_warning"": 244.95, ""first_warning"": 273.61, ""meaning"": ""跌入该区间说明失败反抽风险上升。"", ""not_trading_instruction"": true, ""source"": ""risk_path + atr + recent_support""}, ""nearest_resistance"": {""confidence"": ""low"", ""distance_pct"": 0.0072, ""meaning"": ""最近阻力代理，来自近期高点和 ATR 区间"", ""not_trading_instruction"": true, ""price"": 280.36, ""source"": ""price_structure + volatility_band""}, ""nearest_support"": {""confidence"": ""low"", ""distance_pct"": -0.0303, ""meaning"": ""最近支撑代理，来自近期低点和 ATR 区间"", ""not_trading_instruction"": true, ""price"": 269.92, ""source"": ""price_structure + volatility_band""}, ""primary_confirmation_level"": {""confidence"": ""low"", ""distance_pct"": 0.0171, ""meaning"": ""站上该价位说明个股主路径正在兑现"", ""not_trading_instruction"": true, ""price"": 283.11, ""source"": ""price_structure + scenario_path""}, ""primary_invalidation_level"": {""confidence"": ""low"", ""distance_pct"": -0.12, ""meaning"": ""跌破该价位说明个股主路径失效概率上升"", ""not_trading_instruction"": true, ""price"": 244.95, ""source"": ""recent_low + volatility_band""}, ""risk_scenario_activation_level"": {""confidence"": ""low"", ""distance_pct"": -0.12, ""meaning"": ""跌破该价位说明个股风险路径权重上升"", ""not_trading_instruction"": true, ""price"": 244.95, ""source"": ""volatility_band""}, ""trend_repair_confirmation_level"": {""confidence"": ""low"", ""distance_pct"": 0.0072, ""meaning"": ""突破该价位说明个股趋势修复概率提高"", ""not_trading_instruction"": true, ""price"": 280.36, ""source"": ""recent_high + scenario_path""}}","{""conflicting"": [""大盘风险背景压低个股置信度"", ""个股 Alpha 评分已接入"", ""主路径和第二路径差距较小""], ""market_context"": ""risk_off_pressure"", ""missing"": [""options_volatility"", ""single_stock_options""], ""price_close"": 278.3599853515625, ""sector_relative_strength_20d"": 0.1306, ""supporting"": [""个股跑赢所属板块"", ""价格结构支持主路径"", ""近期公司新闻偏支持"", ""基础财务指标偏支持"", ""历史相似结构支持主路径""]}","{""10d"": 275.65, ""1d"": 277.99, ""20d"": 275.57, ""3d"": 277.29, ""5d"": 276.59, ""60d"": 276.22}",,,,,,,,,,,,,,,,,,,,,,,,,,,not_yet_validated,pending,,,,,,,,,,,,false
9e9936770d747a2e640e,2026-08-11,stock,stock_baseline_v1,NVDA,NVDA,QQQ,217.5,stock_failed_bounce,0.2638,stock_downside_continuation,0.1896,stock_event_risk,0.1558,46.04,risk_off_pressure,neutral,67.53,45.39,48.36,100,43.5,0.5769,-0.0105,0.1349,0.48,87.5,"{""expected"": 217.18, ""lower"": 213.38, ""upper"": 220.98}","{""bounce_target_zone"": {""base"": 222.13, ""conservative"": 222.13, ""extended"": 230.94, ""meaning"": ""概率反抽情景参考区间，不是目标价承诺。"", ""not_trading_instruction"": true, ""source"": ""scenario_path + atr + recent_resistance""}, ""breakdown_level"": {""confidence"": ""low"", ""distance_pct"": -0.1264, ""meaning"": ""跌破该价位说明个股跌破结构风险上升"", ""not_trading_instruction"": true, ""price"": 190.01, ""source"": ""recent_low + risk_activation""}, ""breakout_level"": {""confidence"": ""low"", ""distance_pct"": 0.0334, ""meaning"": ""突破该价位说明个股突破情景需要重新评估"", ""not_trading_instruction"": true, ""price"": 224.76, ""source"": ""recent_high + primary_confirmation""}, ""failed_bounce_warning_zone"": {""critical_warning"": 190.01, ""first_warning"": 214.03, ""meaning"": ""跌入该区间说明失败反抽风险上升。"", ""not_trading_instruction"": true, ""source"": ""risk_path + atr + recent_support""}, ""nearest_resistance"": {""confidence"": ""low"", ""distance_pct"": 0.0334, ""meaning"": ""最近阻力代理，来自近期高点和 ATR 区间"", ""not_trading_instruction"": true, ""price"": 224.76, ""source"": ""price_structure + volatility_band""}, ""nearest_support"": {""confidence"": ""low"", ""distance_pct"": -0.0284, ""meaning"": ""最近支撑代理，来自近期低点和 ATR 区间"", ""not_trading_instruction"": true, ""price"": 211.32, ""source"": ""price_structure + volatility_band""}, ""primary_confirmation_level"": {""confidence"": ""low"", ""distance_pct"": 0.0334, ""meaning"": ""站上该价位说明个股主路径正在兑现"", ""not_trading_instruction"": true, ""price"": 224.76, ""source"": ""price_structure + scenario_path""}, ""primary_invalidation_level"": {""confidence"": ""low"", ""distance_pct"": -0.1264, ""meaning"": ""跌破该价位说明个股主路径失效概率上升"", ""not_trading_instruction"": true, ""price"": 190.01, ""source"": ""recent_low + volatility_band""}, ""risk_scenario_activation_level"": {""confidence"": ""low"", ""distance_pct"": -0.1264, ""meaning"": ""跌破该价位说明个股风险路径权重上升"", ""not_trading_instruction"": true, ""price"": 190.01, ""source"": ""volatility_band""}, ""trend_repair_confirmation_level"": {""confidence"": ""low"", ""distance_pct"": 0.0334, ""meaning"": ""突破该价位说明个股趋势修复概率提高"", ""not_trading_instruction"": true, ""price"": 224.76, ""source"": ""recent_high + scenario_path""}}","{""conflicting"": [""大盘风险背景压低个股置信度"", ""公司新闻或财报事件风险上升"", ""个股 Alpha 评分已接入"", ""主路径和第二路径差距较小""], ""market_context"": ""risk_off_pressure"", ""missing"": [""options_volatility"", ""single_stock_options""], ""price_close"": 217.5, ""sector_relative_strength_20d"": 0.0135, ""supporting"": [""价格结构支持主路径"", ""基础财务指标偏支持""]}","{""10d"": 215.14, ""1d"": 217.18, ""20d"": 214.94, ""3d"": 216.57, ""5d"": 215.98, ""60d"": 215.22}",,,,,,,,,,,,,,,,,,,,,,,,,,,not_yet_validated,pending,,,,,,,,,,,,false
1c40686d3d55836be786,2026-08-11,stock,stock_baseline_v1,SMR,SMR,IWM,9.890000343322754,stock_failed_bounce,0.2427,stock_downside_continuation,0.1925,stock_event_risk,0.1496,43.03,risk_off_pressure,supportive,83.53,53.46,51.61,47.48,9.5,0.5204,-0.0142,0.291,0.52,87.5,"{""expected"": 9.86, ""lower"": 9.51, ""upper"": 10.21}","{""bounce_target_zone"": {""base"": 10.32, ""conservative"": 10.32, ""extended"": 10.59, ""meaning"": ""概率反抽情景参考区间，不是目标价承诺。"", ""not_trading_instruction"": true, ""source"": ""scenario_path + atr + recent_resistance""}, ""breakdown_level"": {""confidence"": ""low"", ""distance_pct"": -0.271, ""meaning"": ""跌破该价位说明个股跌破结构风险上升"", ""not_trading_instruction"": true, ""price"": 7.21, ""source"": ""recent_low + risk_activation""}, ""breakout_level"": {""confidence"": ""low"", ""distance_pct"": 0.0322, ""meaning"": ""突破该价位说明个股突破情景需要重新评估"", ""not_trading_instruction"": true, ""price"": 10.21, ""source"": ""recent_high + primary_confirmation""}, ""failed_bounce_warning_zone"": {""critical_warning"": 7.21, ""first_warning"": 9.57, ""meaning"": ""跌入该区间说明失败反抽风险上升。"", ""not_trading_instruction"": true, ""source"": ""risk_path + atr + recent_support""}, ""nearest_resistance"": {""confidence"": ""low"", ""distance_pct"": 0.0137, ""meaning"": ""最近阻力代理，来自近期高点和 ATR 区间"", ""not_trading_instruction"": true, ""price"": 10.02, ""source"": ""price_structure + volatility_band""}, ""nearest_support"": {""confidence"": ""low"", ""distance_pct"": -0.0573, ""meaning"": ""最近支撑代理，来自近期低点和 ATR 区间"", ""not_trading_instruction"": true, ""price"": 9.32, ""source"": ""price_structure + volatility_band""}, ""primary_confirmation_level"": {""confidence"": ""low"", ""distance_pct"": 0.0322, ""meaning"": ""站上该价位说明个股主路径正在兑现"", ""not_trading_instruction"": true, ""price"": 10.21, ""source"": ""price_structure + scenario_path""}, ""primary_invalidation_level"": {""confidence"": ""low"", ""distance_pct"": -0.271, ""meaning"": ""跌破该价位说明个股主路径失效概率上升"", ""not_trading_instruction"": true, ""price"": 7.21, ""source"": ""recent_low + volatility_band""}, ""risk_scenario_activation_level"": {""confidence"": ""low"", ""distance_pct"": -0.271, ""meaning"": ""跌破该价位说明个股风险路径权重上升"", ""not_trading_instruction"": true, ""price"": 7.21, ""source"": ""volatility_band""}, ""trend_repair_confirmation_level"": {""confidence"": ""low"", ""distance_pct"": 0.0137, ""meaning"": ""突破该价位说明个股趋势修复概率提高"", ""not_trading_instruction"": true, ""price"": 10.02, ""source"": ""recent_high + scenario_path""}}","{""conflicting"": [""大盘风险背景压低个股置信度"", ""公司新闻或财报事件风险上升"", ""基础财务指标偏弱"", ""个股 Alpha 评分已接入"", ""主路径和第二路径差距较小""], ""market_context"": ""risk_off_pressure"", ""missing"": [""options_volatility"", ""single_stock_options""], ""price_close"": 9.890000343322754, ""sector_relative_strength_20d"": 0.1951, ""supporting"": [""个股跑赢所属板块"", ""价格结构支持主路径"", ""历史相似结构支持主路径""]}","{""10d"": 9.7, ""1d"": 9.86, ""20d"": 9.7, ""3d"": 9.81, ""5d"": 9.77, ""60d"": 9.75}",,,,,,,,,,,,,,,,,,,,,,,,,,,not_yet_validated,pending,,,,,,,,,,,,false
62c95e144be275e709d0,2026-08-11,stock,stock_baseline_v1,TSLA,TSLA,QQQ,332.80999755859375,stock_downside_continuation,0.2839,stock_failed_bounce,0.2198,stock_event_risk,0.1355,36.19,risk_off_pressure,conflicting,38.6,37.49,50.0,77.0,0,0.2534,-0.0169,0.2472,0.33,87.5,"{""expected"": 332.07, ""lower"": 325.04, ""upper"": 339.09}","{""bounce_target_zone"": {""base"": 341.38, ""conservative"": 341.38, ""extended"": 418.02, ""meaning"": ""概率反抽情景参考区间，不是目标价承诺。"", ""not_trading_instruction"": true, ""source"": ""scenario_path + atr + recent_resistance""}, ""breakdown_level"": {""confidence"": ""low"", ""distance_pct"": -0.1065, ""meaning"": ""跌破该价位说明个股跌破结构风险上升"", ""not_trading_instruction"": true, ""price"": 297.38, ""source"": ""recent_low + risk_activation""}, ""breakout_level"": {""confidence"": ""low"", ""distance_pct"": 0.2217, ""meaning"": ""突破该价位说明个股突破情景需要重新评估"", ""not_trading_instruction"": true, ""price"": 406.59, ""source"": ""recent_high + primary_confirmation""}, ""failed_bounce_warning_zone"": {""critical_warning"": 297.38, ""first_warning"": 326.38, ""meaning"": ""跌入该区间说明失败反抽风险上升。"", ""not_trading_instruction"": true, ""source"": ""risk_path + atr + recent_support""}, ""nearest_resistance"": {""confidence"": ""low"", ""distance_pct"": 0.0515, ""meaning"": ""最近阻力代理，来自近期高点和 ATR 区间"", ""not_trading_instruction"": true, ""price"": 349.95, ""source"": ""price_structure + volatility_band""}, ""nearest_support"": {""confidence"": ""low"", ""distance_pct"": -0.0343, ""meaning"": ""最近支撑代理，来自近期低点和 ATR 区间"", ""not_trading_instruction"": true, ""price"": 321.38, ""source"": ""price_structure + volatility_band""}, ""primary_confirmation_level"": {""confidence"": ""low"", ""distance_pct"": 0.2217, ""meaning"": ""站上该价位说明个股主路径正在兑现"", ""not_trading_instruction"": true, ""price"": 406.59, ""source"": ""price_structure + scenario_path""}, ""primary_invalidation_level"": {""confidence"": ""low"", ""distance_pct"": -0.1065, ""meaning"": ""跌破该价位说明个股主路径失效概率上升"", ""not_trading_instruction"": true, ""price"": 297.38, ""source"": ""recent_low + volatility_band""}, ""risk_scenario_activation_level"": {""confidence"": ""low"", ""distance_pct"": -0.1065, ""meaning"": ""跌破该价位说明个股风险路径权重上升"", ""not_trading_instruction"": true, ""price"": 297.38, ""source"": ""volatility_band""}, ""trend_repair_confirmation_level"": {""confidence"": ""low"", ""distance_pct"": 0.2217, ""meaning"": ""突破该价位说明个股趋势修复概率提高"", ""not_trading_instruction"": true, ""price"": 406.59, ""source"": ""recent_high + scenario_path""}}","{""conflicting"": [""大盘风险背景压低个股置信度"", ""个股弱于所属板块"", ""价格结构与主路径冲突"", ""成交量不确认当前路径"", ""公司新闻或财报事件风险上升"", ""个股 Alpha 评分已接入"", ""主路径和第二路径差距较小""], ""market_context"": ""risk_off_pressure"", ""missing"": [""options_volatility"", ""single_stock_options""], ""price_close"": 332.80999755859375, ""sector_relative_strength_20d"": -0.1888, ""supporting"": [""历史相似结构支持主路径""]}","{""10d"": 327.88, ""1d"": 332.07, ""20d"": 327.15, ""3d"": 330.8, ""5d"": 329.61, ""60d"": 327.18}",,,,,,,,,,,,,,,,,,,,,,,,,,,not_yet_validated,pending,,,,,,,,,,,,false
5bfe37ae8dd531dd6971,2026-08-12,stock,stock_baseline_v1,CEG,CEG,SPY,278.67999267578125,stock_failed_bounce,0.2513,stock_downside_continuation,0.1993,stock_event_risk,0.123,46.0,risk_off_pressure,supportive,72.53,56.42,59.93,60.7,39.0,0.581,-0.0078,0.1448,0.57,87.5,"{""expected"": 278.3, ""lower"": 273.08, ""upper"": 283.53}","{""bounce_target_zone"": {""base"": 285.05, ""conservative"": 285.05, ""extended"": 293.99, ""meaning"": ""概率反抽情景参考区间，不是目标价承诺。"", ""not_trading_instruction"": true, ""source"": ""scenario_path + atr + recent_resistance""}, ""breakdown_level"": {""confidence"": ""low"", ""distance_pct"": -0.121, ""meaning"": ""跌破该价位说明个股跌破结构风险上升"", ""not_trading_instruction"": true, ""price"": 244.95, ""source"": ""recent_low + risk_activation""}, ""breakout_level"": {""confidence"": ""low"", ""distance_pct"": 0.0245, ""meaning"": ""突破该价位说明个股突破情景需要重新评估"", ""not_trading_instruction"": true, ""price"": 285.5, ""source"": ""recent_high + primary_confirmation""}, ""failed_bounce_warning_zone"": {""critical_warning"": 244.95, ""first_warning"": 273.9, ""meaning"": ""跌入该区间说明失败反抽风险上升。"", ""not_trading_instruction"": true, ""source"": ""risk_path + atr + recent_support""}, ""nearest_resistance"": {""confidence"": ""low"", ""distance_pct"": 0.0245, ""meaning"": ""最近阻力代理，来自近期高点和 ATR 区间"", ""not_trading_instruction"": true, ""price"": 285.5, ""source"": ""price_structure + volatility_band""}, ""nearest_support"": {""confidence"": ""low"", ""distance_pct"": -0.0305, ""meaning"": ""最近支撑代理，来自近期低点和 ATR 区间"", ""not_trading_instruction"": true, ""price"": 270.19, ""source"": ""price_structure + volatility_band""}, ""primary_confirmation_level"": {""confidence"": ""low"", ""distance_pct"": 0.0245, ""meaning"": ""站上该价位说明个股主路径正在兑现"", ""not_trading_instruction"": true, ""price"": 285.5, ""source"": ""price_structure + scenario_path""}, ""primary_invalidation_level"": {""confidence"": ""low"", ""distance_pct"": -0.121, ""meaning"": ""跌破该价位说明个股主路径失效概率上升"", ""not_trading_instruction"": true, ""price"": 244.95, ""source"": ""recent_low + volatility_band""}, ""risk_scenario_activation_level"": {""confidence"": ""low"", ""distance_pct"": -0.121, ""meaning"": ""跌破该价位说明个股风险路径权重上升"", ""not_trading_instruction"": true, ""price"": 244.95, ""source"": ""volatility_band""}, ""trend_repair_confirmation_level"": {""confidence"": ""low"", ""distance_pct"": 0.0245, ""meaning"": ""突破该价位说明个股趋势修复概率提高"", ""not_trading_instruction"": true, ""price"": 285.5, ""source"": ""recent_high + scenario_path""}}","{""conflicting"": [""大盘风险背景压低个股置信度"", ""个股 Alpha 评分已接入"", ""主路径和第二路径差距较小""], ""market_context"": ""risk_off_pressure"", ""missing"": [""options_volatility"", ""single_stock_options""], ""price_close"": 278.67999267578125, ""sector_relative_strength_20d"": 0.1102, ""supporting"": [""个股跑赢所属板块"", ""价格结构支持主路径"", ""近期公司新闻偏支持"", ""基础财务指标偏支持""]}","{""10d"": 275.95, ""1d"": 278.3, ""20d"": 275.86, ""3d"": 277.6, ""5d"": 276.9, ""60d"": 276.52}",,,,,,,,,,,,,,,,,,,,,,,,,,,not_yet_validated,pending,,,,,,,,,,,,false
cf8f5cdb9014242421ea,2026-08-12,stock,stock_baseline_v1,NVDA,NVDA,QQQ,224.08999633789062,stock_failed_bounce,0.2648,stock_downside_continuation,0.1903,stock_event_risk,0.156,48.65,risk_off_pressure,neutral,75.32,51.39,55.96,100,43.5,0.591,-0.0096,0.133,0.51,87.5,"{""expected"": 223.76, ""lower"": 219.9, ""upper"": 227.62}","{""bounce_target_zone"": {""base"": 228.79, ""conservative"": 228.79, ""extended"": 231.37, ""meaning"": ""概率反抽情景参考区间，不是目标价承诺。"", ""not_trading_instruction"": true, ""source"": ""scenario_path + atr + recent_resistance""}, ""breakdown_level"": {""confidence"": ""low"", ""distance_pct"": -0.1521, ""meaning"": ""跌破该价位说明个股跌破结构风险上升"", ""not_trading_instruction"": true, ""price"": 190.01, ""source"": ""recent_low + risk_activation""}, ""breakout_level"": {""confidence"": ""low"", ""distance_pct"": 0.0157, ""meaning"": ""突破该价位说明个股突破情景需要重新评估"", ""not_trading_instruction"": true, ""price"": 227.62, ""source"": ""recent_high + primary_confirmation""}, ""failed_bounce_warning_zone"": {""critical_warning"": 190.01, ""first_warning"": 220.56, ""meaning"": ""跌入该区间说明失败反抽风险上升。"", ""not_trading_instruction"": true, ""source"": ""risk_path + atr + recent_support""}, ""nearest_resistance"": {""confidence"": ""low"", ""distance_pct"": 0.0045, ""meaning"": ""最近阻力代理，来自近期高点和 ATR 区间"", ""not_trading_instruction"": true, ""price"": 225.1, ""source"": ""price_structure + volatility_band""}, ""nearest_support"": {""confidence"": ""low"", ""distance_pct"": -0.028, ""meaning"": ""最近支撑代理，来自近期低点和 ATR 区间"", ""not_trading_instruction"": true, ""price"": 217.82, ""source"": ""price_structure + volatility_band""}, ""primary_confirmation_level"": {""confidence"": ""low"", ""distance_pct"": 0.0157, ""meaning"": ""站上该价位说明个股主路径正在兑现"", ""not_trading_instruction"": true, ""price"": 227.62, ""source"": ""price_structure + scenario_path""}, ""primary_invalidation_level"": {""confidence"": ""low"", ""distance_pct"": -0.1521, ""meaning"": ""跌破该价位说明个股主路径失效概率上升"", ""not_trading_instruction"": true, ""price"": 190.01, ""source"": ""recent_low + volatility_band""}, ""risk_scenario_activation_level"": {""confidence"": ""low"", ""distance_pct"": -0.1521, ""meaning"": ""跌破该价位说明个股风险路径权重上升"", ""not_trading_instruction"": true, ""price"": 190.01, ""source"": ""volatility_band""}, ""trend_repair_confirmation_level"": {""confidence"": ""low"", ""distance_pct"": 0.0045, ""meaning"": ""突破该价位说明个股趋势修复概率提高"", ""not_trading_instruction"": true, ""price"": 225.1, ""source"": ""recent_high + scenario_path""}}","{""conflicting"": [""大盘风险背景压低个股置信度"", ""公司新闻或财报事件风险上升"", ""个股 Alpha 评分已接入"", ""主路径和第二路径差距较小""], ""market_context"": ""risk_off_pressure"", ""missing"": [""options_volatility"", ""single_stock_options""], ""price_close"": 224.08999633789062, ""sector_relative_strength_20d"": 0.0144, ""supporting"": [""价格结构支持主路径"", ""基础财务指标偏支持""]}","{""10d"": 221.72, ""1d"": 223.76, ""20d"": 221.56, ""3d"": 223.14, ""5d"": 222.54, ""60d"": 221.94}",,,,,,,,,,,,,,,,,,,,,,,,,,,not_yet_validated,pending,,,,,,,,,,,,false
5d3879ad35552c984c15,2026-08-12,stock,stock_baseline_v1,SMR,SMR,IWM,9.59000015258789,stock_failed_bounce,0.239,stock_downside_continuation,0.1896,stock_event_risk,0.1495,40.03,risk_off_pressure,supportive,70.73,57.68,50.98,44.92,9.5,0.517,-0.0136,0.3125,0.52,87.5,"{""expected"": 9.57, ""lower"": 9.22, ""upper"": 9.91}","{""bounce_target_zone"": {""base"": 10.02, ""conservative"": 10.02, ""extended"": 10.59, ""meaning"": ""概率反抽情景参考区间，不是目标价承诺。"", ""not_trading_instruction"": true, ""source"": ""scenario_path + atr + recent_resistance""}, ""breakdown_level"": {""confidence"": ""low"", ""distance_pct"": -0.2482, ""meaning"": ""跌破该价位说明个股跌破结构风险上升"", ""not_trading_instruction"": true, ""price"": 7.21, ""source"": ""recent_low + risk_activation""}, ""breakout_level"": {""confidence"": ""low"", ""distance_pct"": 0.0454, ""meaning"": ""突破该价位说明个股突破情景需要重新评估"", ""not_trading_instruction"": true, ""price"": 10.02, ""source"": ""recent_high + primary_confirmation""}, ""failed_bounce_warning_zone"": {""critical_warning"": 7.21, ""first_warning"": 9.27, ""meaning"": ""跌入该区间说明失败反抽风险上升。"", ""not_trading_instruction"": true, ""source"": ""risk_path + atr + recent_support""}, ""nearest_resistance"": {""confidence"": ""low"", ""distance_pct"": 0.0454, ""meaning"": ""最近阻力代理，来自近期高点和 ATR 区间"", ""not_trading_instruction"": true, ""price"": 10.02, ""source"": ""price_structure + volatility_band""}, ""nearest_support"": {""confidence"": ""low"", ""distance_pct"": -0.0592, ""meaning"": ""最近支撑代理，来自近期低点和 ATR 区间"", ""not_trading_instruction"": true, ""price"": 9.02, ""source"": ""price_structure + volatility_band""}, ""primary_confirmation_level"": {""confidence"": ""low"", ""distance_pct"": 0.0454, ""meaning"": ""站上该价位说明个股主路径正在兑现"", ""not_trading_instruction"": true, ""price"": 10.02, ""source"": ""price_structure + scenario_path""}, ""primary_invalidation_level"": {""confidence"": ""low"", ""distance_pct"": -0.2482, ""meaning"": ""跌破该价位说明个股主路径失效概率上升"", ""not_trading_instruction"": true, ""price"": 7.21, ""source"": ""recent_low + volatility_band""}, ""risk_scenario_activation_level"": {""confidence"": ""low"", ""distance_pct"": -0.2482, ""meaning"": ""跌破该价位说明个股风险路径权重上升"", ""not_trading_instruction"": true, ""price"": 7.21, ""source"": ""volatility_band""}, ""trend_repair_confirmation_level"": {""confidence"": ""low"", ""distance_pct"": 0.0454, ""meaning"": ""突破该价位说明个股趋势修复概率提高"", ""not_trading_instruction"": true, ""price"": 10.02, ""source"": ""recent_high + scenario_path""}}","{""conflicting"": [""大盘风险背景压低个股置信度"", ""公司新闻或财报事件风险上升"", ""基础财务指标偏弱"", ""个股 Alpha 评分已接入"", ""主路径和第二路径差距较小""], ""market_context"": ""risk_off_pressure"", ""missing"": [""options_volatility"", ""single_stock_options""], ""price_close"": 9.59000015258789, ""sector_relative_strength_20d"": 0.1776, ""supporting"": [""个股跑赢所属板块"", ""价格结构支持主路径""]}","{""10d"": 9.42, ""1d"": 9.57, ""20d"": 9.41, ""3d"": 9.52, ""5d"": 9.48, ""60d"": 9.46}",,,,,,,,,,,,,,,,,,,,,,,,,,,not_yet_validated,pending,,,,,,,,,,,,false
653e6ea7c6c18e69d2bd,2026-08-12,stock,stock_baseline_v1,TSLA,TSLA,QQQ,327.510009765625,stock_downside_continuation,0.2915,stock_failed_bounce,0.2189,stock_event_risk,0.1278,36.43,risk_off_pressure,conflicting,36.78,39.36,50.0,81.0,0,0.2376,-0.0134,0.2592,0.25,87.5,"{""expected"": 326.94, ""lower"": 321.54, ""upper"": 332.33}","{""bounce_target_zone"": {""base"": 334.09, ""conservative"": 334.09, ""extended"": 404.09, ""meaning"": ""概率反抽情景参考区间，不是目标价承诺。"", ""not_trading_instruction"": true, ""source"": ""scenario_path + atr + recent_resistance""}, ""breakdown_level"": {""confidence"": ""low"", ""distance_pct"": -0.092, ""meaning"": ""跌破该价位说明个股跌破结构风险上升"", ""not_trading_instruction"": true, ""price"": 297.38, ""source"": ""recent_low + risk_activation""}, ""breakout_level"": {""confidence"": ""low"", ""distance_pct"": 0.207, ""meaning"": ""突破该价位说明个股突破情景需要重新评估"", ""not_trading_instruction"": true, ""price"": 395.31, ""source"": ""recent_high + primary_confirmation""}, ""failed_bounce_warning_zone"": {""critical_warning"": 297.38, ""first_warning"": 322.57, ""meaning"": ""跌入该区间说明失败反抽风险上升。"", ""not_trading_instruction"": true, ""source"": ""risk_path + atr + recent_support""}, ""nearest_resistance"": {""confidence"": ""low"", ""distance_pct"": 0.0402, ""meaning"": ""最近阻力代理，来自近期高点和 ATR 区间"", ""not_trading_instruction"": true, ""price"": 340.67, ""source"": ""price_structure + volatility_band""}, ""nearest_support"": {""confidence"": ""low"", ""distance_pct"": -0.0268, ""meaning"": ""最近支撑代理，来自近期低点和 ATR 区间"", ""not_trading_instruction"": true, ""price"": 318.73, ""source"": ""price_structure + volatility_band""}, ""primary_confirmation_level"": {""confidence"": ""low"", ""distance_pct"": 0.207, ""meaning"": ""站上该价位说明个股主路径正在兑现"", ""not_trading_instruction"": true, ""price"": 395.31, ""source"": ""price_structure + scenario_path""}, ""primary_invalidation_level"": {""confidence"": ""low"", ""distance_pct"": -0.092, ""meaning"": ""跌破该价位说明个股主路径失效概率上升"", ""not_trading_instruction"": true, ""price"": 297.38, ""source"": ""recent_low + volatility_band""}, ""risk_scenario_activation_level"": {""confidence"": ""low"", ""distance_pct"": -0.092, ""meaning"": ""跌破该价位说明个股风险路径权重上升"", ""not_trading_instruction"": true, ""price"": 297.38, ""source"": ""volatility_band""}, ""trend_repair_confirmation_level"": {""confidence"": ""low"", ""distance_pct"": 0.207, ""meaning"": ""突破该价位说明个股趋势修复概率提高"", ""not_trading_instruction"": true, ""price"": 395.31, ""source"": ""recent_high + scenario_path""}}","{""conflicting"": [""大盘风险背景压低个股置信度"", ""个股弱于所属板块"", ""价格结构与主路径冲突"", ""成交量不确认当前路径"", ""公司新闻或财报事件风险上升"", ""个股 Alpha 评分已接入"", ""主路径和第二路径差距较小""], ""market_context"": ""risk_off_pressure"", ""missing"": [""options_volatility"", ""single_stock_options""], ""price_close"": 327.510009765625, ""sector_relative_strength_20d"": -0.1773, ""supporting"": [""历史相似结构支持主路径""]}","{""10d"": 323.71, ""1d"": 326.94, ""20d"": 323.13, ""3d"": 325.96, ""5d"": 325.04, ""60d"": 323.12}",,,,,,,,,,,,,,,,,,,,,,,,,,,not_yet_validated,pending,,,,,,,,,,,,false
2620abf1bb77ebbd27b6,2026-08-13,stock,stock_baseline_v1,CEG,CEG,SPY,278.6400146484375,stock_failed_bounce,0.2465,stock_downside_continuation,0.1955,stock_event_risk,0.1205,49.0,risk_off_pressure,supportive,73.73,52.58,63.63,72,45.0,0.6164,-0.0062,0.144,0.6,87.5,"{""expected"": 278.29, ""lower"": 273.1, ""upper"": 283.49}","{""bounce_target_zone"": {""base"": 284.97, ""conservative"": 284.97, ""extended"": 293.94, ""meaning"": ""概率反抽情景参考区间，不是目标价承诺。"", ""not_trading_instruction"": true, ""source"": ""scenario_path + atr + recent_resistance""}, ""breakdown_level"": {""confidence"": ""low"", ""distance_pct"": -0.1209, ""meaning"": ""跌破该价位说明个股跌破结构风险上升"", ""not_trading_instruction"": true, ""price"": 244.95, ""source"": ""recent_low + risk_activation""}, ""breakout_level"": {""confidence"": ""low"", ""distance_pct"": 0.0246, ""meaning"": ""突破该价位说明个股突破情景需要重新评估"", ""not_trading_instruction"": true, ""price"": 285.5, ""source"": ""recent_high + primary_confirmation""}, ""failed_bounce_warning_zone"": {""critical_warning"": 244.95, ""first_warning"": 273.89, ""meaning"": ""跌入该区间说明失败反抽风险上升。"", ""not_trading_instruction"": true, ""source"": ""risk_path + atr + recent_support""}, ""nearest_resistance"": {""confidence"": ""low"", ""distance_pct"": 0.0246, ""meaning"": ""最近阻力代理，来自近期高点和 ATR 区间"", ""not_trading_instruction"": true, ""price"": 285.5, ""source"": ""price_structure + volatility_band""}, ""nearest_support"": {""confidence"": ""low"", ""distance_pct"": -0.0303, ""meaning"": ""最近支撑代理，来自近期低点和 ATR 区间"", ""not_trading_instruction"": true, ""price"": 270.2, ""source"": ""price_structure + volatility_band""}, ""primary_confirmation_level"": {""confidence"": ""low"", ""distance_pct"": 0.0246, ""meaning"": ""站上该价位说明个股主路径正在兑现"", ""not_trading_instruction"": true, ""price"": 285.5, ""source"": ""price_structure + scenario_path""}, ""primary_invalidation_level"": {""confidence"": ""low"", ""distance_pct"": -0.1209, ""meaning"": ""跌破该价位说明个股主路径失效概率上升"", ""not_trading_instruction"": true, ""price"": 244.95, ""source"": ""recent_low + volatility_band""}, ""risk_scenario_activation_level"": {""confidence"": ""low"", ""distance_pct"": -0.1209, ""meaning"": ""跌破该价位说明个股风险路径权重上升"", ""not_trading_instruction"": true, ""price"": 244.95, ""source"": ""volatility_band""}, ""trend_repair_confirmation_level"": {""confidence"": ""low"", ""distance_pct"": 0.0246, ""meaning"": ""突破该价位说明个股趋势修复概率提高"", ""not_trading_instruction"": true, ""price"": 285.5, ""source"": ""recent_high + scenario_path""}}","{""conflicting"": [""大盘风险背景压低个股置信度"", ""个股 Alpha 评分已接入"", ""主路径和第二路径差距较小""], ""market_context"": ""risk_off_pressure"", ""missing"": [""options_volatility"", ""single_stock_options""], ""price_close"": 278.6400146484375, ""sector_relative_strength_20d"": 0.1382, ""supporting"": [""个股跑赢所属板块"", ""价格结构支持主路径"", ""个股相对强于大盘/benchmark"", ""近期公司新闻偏支持"", ""基础财务指标偏支持"", ""历史相似结构支持主路径""]}","{""10d"": 276.13, ""1d"": 278.29, ""20d"": 276.13, ""3d"": 277.64, ""5d"": 276.99, ""60d"": 276.9}",,,,,,,,,,,,,,,,,,,,,,,,,,,not_yet_validated,pending,,,,,,,,,,,,false
8af1b2a2cf4043fbcd1e,2026-08-13,stock,stock_baseline_v1,NVDA,NVDA,QQQ,225.3000030517578,stock_failed_bounce,0.2618,stock_downside_continuation,0.1882,stock_event_risk,0.1529,50.15,risk_off_pressure,neutral,77.02,46.34,56.74,100,46.5,0.6054,-0.0083,0.1277,0.53,87.5,"{""expected"": 224.99, ""lower"": 221.27, ""upper"": 228.72}","{""bounce_target_zone"": {""base"": 229.85, ""conservative"": 229.85, ""extended"": 233.29, ""meaning"": ""概率反抽情景参考区间，不是目标价承诺。"", ""not_trading_instruction"": true, ""source"": ""scenario_path + atr + recent_resistance""}, ""breakdown_level"": {""confidence"": ""low"", ""distance_pct"": -0.1566, ""meaning"": ""跌破该价位说明个股跌破结构风险上升"", ""not_trading_instruction"": true, ""price"": 190.01, ""source"": ""recent_low + risk_activation""}, ""breakout_level"": {""confidence"": ""low"", ""distance_pct"": 0.0151, ""meaning"": ""突破该价位说明个股突破情景需要重新评估"", ""not_trading_instruction"": true, ""price"": 228.71, ""source"": ""recent_high + primary_confirmation""}, ""failed_bounce_warning_zone"": {""critical_warning"": 190.01, ""first_warning"": 221.89, ""meaning"": ""跌入该区间说明失败反抽风险上升。"", ""not_trading_instruction"": true, ""source"": ""risk_path + atr + recent_support""}, ""nearest_resistance"": {""confidence"": ""low"", ""distance_pct"": 0.0086, ""meaning"": ""最近阻力代理，来自近期高点和 ATR 区间"", ""not_trading_instruction"": true, ""price"": 227.23, ""source"": ""price_structure + volatility_band""}, ""nearest_support"": {""confidence"": ""low"", ""distance_pct"": -0.0269, ""meaning"": ""最近支撑代理，来自近期低点和 ATR 区间"", ""not_trading_instruction"": true, ""price"": 219.24, ""source"": ""price_structure + volatility_band""}, ""primary_confirmation_level"": {""confidence"": ""low"", ""distance_pct"": 0.0151, ""meaning"": ""站上该价位说明个股主路径正在兑现"", ""not_trading_instruction"": true, ""price"": 228.71, ""source"": ""price_structure + scenario_path""}, ""primary_invalidation_level"": {""confidence"": ""low"", ""distance_pct"": -0.1566, ""meaning"": ""跌破该价位说明个股主路径失效概率上升"", ""not_trading_instruction"": true, ""price"": 190.01, ""source"": ""recent_low + volatility_band""}, ""risk_scenario_activation_level"": {""confidence"": ""low"", ""distance_pct"": -0.1566, ""meaning"": ""跌破该价位说明个股风险路径权重上升"", ""not_trading_instruction"": true, ""price"": 190.01, ""source"": ""volatility_band""}, ""trend_repair_confirmation_level"": {""confidence"": ""low"", ""distance_pct"": 0.0086, ""meaning"": ""突破该价位说明个股趋势修复概率提高"", ""not_trading_instruction"": true, ""price"": 227.23, ""source"": ""recent_high + scenario_path""}}","{""conflicting"": [""大盘风险背景压低个股置信度"", ""公司新闻或财报事件风险上升"", ""个股 Alpha 评分已接入"", ""主路径和第二路径差距较小""], ""market_context"": ""risk_off_pressure"", ""missing"": [""options_volatility"", ""single_stock_options""], ""price_close"": 225.3000030517578, ""sector_relative_strength_20d"": 0.0117, ""supporting"": [""价格结构支持主路径"", ""基础财务指标偏支持"", ""历史相似结构支持主路径""]}","{""10d"": 223.12, ""1d"": 224.99, ""20d"": 223.0, ""3d"": 224.42, ""5d"": 223.87, ""60d"": 223.42}",,,,,,,,,,,,,,,,,,,,,,,,,,,not_yet_validated,pending,,,,,,,,,,,,false
ccda141cb8b42ba741d2,2026-08-13,stock,stock_baseline_v1,SMR,SMR,IWM,9.850000381469727,stock_trend_repair,0.26,stock_failed_bounce,0.2049,stock_downside_continuation,0.1625,47.61,risk_off_pressure,supportive,79.64,66.53,82.86,49.24,24.0,0.686,0.0081,0.2939,0.74,87.5,"{""expected"": 9.84, ""lower"": 9.49, ""upper"": 10.19}","{""bounce_target_zone"": {""base"": 10.7, ""conservative"": 10.28, ""extended"": 10.7, ""meaning"": ""概率反抽情景参考区间，不是目标价承诺。"", ""not_trading_instruction"": true, ""source"": ""scenario_path + atr + recent_resistance""}, ""breakdown_level"": {""confidence"": ""low"", ""distance_pct"": -0.268, ""meaning"": ""跌破该价位说明个股跌破结构风险上升"", ""not_trading_instruction"": true, ""price"": 7.21, ""source"": ""recent_low + risk_activation""}, ""breakout_level"": {""confidence"": ""low"", ""distance_pct"": 0.0324, ""meaning"": ""突破该价位说明个股突破情景需要重新评估"", ""not_trading_instruction"": true, ""price"": 10.17, ""source"": ""recent_high + primary_confirmation""}, ""failed_bounce_warning_zone"": {""critical_warning"": 7.21, ""first_warning"": 9.51, ""meaning"": ""跌入该区间说明失败反抽风险上升。"", ""not_trading_instruction"": true, ""source"": ""risk_path + atr + recent_support""}, ""nearest_resistance"": {""confidence"": ""low"", ""distance_pct"": 0.0289, ""meaning"": ""最近阻力代理，来自近期高点和 ATR 区间"", ""not_trading_instruction"": true, ""price"": 10.14, ""source"": ""price_structure + volatility_band""}, ""nearest_support"": {""confidence"": ""low"", ""distance_pct"": -0.0576, ""meaning"": ""最近支撑代理，来自近期低点和 ATR 区间"", ""not_trading_instruction"": true, ""price"": 9.28, ""source"": ""price_structure + volatility_band""}, ""primary_confirmation_level"": {""confidence"": ""low"", ""distance_pct"": 0.0324, ""meaning"": ""站上该价位说明个股主路径正在兑现"", ""not_trading_instruction"": true, ""price"": 10.17, ""source"": ""price_structure + scenario_path""}, ""primary_invalidation_level"": {""confidence"": ""low"", ""distance_pct"": -0.268, ""meaning"": ""跌破该价位说明个股主路径失效概率上升"", ""not_trading_instruction"": true, ""price"": 7.21, ""source"": ""recent_low + volatility_band""}, ""risk_scenario_activation_level"": {""confidence"": ""low"", ""distance_pct"": -0.268, ""meaning"": ""跌破该价位说明个股风险路径权重上升"", ""not_trading_instruction"": true, ""price"": 7.21, ""source"": ""volatility_band""}, ""trend_repair_confirmation_level"": {""confidence"": ""low"", ""distance_pct"": 0.0863, ""meaning"": ""突破该价位说明个股趋势修复概率提高"", ""not_trading_instruction"": true, ""price"": 10.7, ""source"": ""recent_high + scenario_path""}}","{""conflicting"": [""大盘风险背景压低个股置信度"", ""公司新闻或财报事件风险上升"", ""基础财务指标偏弱"", ""个股 Alpha 评分已接入"", ""主路径和第二路径差距较小""], ""market_context"": ""risk_off_pressure"", ""missing"": [""options_volatility"", ""single_stock_options""], ""price_close"": 9.850000381469727, ""sector_relative_strength_20d"": 0.3207, ""supporting"": [""个股跑赢所属板块"", ""价格结构支持主路径"", ""成交量确认当前路径"", ""个股相对强于大盘/benchmark""]}","{""10d"": 9.78, ""1d"": 9.84, ""20d"": 9.82, ""3d"": 9.82, ""5d"": 9.8, ""60d"": 9.93}",,,,,,,,,,,,,,,,,,,,,,,,,,,not_yet_validated,pending,,,,,,,,,,,,false
3ea2cc8751d5269eb7e6,2026-08-13,stock,stock_baseline_v1,TSLA,TSLA,QQQ,339.9599914550781,stock_downside_continuation,0.2906,stock_failed_bounce,0.2454,stock_event_risk,0.1265,34.78,risk_off_pressure,conflicting,55.0,41.74,1.1,100,0,0.2458,-0.015,0.231,0.24,87.5,"{""expected"": 339.32, ""lower"": 333.92, ""upper"": 344.72}","{""bounce_target_zone"": {""base"": 346.54, ""conservative"": 346.54, ""extended"": 395.38, ""meaning"": ""概率反抽情景参考区间，不是目标价承诺。"", ""not_trading_instruction"": true, ""source"": ""scenario_path + atr + recent_resistance""}, ""breakdown_level"": {""confidence"": ""low"", ""distance_pct"": -0.1252, ""meaning"": ""跌破该价位说明个股跌破结构风险上升"", ""not_trading_instruction"": true, ""price"": 297.38, ""source"": ""recent_low + risk_activation""}, ""breakout_level"": {""confidence"": ""low"", ""distance_pct"": 0.1372, ""meaning"": ""突破该价位说明个股突破情景需要重新评估"", ""not_trading_instruction"": true, ""price"": 386.61, ""source"": ""recent_high + primary_confirmation""}, ""failed_bounce_warning_zone"": {""critical_warning"": 297.38, ""first_warning"": 335.03, ""meaning"": ""跌入该区间说明失败反抽风险上升。"", ""not_trading_instruction"": true, ""source"": ""risk_path + atr + recent_support""}, ""nearest_resistance"": {""confidence"": ""low"", ""distance_pct"": 0.0387, ""meaning"": ""最近阻力代理，来自近期高点和 ATR 区间"", ""not_trading_instruction"": true, ""price"": 353.12, ""source"": ""price_structure + volatility_band""}, ""nearest_support"": {""confidence"": ""low"", ""distance_pct"": -0.0258, ""meaning"": ""最近支撑代理，来自近期低点和 ATR 区间"", ""not_trading_instruction"": true, ""price"": 331.19, ""source"": ""price_structure + volatility_band""}, ""primary_confirmation_level"": {""confidence"": ""low"", ""distance_pct"": 0.1372, ""meaning"": ""站上该价位说明个股主路径正在兑现"", ""not_trading_instruction"": true, ""price"": 386.61, ""source"": ""price_structure + scenario_path""}, ""primary_invalidation_level"": {""confidence"": ""low"", ""distance_pct"": -0.1252, ""meaning"": ""跌破该价位说明个股主路径失效概率上升"", ""not_trading_instruction"": true, ""price"": 297.38, ""source"": ""recent_low + volatility_band""}, ""risk_scenario_activation_level"": {""confidence"": ""low"", ""distance_pct"": -0.1252, ""meaning"": ""跌破该价位说明个股风险路径权重上升"", ""not_trading_instruction"": true, ""price"": 297.38, ""source"": ""volatility_band""}, ""trend_repair_confirmation_level"": {""confidence"": ""low"", ""distance_pct"": 0.1372, ""meaning"": ""突破该价位说明个股趋势修复概率提高"", ""not_trading_instruction"": true, ""price"": 386.61, ""source"": ""recent_high + scenario_path""}}","{""conflicting"": [""大盘风险背景压低个股置信度"", ""个股弱于所属板块"", ""成交量不确认当前路径"", ""个股相对弱于大盘/benchmark"", ""公司新闻或财报事件风险上升"", ""个股 Alpha 评分已接入"", ""主路径和第二路径差距较小""], ""market_context"": ""risk_off_pressure"", ""missing"": [""options_volatility"", ""single_stock_options""], ""price_close"": 339.9599914550781, ""sector_relative_strength_20d"": -0.1527, ""supporting"": [""历史相似结构支持主路径""]}","{""10d"": 335.66, ""1d"": 339.32, ""20d"": 334.96, ""3d"": 338.22, ""5d"": 337.17, ""60d"": 334.85}",,,,,,,,,,,,,,,,,,,,,,,,,,,not_yet_validated,pending,,,,,,,,,,,,false
eec8078e1c48e460ec2c,2026-08-14,stock,stock_baseline_v1,CEG,CEG,SPY,282.5,stock_failed_bounce,0.2443,stock_downside_continuation,0.1938,stock_event_risk,0.1186,48.39,risk_off_pressure,supportive,73.76,49.71,65.78,64.3,45.0,0.6198,-0.0054,0.141,0.61,87.5,"{""expected"": 282.17, ""lower"": 277.01, ""upper"": 287.32}","{""bounce_target_zone"": {""base"": 288.79, ""conservative"": 288.79, ""extended"": 295.38, ""meaning"": ""概率反抽情景参考区间，不是目标价承诺。"", ""not_trading_instruction"": true, ""source"": ""scenario_path + atr + recent_resistance""}, ""breakdown_level"": {""confidence"": ""low"", ""distance_pct"": -0.1103, ""meaning"": ""跌破该价位说明个股跌破结构风险上升"", ""not_trading_instruction"": true, ""price"": 251.33, ""source"": ""recent_low + risk_activation""}, ""breakout_level"": {""confidence"": ""low"", ""distance_pct"": 0.0167, ""meaning"": ""突破该价位说明个股突破情景需要重新评估"", ""not_trading_instruction"": true, ""price"": 287.22, ""source"": ""recent_high + primary_confirmation""}, ""failed_bounce_warning_zone"": {""critical_warning"": 251.33, ""first_warning"": 277.78, ""meaning"": ""跌入该区间说明失败反抽风险上升。"", ""not_trading_instruction"": true, ""source"": ""risk_path + atr + recent_support""}, ""nearest_resistance"": {""confidence"": ""low"", ""distance_pct"": 0.0159, ""meaning"": ""最近阻力代理，来自近期高点和 ATR 区间"", ""not_trading_instruction"": true, ""price"": 287.0, ""source"": ""price_structure + volatility_band""}, ""nearest_support"": {""confidence"": ""low"", ""distance_pct"": -0.0297, ""meaning"": ""最近支撑代理，来自近期低点和 ATR 区间"", ""not_trading_instruction"": true, ""price"": 274.12, ""source"": ""price_structure + volatility_band""}, ""primary_confirmation_level"": {""confidence"": ""low"", ""distance_pct"": 0.0167, ""meaning"": ""站上该价位说明个股主路径正在兑现"", ""not_trading_instruction"": true, ""price"": 287.22, ""source"": ""price_structure + scenario_path""}, ""primary_invalidation_level"": {""confidence"": ""low"", ""distance_pct"": -0.1103, ""meaning"": ""跌破该价位说明个股主路径失效概率上升"", ""not_trading_instruction"": true, ""price"": 251.33, ""source"": ""recent_low + volatility_band""}, ""risk_scenario_activation_level"": {""confidence"": ""low"", ""distance_pct"": -0.1103, ""meaning"": ""跌破该价位说明个股风险路径权重上升"", ""not_trading_instruction"": true, ""price"": 251.33, ""source"": ""volatility_band""}, ""trend_repair_confirmation_level"": {""confidence"": ""low"", ""distance_pct"": 0.0159, ""meaning"": ""突破该价位说明个股趋势修复概率提高"", ""not_trading_instruction"": true, ""price"": 287.0, ""source"": ""recent_high + scenario_path""}}","{""conflicting"": [""大盘风险背景压低个股置信度"", ""个股 Alpha 评分已接入"", ""主路径和第二路径差距较小""], ""market_context"": ""risk_off_pressure"", ""missing"": [""options_volatility"", ""single_stock_options""], ""price_close"": 282.5, ""sector_relative_strength_20d"": 0.1383, ""supporting"": [""个股跑赢所属板块"", ""价格结构支持主路径"", ""个股相对强于大盘/benchmark"", ""近期公司新闻偏支持"", ""基础财务指标偏支持"", ""历史相似结构支持主路径""]}","{""10d"": 280.12, ""1d"": 282.17, ""20d"": 280.16, ""3d"": 281.55, ""5d"": 280.93, ""60d"": 280.98}",,,,,,,,,,,,,,,,,,,,,,,,,,,not_yet_validated,pending,,,,,,,,,,,,false
ad7b26d4f9190ac96bf8,2026-08-14,stock,stock_baseline_v1,NVDA,NVDA,QQQ,225.16000366210938,stock_failed_bounce,0.2591,stock_downside_continuation,0.1863,stock_event_risk,0.1486,51.76,risk_off_pressure,supportive,72.42,39.78,58.65,100,52.5,0.637,-0.0067,0.1155,0.55,87.5,"{""expected"": 224.9, ""lower"": 221.53, ""upper"": 228.26}","{""bounce_target_zone"": {""base"": 229.26, ""conservative"": 229.26, ""extended"": 232.96, ""meaning"": ""概率反抽情景参考区间，不是目标价承诺。"", ""not_trading_instruction"": true, ""source"": ""scenario_path + atr + recent_resistance""}, ""breakdown_level"": {""confidence"": ""low"", ""distance_pct"": -0.1561, ""meaning"": ""跌破该价位说明个股跌破结构风险上升"", ""not_trading_instruction"": true, ""price"": 190.01, ""source"": ""recent_low + risk_activation""}, ""breakout_level"": {""confidence"": ""low"", ""distance_pct"": 0.0137, ""meaning"": ""突破该价位说明个股突破情景需要重新评估"", ""not_trading_instruction"": true, ""price"": 228.24, ""source"": ""recent_high + primary_confirmation""}, ""failed_bounce_warning_zone"": {""critical_warning"": 190.01, ""first_warning"": 222.08, ""meaning"": ""跌入该区间说明失败反抽风险上升。"", ""not_trading_instruction"": true, ""source"": ""risk_path + atr + recent_support""}, ""nearest_resistance"": {""confidence"": ""low"", ""distance_pct"": 0.0103, ""meaning"": ""最近阻力代理，来自近期高点和 ATR 区间"", ""not_trading_instruction"": true, ""price"": 227.49, ""source"": ""price_structure + volatility_band""}, ""nearest_support"": {""confidence"": ""low"", ""distance_pct"": -0.0243, ""meaning"": ""最近支撑代理，来自近期低点和 ATR 区间"", ""not_trading_instruction"": true, ""price"": 219.69, ""source"": ""price_structure + volatility_band""}, ""primary_confirmation_level"": {""confidence"": ""low"", ""distance_pct"": 0.0137, ""meaning"": ""站上该价位说明个股主路径正在兑现"", ""not_trading_instruction"": true, ""price"": 228.24, ""source"": ""price_structure + scenario_path""}, ""primary_invalidation_level"": {""confidence"": ""low"", ""distance_pct"": -0.1561, ""meaning"": ""跌破该价位说明个股主路径失效概率上升"", ""not_trading_instruction"": true, ""price"": 190.01, ""source"": ""recent_low + volatility_band""}, ""risk_scenario_activation_level"": {""confidence"": ""low"", ""distance_pct"": -0.1561, ""meaning"": ""跌破该价位说明个股风险路径权重上升"", ""not_trading_instruction"": true, ""price"": 190.01, ""source"": ""volatility_band""}, ""trend_repair_confirmation_level"": {""confidence"": ""low"", ""distance_pct"": 0.0103, ""meaning"": ""突破该价位说明个股趋势修复概率提高"", ""not_trading_instruction"": true, ""price"": 227.49, ""source"": ""recent_high + scenario_path""}}","{""conflicting"": [""大盘风险背景压低个股置信度"", ""成交量不确认当前路径"", ""公司新闻或财报事件风险上升"", ""个股 Alpha 评分已接入"", ""主路径和第二路径差距较小""], ""market_context"": ""risk_off_pressure"", ""missing"": [""options_volatility"", ""single_stock_options""], ""price_close"": 225.16000366210938, ""sector_relative_strength_20d"": 0.0281, ""supporting"": [""个股跑赢所属板块"", ""价格结构支持主路径"", ""基础财务指标偏支持"", ""历史相似结构支持主路径""]}","{""10d"": 223.29, ""1d"": 224.9, ""20d"": 223.22, ""3d"": 224.41, ""5d"": 223.93, ""60d"": 223.65}",,,,,,,,,,,,,,,,,,,,,,,,,,,not_yet_validated,pending,,,,,,,,,,,,false
f262cbb03ee0aabeb71f,2026-08-14,stock,stock_baseline_v1,SMR,SMR,IWM,9.390000343322754,stock_failed_bounce,0.2427,stock_trend_repair,0.1912,stock_downside_continuation,0.174,40.98,risk_off_pressure,supportive,52.51,63.15,65.6,51.4,16.5,0.589,-0.0064,0.3269,0.58,87.5,"{""expected"": 9.37, ""lower"": 9.02, ""upper"": 9.73}","{""bounce_target_zone"": {""base"": 9.82, ""conservative"": 9.82, ""extended"": 10.71, ""meaning"": ""概率反抽情景参考区间，不是目标价承诺。"", ""not_trading_instruction"": true, ""source"": ""scenario_path + atr + recent_resistance""}, ""breakdown_level"": {""confidence"": ""low"", ""distance_pct"": -0.197, ""meaning"": ""跌破该价位说明个股跌破结构风险上升"", ""not_trading_instruction"": true, ""price"": 7.54, ""source"": ""recent_low + risk_activation""}, ""breakout_level"": {""confidence"": ""low"", ""distance_pct"": 0.0793, ""meaning"": ""突破该价位说明个股突破情景需要重新评估"", ""not_trading_instruction"": true, ""price"": 10.14, ""source"": ""recent_high + primary_confirmation""}, ""failed_bounce_warning_zone"": {""critical_warning"": 7.54, ""first_warning"": 9.04, ""meaning"": ""跌入该区间说明失败反抽风险上升。"", ""not_trading_instruction"": true, ""source"": ""risk_path + atr + recent_support""}, ""nearest_resistance"": {""confidence"": ""low"", ""distance_pct"": 0.0793, ""meaning"": ""最近阻力代理，来自近期高点和 ATR 区间"", ""not_trading_instruction"": true, ""price"": 10.14, ""source"": ""price_structure + volatility_band""}, ""nearest_support"": {""confidence"": ""low"", ""distance_pct"": -0.0614, ""meaning"": ""最近支撑代理，来自近期低点和 ATR 区间"", ""not_trading_instruction"": true, ""price"": 8.81, ""source"": ""price_structure + volatility_band""}, ""primary_confirmation_level"": {""confidence"": ""low"", ""distance_pct"": 0.0793, ""meaning"": ""站上该价位说明个股主路径正在兑现"", ""not_trading_instruction"": true, ""price"": 10.14, ""source"": ""price_structure + scenario_path""}, ""primary_invalidation_level"": {""confidence"": ""low"", ""distance_pct"": -0.197, ""meaning"": ""跌破该价位说明个股主路径失效概率上升"", ""not_trading_instruction"": true, ""price"": 7.54, ""source"": ""recent_low + volatility_band""}, ""risk_scenario_activation_level"": {""confidence"": ""low"", ""distance_pct"": -0.197, ""meaning"": ""跌破该价位说明个股风险路径权重上升"", ""not_trading_instruction"": true, ""price"": 7.54, ""source"": ""volatility_band""}, ""trend_repair_confirmation_level"": {""confidence"": ""low"", ""distance_pct"": 0.0793, ""meaning"": ""突破该价位说明个股趋势修复概率提高"", ""not_trading_instruction"": true, ""price"": 10.14, ""source"": ""recent_high + scenario_path""}}","{""conflicting"": [""大盘风险背景压低个股置信度"", ""基础财务指标偏弱"", ""个股 Alpha 评分已接入"", ""主路径和第二路径差距较小""], ""market_context"": ""risk_off_pressure"", ""missing"": [""options_volatility"", ""single_stock_options""], ""price_close"": 9.390000343322754, ""sector_relative_strength_20d"": 0.2354, ""supporting"": [""个股跑赢所属板块"", ""成交量确认当前路径"", ""个股相对强于大盘/benchmark""]}","{""10d"": 9.25, ""1d"": 9.37, ""20d"": 9.26, ""3d"": 9.33, ""5d"": 9.29, ""60d"": 9.33}",,,,,,,,,,,,,,,,,,,,,,,,,,,not_yet_validated,pending,,,,,,,,,,,,false
093d3110dddeb3e2a54d,2026-08-14,stock,stock_baseline_v1,TSLA,TSLA,QQQ,342.2699890136719,stock_downside_continuation,0.2781,stock_failed_bounce,0.2511,stock_event_risk,0.1297,35.55,risk_off_pressure,conflicting,55.24,46.32,4.96,97.0,0,0.2578,-0.0148,0.2258,0.25,87.5,"{""expected"": 341.64, ""lower"": 336.13, ""upper"": 347.14}","{""bounce_target_zone"": {""base"": 348.99, ""conservative"": 348.99, ""extended"": 395.57, ""meaning"": ""概率反抽情景参考区间，不是目标价承诺。"", ""not_trading_instruction"": true, ""source"": ""scenario_path + atr + recent_resistance""}, ""breakdown_level"": {""confidence"": ""low"", ""distance_pct"": -0.1312, ""meaning"": ""跌破该价位说明个股跌破结构风险上升"", ""not_trading_instruction"": true, ""price"": 297.38, ""source"": ""recent_low + risk_activation""}, ""breakout_level"": {""confidence"": ""low"", ""distance_pct"": 0.1295, ""meaning"": ""突破该价位说明个股突破情景需要重新评估"", ""not_trading_instruction"": true, ""price"": 386.61, ""source"": ""recent_high + primary_confirmation""}, ""failed_bounce_warning_zone"": {""critical_warning"": 297.38, ""first_warning"": 337.23, ""meaning"": ""跌入该区间说明失败反抽风险上升。"", ""not_trading_instruction"": true, ""source"": ""risk_path + atr + recent_support""}, ""nearest_resistance"": {""confidence"": ""low"", ""distance_pct"": 0.0393, ""meaning"": ""最近阻力代理，来自近期高点和 ATR 区间"", ""not_trading_instruction"": true, ""price"": 355.7, ""source"": ""price_structure + volatility_band""}, ""nearest_support"": {""confidence"": ""low"", ""distance_pct"": -0.0262, ""meaning"": ""最近支撑代理，来自近期低点和 ATR 区间"", ""not_trading_instruction"": true, ""price"": 333.31, ""source"": ""price_structure + volatility_band""}, ""primary_confirmation_level"": {""confidence"": ""low"", ""distance_pct"": 0.1295, ""meaning"": ""站上该价位说明个股主路径正在兑现"", ""not_trading_instruction"": true, ""price"": 386.61, ""source"": ""price_structure + scenario_path""}, ""primary_invalidation_level"": {""confidence"": ""low"", ""distance_pct"": -0.1312, ""meaning"": ""跌破该价位说明个股主路径失效概率上升"", ""not_trading_instruction"": true, ""price"": 297.38, ""source"": ""recent_low + volatility_band""}, ""risk_scenario_activation_level"": {""confidence"": ""low"", ""distance_pct"": -0.1312, ""meaning"": ""跌破该价位说明个股风险路径权重上升"", ""not_trading_instruction"": true, ""price"": 297.38, ""source"": ""volatility_band""}, ""trend_repair_confirmation_level"": {""confidence"": ""low"", ""distance_pct"": 0.1295, ""meaning"": ""突破该价位说明个股趋势修复概率提高"", ""not_trading_instruction"": true, ""price"": 386.61, ""source"": ""recent_high + scenario_path""}}","{""conflicting"": [""大盘风险背景压低个股置信度"", ""个股弱于所属板块"", ""个股相对弱于大盘/benchmark"", ""公司新闻或财报事件风险上升"", ""个股 Alpha 评分已接入"", ""主路径和第二路径差距较小""], ""market_context"": ""risk_off_pressure"", ""missing"": [""options_volatility"", ""single_stock_options""], ""price_close"": 342.2699890136719, ""sector_relative_strength_20d"": -0.1115, ""supporting"": [""历史相似结构支持主路径""]}","{""10d"": 337.96, ""1d"": 341.64, ""20d"": 337.29, ""3d"": 340.54, ""5d"": 339.48, ""60d"": 337.22}",,,,,,,,,,,,,,,,,,,,,,,,,,,not_yet_validated,pending,,,,,,,,,,,,false
386ef2ab36968849ef8a,2026-08-17,stock,stock_baseline_v1,CEG,CEG,SPY,278.20001220703125,stock_failed_bounce,0.2507,stock_downside_continuation,0.1988,stock_event_risk,0.1224,41.57,risk_off_pressure,supportive,65.75,52.07,55.33,53.96,37.0,0.573,-0.0076,0.1436,0.57,87.5,"{""expected"": 277.84, ""lower"": 272.66, ""upper"": 283.01}","{""bounce_target_zone"": {""base"": 284.51, ""conservative"": 284.51, ""extended"": 295.41, ""meaning"": ""概率反抽情景参考区间，不是目标价承诺。"", ""not_trading_instruction"": true, ""source"": ""scenario_path + atr + recent_resistance""}, ""breakdown_level"": {""confidence"": ""low"", ""distance_pct"": -0.0808, ""meaning"": ""跌破该价位说明个股跌破结构风险上升"", ""not_trading_instruction"": true, ""price"": 255.72, ""source"": ""recent_low + risk_activation""}, ""breakout_level"": {""confidence"": ""low"", ""distance_pct"": 0.0316, ""meaning"": ""突破该价位说明个股突破情景需要重新评估"", ""not_trading_instruction"": true, ""price"": 287.0, ""source"": ""recent_high + primary_confirmation""}, ""failed_bounce_warning_zone"": {""critical_warning"": 255.72, ""first_warning"": 273.47, ""meaning"": ""跌入该区间说明失败反抽风险上升。"", ""not_trading_instruction"": true, ""source"": ""risk_path + atr + recent_support""}, ""nearest_resistance"": {""confidence"": ""low"", ""distance_pct"": 0.0316, ""meaning"": ""最近阻力代理，来自近期高点和 ATR 区间"", ""not_trading_instruction"": true, ""price"": 287.0, ""source"": ""price_structure + volatility_band""}, ""nearest_support"": {""confidence"": ""low"", ""distance_pct"": -0.0302, ""meaning"": ""最近支撑代理，来自近期低点和 ATR 区间"", ""not_trading_instruction"": true, ""price"": 269.79, ""source"": ""price_structure + volatility_band""}, ""primary_confirmation_level"": {""confidence"": ""low"", ""distance_pct"": 0.0316, ""meaning"": ""站上该价位说明个股主路径正在兑现"", ""not_trading_instruction"": true, ""price"": 287.0, ""source"": ""price_structure + scenario_path""}, ""primary_invalidation_level"": {""confidence"": ""low"", ""distance_pct"": -0.0808, ""meaning"": ""跌破该价位说明个股主路径失效概率上升"", ""not_trading_instruction"": true, ""price"": 255.72, ""source"": ""recent_low + volatility_band""}, ""risk_scenario_activation_level"": {""confidence"": ""low"", ""distance_pct"": -0.0808, ""meaning"": ""跌破该价位说明个股风险路径权重上升"", ""not_trading_instruction"": true, ""price"": 255.72, ""source"": ""volatility_band""}, ""trend_repair_confirmation_level"": {""confidence"": ""low"", ""distance_pct"": 0.0316, ""meaning"": ""突破该价位说明个股趋势修复概率提高"", ""not_trading_instruction"": true, ""price"": 287.0, ""source"": ""recent_high + scenario_path""}}","{""conflicting"": [""大盘风险背景压低个股置信度"", ""历史相似结构与主路径冲突"", ""个股 Alpha 评分已接入"", ""主路径和第二路径差距较小""], ""market_context"": ""risk_off_pressure"", ""missing"": [""options_volatility"", ""single_stock_options""], ""price_close"": 278.20001220703125, ""sector_relative_strength_20d"": 0.1143, ""supporting"": [""个股跑赢所属板块"", ""价格结构支持主路径"", ""基础财务指标偏支持""]}","{""10d"": 275.54, ""1d"": 277.84, ""20d"": 275.45, ""3d"": 277.15, ""5d"": 276.47, ""60d"": 276.09}",,,,,,,,,,,,,,,,,,,,,,,,,,,not_yet_validated,pending,,,,,,,,,,,,false
c6bbfc106da1d4119dda,2026-08-17,stock,stock_baseline_v1,NVDA,NVDA,QQQ,225.00999450683594,stock_failed_bounce,0.2593,stock_downside_continuation,0.1864,stock_event_risk,0.1479,52.8,risk_off_pressure,supportive,75.21,45.39,59.01,100,52.5,0.6366,-0.0065,0.1121,0.55,87.5,"{""expected"": 224.76, ""lower"": 221.49, ""upper"": 228.02}","{""bounce_target_zone"": {""base"": 228.99, ""conservative"": 228.99, ""extended"": 233.23, ""meaning"": ""概率反抽情景参考区间，不是目标价承诺。"", ""not_trading_instruction"": true, ""source"": ""scenario_path + atr + recent_resistance""}, ""breakdown_level"": {""confidence"": ""low"", ""distance_pct"": -0.1555, ""meaning"": ""跌破该价位说明个股跌破结构风险上升"", ""not_trading_instruction"": true, ""price"": 190.01, ""source"": ""recent_low + risk_activation""}, ""breakout_level"": {""confidence"": ""low"", ""distance_pct"": 0.0133, ""meaning"": ""突破该价位说明个股突破情景需要重新评估"", ""not_trading_instruction"": true, ""price"": 228.0, ""source"": ""recent_high + primary_confirmation""}, ""failed_bounce_warning_zone"": {""critical_warning"": 190.01, ""first_warning"": 222.02, ""meaning"": ""跌入该区间说明失败反抽风险上升。"", ""not_trading_instruction"": true, ""source"": ""risk_path + atr + recent_support""}, ""nearest_resistance"": {""confidence"": ""low"", ""distance_pct"": 0.0129, ""meaning"": ""最近阻力代理，来自近期高点和 ATR 区间"", ""not_trading_instruction"": true, ""price"": 227.92, ""source"": ""price_structure + volatility_band""}, ""nearest_support"": {""confidence"": ""low"", ""distance_pct"": -0.0236, ""meaning"": ""最近支撑代理，来自近期低点和 ATR 区间"", ""not_trading_instruction"": true, ""price"": 219.7, ""source"": ""price_structure + volatility_band""}, ""primary_confirmation_level"": {""confidence"": ""low"", ""distance_pct"": 0.0133, ""meaning"": ""站上该价位说明个股主路径正在兑现"", ""not_trading_instruction"": true, ""price"": 228.0, ""source"": ""price_structure + scenario_path""}, ""primary_invalidation_level"": {""confidence"": ""low"", ""distance_pct"": -0.1555, ""meaning"": ""跌破该价位说明个股主路径失效概率上升"", ""not_trading_instruction"": true, ""price"": 190.01, ""source"": ""recent_low + volatility_band""}, ""risk_scenario_activation_level"": {""confidence"": ""low"", ""distance_pct"": -0.1555, ""meaning"": ""跌破该价位说明个股风险路径权重上升"", ""not_trading_instruction"": true, ""price"": 190.01, ""source"": ""volatility_band""}, ""trend_repair_confirmation_level"": {""confidence"": ""low"", ""distance_pct"": 0.0129, ""meaning"": ""突破该价位说明个股趋势修复概率提高"", ""not_trading_instruction"": true, ""price"": 227.92, ""source"": ""recent_high + scenario_path""}}","{""conflicting"": [""大盘风险背景压低个股置信度"", ""公司新闻或财报事件风险上升"", ""个股 Alpha 评分已接入"", ""主路径和第二路径差距较小""], ""market_context"": ""risk_off_pressure"", ""missing"": [""options_volatility"", ""single_stock_options""], ""price_close"": 225.00999450683594, ""sector_relative_strength_20d"": 0.0237, ""supporting"": [""个股跑赢所属板块"", ""价格结构支持主路径"", ""基础财务指标偏支持"", ""历史相似结构支持主路径""]}","{""10d"": 223.2, ""1d"": 224.76, ""20d"": 223.13, ""3d"": 224.28, ""5d"": 223.82, ""60d"": 223.55}",,,,,,,,,,,,,,,,,,,,,,,,,,,not_yet_validated,pending,,,,,,,,,,,,false
588b26dc1535751ed541,2026-08-17,stock,stock_baseline_v1,SMR,SMR,IWM,9.1899995803833,stock_failed_bounce,0.2303,stock_downside_continuation,0.1917,stock_event_risk,0.1461,37.64,risk_off_pressure,supportive,51.96,40.83,52.41,53.96,6.5,0.4974,-0.012,0.3412,0.52,87.5,"{""expected"": 9.17, ""lower"": 8.82, ""upper"": 9.51}","{""bounce_target_zone"": {""base"": 9.61, ""conservative"": 9.61, ""extended"": 10.7, ""meaning"": ""概率反抽情景参考区间，不是目标价承诺。"", ""not_trading_instruction"": true, ""source"": ""scenario_path + atr + recent_resistance""}, ""breakdown_level"": {""confidence"": ""low"", ""distance_pct"": -0.1795, ""meaning"": ""跌破该价位说明个股跌破结构风险上升"", ""not_trading_instruction"": true, ""price"": 7.54, ""source"": ""recent_low + risk_activation""}, ""breakout_level"": {""confidence"": ""low"", ""distance_pct"": 0.1028, ""meaning"": ""突破该价位说明个股突破情景需要重新评估"", ""not_trading_instruction"": true, ""price"": 10.14, ""source"": ""recent_high + primary_confirmation""}, ""failed_bounce_warning_zone"": {""critical_warning"": 7.54, ""first_warning"": 8.87, ""meaning"": ""跌入该区间说明失败反抽风险上升。"", ""not_trading_instruction"": true, ""source"": ""risk_path + atr + recent_support""}, ""nearest_resistance"": {""confidence"": ""low"", ""distance_pct"": 0.0917, ""meaning"": ""最近阻力代理，来自近期高点和 ATR 区间"", ""not_trading_instruction"": true, ""price"": 10.03, ""source"": ""price_structure + volatility_band""}, ""nearest_support"": {""confidence"": ""low"", ""distance_pct"": -0.0612, ""meaning"": ""最近支撑代理，来自近期低点和 ATR 区间"", ""not_trading_instruction"": true, ""price"": 8.63, ""source"": ""price_structure + volatility_band""}, ""primary_confirmation_level"": {""confidence"": ""low"", ""distance_pct"": 0.1028, ""meaning"": ""站上该价位说明个股主路径正在兑现"", ""not_trading_instruction"": true, ""price"": 10.14, ""source"": ""price_structure + scenario_path""}, ""primary_invalidation_level"": {""confidence"": ""low"", ""distance_pct"": -0.1795, ""meaning"": ""跌破该价位说明个股主路径失效概率上升"", ""not_trading_instruction"": true, ""price"": 7.54, ""source"": ""recent_low + volatility_band""}, ""risk_scenario_activation_level"": {""confidence"": ""low"", ""distance_pct"": -0.1795, ""meaning"": ""跌破该价位说明个股风险路径权重上升"", ""not_trading_instruction"": true, ""price"": 7.54, ""source"": ""volatility_band""}, ""trend_repair_confirmation_level"": {""confidence"": ""low"", ""distance_pct"": 0.1028, ""meaning"": ""突破该价位说明个股趋势修复概率提高"", ""not_trading_instruction"": true, ""price"": 10.14, ""source"": ""recent_high + scenario_path""}}","{""conflicting"": [""大盘风险背景压低个股置信度"", ""成交量不确认当前路径"", ""基础财务指标偏弱"", ""个股 Alpha 评分已接入"", ""主路径和第二路径差距较小""], ""market_context"": ""risk_off_pressure"", ""missing"": [""options_volatility"", ""single_stock_options""], ""price_close"": 9.1899995803833, ""sector_relative_strength_20d"": 0.1714, ""supporting"": [""个股跑赢所属板块"", ""历史相似结构支持主路径""]}","{""10d"": 9.03, ""1d"": 9.17, ""20d"": 9.03, ""3d"": 9.13, ""5d"": 9.09, ""60d"": 9.08}",,,,,,,,,,,,,,,,,,,,,,,,,,,not_yet_validated,pending,,,,,,,,,,,,false
59872c4cfbff806ddb41,2026-08-17,stock,stock_baseline_v1,TSLA,TSLA,QQQ,339.29998779296875,stock_downside_continuation,0.271,stock_failed_bounce,0.2525,stock_event_risk,0.1303,32.74,risk_off_pressure,conflicting,51.8,38.06,7.59,73.0,0,0.2756,-0.0141,0.2325,0.25,87.5,"{""expected"": 338.7, ""lower"": 333.27, ""upper"": 344.12}","{""bounce_target_zone"": {""base"": 345.91, ""conservative"": 345.91, ""extended"": 392.88, ""meaning"": ""概率反抽情景参考区间，不是目标价承诺。"", ""not_trading_instruction"": true, ""source"": ""scenario_path + atr + recent_resistance""}, ""breakdown_level"": {""confidence"": ""low"", ""distance_pct"": -0.1235, ""meaning"": ""跌破该价位说明个股跌破结构风险上升"", ""not_trading_instruction"": true, ""price"": 297.38, ""source"": ""recent_low + risk_activation""}, ""breakout_level"": {""confidence"": ""low"", ""distance_pct"": 0.1319, ""meaning"": ""突破该价位说明个股突破情景需要重新评估"", ""not_trading_instruction"": true, ""price"": 384.07, ""source"": ""recent_high + primary_confirmation""}, ""failed_bounce_warning_zone"": {""critical_warning"": 297.38, ""first_warning"": 334.34, ""meaning"": ""跌入该区间说明失败反抽风险上升。"", ""not_trading_instruction"": true, ""source"": ""risk_path + atr + recent_support""}, ""nearest_resistance"": {""confidence"": ""low"", ""distance_pct"": 0.039, ""meaning"": ""最近阻力代理，来自近期高点和 ATR 区间"", ""not_trading_instruction"": true, ""price"": 352.52, ""source"": ""price_structure + volatility_band""}, ""nearest_support"": {""confidence"": ""low"", ""distance_pct"": -0.026, ""meaning"": ""最近支撑代理，来自近期低点和 ATR 区间"", ""not_trading_instruction"": true, ""price"": 330.49, ""source"": ""price_structure + volatility_band""}, ""primary_confirmation_level"": {""confidence"": ""low"", ""distance_pct"": 0.1319, ""meaning"": ""站上该价位说明个股主路径正在兑现"", ""not_trading_instruction"": true, ""price"": 384.07, ""source"": ""price_structure + scenario_path""}, ""primary_invalidation_level"": {""confidence"": ""low"", ""distance_pct"": -0.1235, ""meaning"": ""跌破该价位说明个股主路径失效概率上升"", ""not_trading_instruction"": true, ""price"": 297.38, ""source"": ""recent_low + volatility_band""}, ""risk_scenario_activation_level"": {""confidence"": ""low"", ""distance_pct"": -0.1235, ""meaning"": ""跌破该价位说明个股风险路径权重上升"", ""not_trading_instruction"": true, ""price"": 297.38, ""source"": ""volatility_band""}, ""trend_repair_confirmation_level"": {""confidence"": ""low"", ""distance_pct"": 0.1319, ""meaning"": ""突破该价位说明个股趋势修复概率提高"", ""not_trading_instruction"": true, ""price"": 384.07, ""source"": ""recent_high + scenario_path""}}","{""conflicting"": [""大盘风险背景压低个股置信度"", ""个股弱于所属板块"", ""成交量不确认当前路径"", ""个股相对弱于大盘/benchmark"", ""公司新闻或财报事件风险上升"", ""个股 Alpha 评分已接入"", ""主路径和第二路径差距较小""], ""market_context"": ""risk_off_pressure"", ""missing"": [""options_volatility"", ""single_stock_options""], ""price_close"": 339.29998779296875, ""sector_relative_strength_20d"": -0.1006, ""supporting"": [""历史相似结构支持主路径""]}","{""10d"": 335.17, ""1d"": 338.7, ""20d"": 334.55, ""3d"": 337.64, ""5d"": 336.63, ""60d"": 334.52}",,,,,,,,,,,,,,,,,,,,,,,,,,,not_yet_validated,pending,,,,,,,,,,,,false
c510c56a4ac76db3f209,2026-08-18,stock,stock_baseline_v1,CEG,CEG,SPY,266.8299865722656,stock_failed_bounce,0.2823,stock_downside_continuation,0.2177,stock_event_risk,0.1131,38.07,risk_off_pressure,supportive,43.77,65.03,39.57,51.4,38.5,0.5276,-0.0146,0.1569,0.48,87.5,"{""expected"": 266.35, ""lower"": 260.93, ""upper"": 271.77}","{""bounce_target_zone"": {""base"": 273.44, ""conservative"": 273.44, ""extended"": 295.81, ""meaning"": ""概率反抽情景参考区间，不是目标价承诺。"", ""not_trading_instruction"": true, ""source"": ""scenario_path + atr + recent_resistance""}, ""breakdown_level"": {""confidence"": ""low"", ""distance_pct"": -0.0454, ""meaning"": ""跌破该价位说明个股跌破结构风险上升"", ""not_trading_instruction"": true, ""price"": 254.72, ""source"": ""recent_low + risk_activation""}, ""breakout_level"": {""confidence"": ""low"", ""distance_pct"": 0.0756, ""meaning"": ""突破该价位说明个股突破情景需要重新评估"", ""not_trading_instruction"": true, ""price"": 287.0, ""source"": ""recent_high + primary_confirmation""}, ""failed_bounce_warning_zone"": {""critical_warning"": 256.16, ""first_warning"": 261.87, ""meaning"": ""跌入该区间说明失败反抽风险上升。"", ""not_trading_instruction"": true, ""source"": ""risk_path + atr + recent_support""}, ""nearest_resistance"": {""confidence"": ""low"", ""distance_pct"": 0.0495, ""meaning"": ""最近阻力代理，来自近期高点和 ATR 区间"", ""not_trading_instruction"": true, ""price"": 280.04, ""source"": ""price_structure + volatility_band""}, ""nearest_support"": {""confidence"": ""low"", ""distance_pct"": -0.033, ""meaning"": ""最近支撑代理，来自近期低点和 ATR 区间"", ""not_trading_instruction"": true, ""price"": 258.02, ""source"": ""price_structure + volatility_band""}, ""primary_confirmation_level"": {""confidence"": ""low"", ""distance_pct"": 0.0756, ""meaning"": ""站上该价位说明个股主路径正在兑现"", ""not_trading_instruction"": true, ""price"": 287.0, ""source"": ""price_structure + scenario_path""}, ""primary_invalidation_level"": {""confidence"": ""low"", ""distance_pct"": -0.04, ""meaning"": ""跌破该价位说明个股主路径失效概率上升"", ""not_trading_instruction"": true, ""price"": 256.16, ""source"": ""recent_low + volatility_band""}, ""risk_scenario_activation_level"": {""confidence"": ""low"", ""distance_pct"": -0.0454, ""meaning"": ""跌破该价位说明个股风险路径权重上升"", ""not_trading_instruction"": true, ""price"": 254.72, ""source"": ""volatility_band""}, ""trend_repair_confirmation_level"": {""confidence"": ""low"", ""distance_pct"": 0.0756, ""meaning"": ""突破该价位说明个股趋势修复概率提高"", ""not_trading_instruction"": true, ""price"": 287.0, ""source"": ""recent_high + scenario_path""}}","{""conflicting"": [""大盘风险背景压低个股置信度"", ""个股相对弱于大盘/benchmark"", ""历史相似结构与主路径冲突"", ""个股 Alpha 评分已接入"", ""主路径和第二路径差距较小""], ""market_context"": ""risk_off_pressure"", ""missing"": [""options_volatility"", ""single_stock_options""], ""price_close"": 266.8299865722656, ""sector_relative_strength_20d"": 0.0376, ""supporting"": [""个股跑赢所属板块"", ""成交量确认当前路径"", ""基础财务指标偏支持""]}","{""10d"": 263.18, ""1d"": 266.35, ""20d"": 262.75, ""3d"": 265.44, ""5d"": 264.52, ""60d"": 262.94}",,,,,,,,,,,,,,,,,,,,,,,,,,,not_yet_validated,pending,,,,,,,,,,,,false
642cfba623692ea11ba1,2026-08-18,stock,stock_baseline_v1,NVDA,NVDA,QQQ,219.74000549316406,stock_failed_bounce,0.2607,stock_downside_continuation,0.1874,stock_event_risk,0.1491,48.68,risk_off_pressure,supportive,64.11,53.03,58.36,100,51.5,0.6244,-0.0071,0.114,0.54,87.5,"{""expected"": 219.49, ""lower"": 216.25, ""upper"": 222.73}","{""bounce_target_zone"": {""base"": 223.69, ""conservative"": 223.69, ""extended"": 233.19, ""meaning"": ""概率反抽情景参考区间，不是目标价承诺。"", ""not_trading_instruction"": true, ""source"": ""scenario_path + atr + recent_resistance""}, ""breakdown_level"": {""confidence"": ""low"", ""distance_pct"": -0.1353, ""meaning"": ""跌破该价位说明个股跌破结构风险上升"", ""not_trading_instruction"": true, ""price"": 190.01, ""source"": ""recent_low + risk_activation""}, ""breakout_level"": {""confidence"": ""low"", ""distance_pct"": 0.0372, ""meaning"": ""突破该价位说明个股突破情景需要重新评估"", ""not_trading_instruction"": true, ""price"": 227.92, ""source"": ""recent_high + primary_confirmation""}, ""failed_bounce_warning_zone"": {""critical_warning"": 190.01, ""first_warning"": 216.78, ""meaning"": ""跌入该区间说明失败反抽风险上升。"", ""not_trading_instruction"": true, ""source"": ""risk_path + atr + recent_support""}, ""nearest_resistance"": {""confidence"": ""low"", ""distance_pct"": 0.0359, ""meaning"": ""最近阻力代理，来自近期高点和 ATR 区间"", ""not_trading_instruction"": true, ""price"": 227.64, ""source"": ""price_structure + volatility_band""}, ""nearest_support"": {""confidence"": ""low"", ""distance_pct"": -0.024, ""meaning"": ""最近支撑代理，来自近期低点和 ATR 区间"", ""not_trading_instruction"": true, ""price"": 214.47, ""source"": ""price_structure + volatility_band""}, ""primary_confirmation_level"": {""confidence"": ""low"", ""distance_pct"": 0.0372, ""meaning"": ""站上该价位说明个股主路径正在兑现"", ""not_trading_instruction"": true, ""price"": 227.92, ""source"": ""price_structure + scenario_path""}, ""primary_invalidation_level"": {""confidence"": ""low"", ""distance_pct"": -0.1353, ""meaning"": ""跌破该价位说明个股主路径失效概率上升"", ""not_trading_instruction"": true, ""price"": 190.01, ""source"": ""recent_low + volatility_band""}, ""risk_scenario_activation_level"": {""confidence"": ""low"", ""distance_pct"": -0.1353, ""meaning"": ""跌破该价位说明个股风险路径权重上升"", ""not_trading_instruction"": true, ""price"": 190.01, ""source"": ""volatility_band""}, ""trend_repair_confirmation_level"": {""confidence"": ""low"", ""distance_pct"": 0.0372, ""meaning"": ""突破该价位说明个股趋势修复概率提高"", ""not_trading_instruction"": true, ""price"": 227.92, ""source"": ""recent_high + scenario_path""}}","{""conflicting"": [""大盘风险背景压低个股置信度"", ""公司新闻或财报事件风险上升"", ""历史相似结构与主路径冲突"", ""个股 Alpha 评分已接入"", ""主路径和第二路径差距较小""], ""market_context"": ""risk_off_pressure"", ""missing"": [""options_volatility"", ""single_stock_options""], ""price_close"": 219.74000549316406, ""sector_relative_strength_20d"": 0.0333, ""supporting"": [""个股跑赢所属板块"", ""价格结构支持主路径"", ""基础财务指标偏支持""]}","{""10d"": 217.91, ""1d"": 219.49, ""20d"": 217.82, ""3d"": 219.01, ""5d"": 218.55, ""60d"": 218.19}",,,,,,,,,,,,,,,,,,,,,,,,,,,not_yet_validated,pending,,,,,,,,,,,,false
ecec336e2aa67d0a8a5a,2026-08-18,stock,stock_baseline_v1,SMR,SMR,IWM,8.640000343322754,stock_failed_bounce,0.289,stock_downside_continuation,0.2196,stock_event_risk,0.1259,30.58,risk_off_pressure,neutral,17.68,38.59,19.29,53.96,0,0.3636,-0.0313,0.3806,0.37,87.5,"{""expected"": 8.61, ""lower"": 8.27, ""upper"": 8.95}","{""bounce_target_zone"": {""base"": 9.05, ""conservative"": 9.05, ""extended"": 10.69, ""meaning"": ""概率反抽情景参考区间，不是目标价承诺。"", ""not_trading_instruction"": true, ""source"": ""scenario_path + atr + recent_resistance""}, ""breakdown_level"": {""confidence"": ""low"", ""distance_pct"": -0.1273, ""meaning"": ""跌破该价位说明个股跌破结构风险上升"", ""not_trading_instruction"": true, ""price"": 7.54, ""source"": ""recent_low + risk_activation""}, ""breakout_level"": {""confidence"": ""low"", ""distance_pct"": 0.173, ""meaning"": ""突破该价位说明个股突破情景需要重新评估"", ""not_trading_instruction"": true, ""price"": 10.14, ""source"": ""recent_high + primary_confirmation""}, ""failed_bounce_warning_zone"": {""critical_warning"": 7.54, ""first_warning"": 8.33, ""meaning"": ""跌入该区间说明失败反抽风险上升。"", ""not_trading_instruction"": true, ""source"": ""risk_path + atr + recent_support""}, ""nearest_resistance"": {""confidence"": ""low"", ""distance_pct"": 0.0957, ""meaning"": ""最近阻力代理，来自近期高点和 ATR 区间"", ""not_trading_instruction"": true, ""price"": 9.47, ""source"": ""price_structure + volatility_band""}, ""nearest_support"": {""confidence"": ""low"", ""distance_pct"": -0.0638, ""meaning"": ""最近支撑代理，来自近期低点和 ATR 区间"", ""not_trading_instruction"": true, ""price"": 8.09, ""source"": ""price_structure + volatility_band""}, ""primary_confirmation_level"": {""confidence"": ""low"", ""distance_pct"": 0.173, ""meaning"": ""站上该价位说明个股主路径正在兑现"", ""not_trading_instruction"": true, ""price"": 10.14, ""source"": ""price_structure + scenario_path""}, ""primary_invalidation_level"": {""confidence"": ""low"", ""distance_pct"": -0.1273, ""meaning"": ""跌破该价位说明个股主路径失效概率上升"", ""not_trading_instruction"": true, ""price"": 7.54, ""source"": ""recent_low + volatility_band""}, ""risk_scenario_activation_level"": {""confidence"": ""low"", ""distance_pct"": -0.1273, ""meaning"": ""跌破该价位说明个股风险路径权重上升"", ""not_trading_instruction"": true, ""price"": 7.54, ""source"": ""volatility_band""}, ""trend_repair_confirmation_level"": {""confidence"": ""low"", ""distance_pct"": 0.173, ""meaning"": ""突破该价位说明个股趋势修复概率提高"", ""not_trading_instruction"": true, ""price"": 10.14, ""source"": ""recent_high + scenario_path""}}","{""conflicting"": [""大盘风险背景压低个股置信度"", ""价格结构与主路径冲突"", ""成交量不确认当前路径"", ""个股相对弱于大盘/benchmark"", ""基础财务指标偏弱"", ""个股 Alpha 评分已接入"", ""主路径和第二路径差距较小""], ""market_context"": ""risk_off_pressure"", ""missing"": [""options_volatility"", ""single_stock_options""], ""price_close"": 8.640000343322754, ""sector_relative_strength_20d"": 0.012, ""supporting"": [""历史相似结构支持主路径""]}","{""10d"": 8.4, ""1d"": 8.61, ""20d"": 8.37, ""3d"": 8.55, ""5d"": 8.49, ""60d"": 8.37}",,,,,,,,,,,,,,,,,,,,,,,,,,,not_yet_validated,pending,,,,,,,,,,,,false
674397391811201c70e2,2026-08-18,stock,stock_baseline_v1,TSLA,TSLA,QQQ,336.8699951171875,stock_downside_continuation,0.2837,stock_failed_bounce,0.2489,stock_event_risk,0.1282,34.26,risk_off_pressure,conflicting,49.43,38.97,10.03,93.0,0,0.2816,-0.0148,0.238,0.23,87.5,"{""expected"": 336.25, ""lower"": 330.91, ""upper"": 341.58}","{""bounce_target_zone"": {""base"": 343.38, ""conservative"": 343.38, ""extended"": 388.85, ""meaning"": ""概率反抽情景参考区间，不是目标价承诺。"", ""not_trading_instruction"": true, ""source"": ""scenario_path + atr + recent_resistance""}, ""breakdown_level"": {""confidence"": ""low"", ""distance_pct"": -0.1172, ""meaning"": ""跌破该价位说明个股跌破结构风险上升"", ""not_trading_instruction"": true, ""price"": 297.38, ""source"": ""recent_low + risk_activation""}, ""breakout_level"": {""confidence"": ""low"", ""distance_pct"": 0.1285, ""meaning"": ""突破该价位说明个股突破情景需要重新评估"", ""not_trading_instruction"": true, ""price"": 380.17, ""source"": ""recent_high + primary_confirmation""}, ""failed_bounce_warning_zone"": {""critical_warning"": 297.38, ""first_warning"": 331.99, ""meaning"": ""跌入该区间说明失败反抽风险上升。"", ""not_trading_instruction"": true, ""source"": ""risk_path + atr + recent_support""}, ""nearest_resistance"": {""confidence"": ""low"", ""distance_pct"": 0.0387, ""meaning"": ""最近阻力代理，来自近期高点和 ATR 区间"", ""not_trading_instruction"": true, ""price"": 349.9, ""source"": ""price_structure + volatility_band""}, ""nearest_support"": {""confidence"": ""low"", ""distance_pct"": -0.0258, ""meaning"": ""最近支撑代理，来自近期低点和 ATR 区间"", ""not_trading_instruction"": true, ""price"": 328.19, ""source"": ""price_structure + volatility_band""}, ""primary_confirmation_level"": {""confidence"": ""low"", ""distance_pct"": 0.1285, ""meaning"": ""站上该价位说明个股主路径正在兑现"", ""not_trading_instruction"": true, ""price"": 380.17, ""source"": ""price_structure + scenario_path""}, ""primary_invalidation_level"": {""confidence"": ""low"", ""distance_pct"": -0.1172, ""meaning"": ""跌破该价位说明个股主路径失效概率上升"", ""not_trading_instruction"": true, ""price"": 297.38, ""source"": ""recent_low + volatility_band""}, ""risk_scenario_activation_level"": {""confidence"": ""low"", ""distance_pct"": -0.1172, ""meaning"": ""跌破该价位说明个股风险路径权重上升"", ""not_trading_instruction"": true, ""price"": 297.38, ""source"": ""volatility_band""}, ""trend_repair_confirmation_level"": {""confidence"": ""low"", ""distance_pct"": 0.1285, ""meaning"": ""突破该价位说明个股趋势修复概率提高"", ""not_trading_instruction"": true, ""price"": 380.17, ""source"": ""recent_high + scenario_path""}}","{""conflicting"": [""大盘风险背景压低个股置信度"", ""个股弱于所属板块"", ""成交量不确认当前路径"", ""个股相对弱于大盘/benchmark"", ""公司新闻或财报事件风险上升"", ""个股 Alpha 评分已接入"", ""主路径和第二路径差距较小""], ""market_context"": ""risk_off_pressure"", ""missing"": [""options_volatility"", ""single_stock_options""], ""price_close"": 336.8699951171875, ""sector_relative_strength_20d"": -0.124, ""supporting"": [""历史相似结构支持主路径""]}","{""10d"": 332.65, ""1d"": 336.25, ""20d"": 331.98, ""3d"": 335.17, ""5d"": 334.14, ""60d"": 331.89}",,,,,,,,,,,,,,,,,,,,,,,,,,,not_yet_validated,pending,,,,,,,,,,,,false
91ae9c3ba977f4ee5a85,2026-08-19,stock,stock_baseline_v1,CEG,CEG,SPY,274.1700134277344,stock_failed_bounce,0.2721,stock_downside_continuation,0.2237,stock_event_risk,0.1135,35.61,risk_off_pressure,supportive,54.83,36.15,35.39,51.4,35.0,0.4947,-0.0146,0.1486,0.45,87.5,"{""expected"": 273.68, ""lower"": 268.4, ""upper"": 278.95}","{""bounce_target_zone"": {""base"": 280.6, ""conservative"": 280.6, ""extended"": 295.57, ""meaning"": ""概率反抽情景参考区间，不是目标价承诺。"", ""not_trading_instruction"": true, ""source"": ""scenario_path + atr + recent_resistance""}, ""breakdown_level"": {""confidence"": ""low"", ""distance_pct"": -0.0657, ""meaning"": ""跌破该价位说明个股跌破结构风险上升"", ""not_trading_instruction"": true, ""price"": 256.16, ""source"": ""recent_low + risk_activation""}, ""breakout_level"": {""confidence"": ""low"", ""distance_pct"": 0.0468, ""meaning"": ""突破该价位说明个股突破情景需要重新评估"", ""not_trading_instruction"": true, ""price"": 287.0, ""source"": ""recent_high + primary_confirmation""}, ""failed_bounce_warning_zone"": {""critical_warning"": 256.16, ""first_warning"": 269.35, ""meaning"": ""跌入该区间说明失败反抽风险上升。"", ""not_trading_instruction"": true, ""source"": ""risk_path + atr + recent_support""}, ""nearest_resistance"": {""confidence"": ""low"", ""distance_pct"": 0.0468, ""meaning"": ""最近阻力代理，来自近期高点和 ATR 区间"", ""not_trading_instruction"": true, ""price"": 287.0, ""source"": ""price_structure + volatility_band""}, ""nearest_support"": {""confidence"": ""low"", ""distance_pct"": -0.0313, ""meaning"": ""最近支撑代理，来自近期低点和 ATR 区间"", ""not_trading_instruction"": true, ""price"": 265.6, ""source"": ""price_structure + volatility_band""}, ""primary_confirmation_level"": {""confidence"": ""low"", ""distance_pct"": 0.0468, ""meaning"": ""站上该价位说明个股主路径正在兑现"", ""not_trading_instruction"": true, ""price"": 287.0, ""source"": ""price_structure + scenario_path""}, ""primary_invalidation_level"": {""confidence"": ""low"", ""distance_pct"": -0.0657, ""meaning"": ""跌破该价位说明个股主路径失效概率上升"", ""not_trading_instruction"": true, ""price"": 256.16, ""source"": ""recent_low + volatility_band""}, ""risk_scenario_activation_level"": {""confidence"": ""low"", ""distance_pct"": -0.0657, ""meaning"": ""跌破该价位说明个股风险路径权重上升"", ""not_trading_instruction"": true, ""price"": 256.16, ""source"": ""volatility_band""}, ""trend_repair_confirmation_level"": {""confidence"": ""low"", ""distance_pct"": 0.0468, ""meaning"": ""突破该价位说明个股趋势修复概率提高"", ""not_trading_instruction"": true, ""price"": 287.0, ""source"": ""recent_high + scenario_path""}}","{""conflicting"": [""大盘风险背景压低个股置信度"", ""成交量不确认当前路径"", ""个股相对弱于大盘/benchmark"", ""历史相似结构与主路径冲突"", ""个股 Alpha 评分已接入"", ""主路径和第二路径差距较小""], ""market_context"": ""risk_off_pressure"", ""missing"": [""options_volatility"", ""single_stock_options""], ""price_close"": 274.1700134277344, ""sector_relative_strength_20d"": 0.0389, ""supporting"": [""个股跑赢所属板块"", ""基础财务指标偏支持""]}","{""10d"": 270.52, ""1d"": 273.68, ""20d"": 270.06, ""3d"": 272.76, ""5d"": 271.85, ""60d"": 270.18}",,,,,,,,,,,,,,,,,,,,,,,,,,,not_yet_validated,pending,,,,,,,,,,,,false
be0b9e81b4234810b4b1,2026-08-19,stock,stock_baseline_v1,NVDA,NVDA,QQQ,217.55999755859375,stock_failed_bounce,0.2766,stock_event_risk,0.1773,stock_downside_continuation,0.1751,50.1,risk_off_pressure,neutral,55.35,51.11,53.05,100,45.5,0.5706,-0.0092,0.1136,0.47,87.5,"{""expected"": 217.27, ""lower"": 214.07, ""upper"": 220.47}","{""bounce_target_zone"": {""base"": 221.46, ""conservative"": 221.46, ""extended"": 233.12, ""meaning"": ""概率反抽情景参考区间，不是目标价承诺。"", ""not_trading_instruction"": true, ""source"": ""scenario_path + atr + recent_resistance""}, ""breakdown_level"": {""confidence"": ""low"", ""distance_pct"": -0.1266, ""meaning"": ""跌破该价位说明个股跌破结构风险上升"", ""not_trading_instruction"": true, ""price"": 190.01, ""source"": ""recent_low + risk_activation""}, ""breakout_level"": {""confidence"": ""low"", ""distance_pct"": 0.0476, ""meaning"": ""突破该价位说明个股突破情景需要重新评估"", ""not_trading_instruction"": true, ""price"": 227.92, ""source"": ""recent_high + primary_confirmation""}, ""failed_bounce_warning_zone"": {""critical_warning"": 190.01, ""first_warning"": 214.44, ""meaning"": ""跌入该区间说明失败反抽风险上升。"", ""not_trading_instruction"": true, ""source"": ""risk_path + atr + recent_support""}, ""nearest_resistance"": {""confidence"": ""low"", ""distance_pct"": 0.0359, ""meaning"": ""最近阻力代理，来自近期高点和 ATR 区间"", ""not_trading_instruction"": true, ""price"": 225.36, ""source"": ""price_structure + volatility_band""}, ""nearest_support"": {""confidence"": ""low"", ""distance_pct"": -0.0239, ""meaning"": ""最近支撑代理，来自近期低点和 ATR 区间"", ""not_trading_instruction"": true, ""price"": 212.36, ""source"": ""price_structure + volatility_band""}, ""primary_confirmation_level"": {""confidence"": ""low"", ""distance_pct"": 0.0476, ""meaning"": ""站上该价位说明个股主路径正在兑现"", ""not_trading_instruction"": true, ""price"": 227.92, ""source"": ""price_structure + scenario_path""}, ""primary_invalidation_level"": {""confidence"": ""low"", ""distance_pct"": -0.1266, ""meaning"": ""跌破该价位说明个股主路径失效概率上升"", ""not_trading_instruction"": true, ""price"": 190.01, ""source"": ""recent_low + volatility_band""}, ""risk_scenario_activation_level"": {""confidence"": ""low"", ""distance_pct"": -0.1266, ""meaning"": ""跌破该价位说明个股风险路径权重上升"", ""not_trading_instruction"": true, ""price"": 190.01, ""source"": ""volatility_band""}, ""trend_repair_confirmation_level"": {""confidence"": ""low"", ""distance_pct"": 0.0476, ""meaning"": ""突破该价位说明个股趋势修复概率提高"", ""not_trading_instruction"": true, ""price"": 227.92, ""source"": ""recent_high + scenario_path""}}","{""conflicting"": [""大盘风险背景压低个股置信度"", ""公司新闻或财报事件风险上升"", ""财报日期临近"", ""个股 Alpha 评分已接入""], ""market_context"": ""risk_off_pressure"", ""missing"": [""options_volatility"", ""single_stock_options""], ""price_close"": 217.55999755859375, ""sector_relative_strength_20d"": 0.0072, ""supporting"": [""价格站在 20d 均线上方。"", ""近期公司新闻偏正面。"", ""基础财务指标已接入且收入增长为正。""]}","{""10d"": 215.48, ""1d"": 217.27, ""20d"": 215.3, ""3d"": 216.73, ""5d"": 216.21, ""60d"": 215.55}",,,,,,,,,,,,,,,,,,,,,,,,,,,not_yet_validated,pending,,,,,,,,,,,,false
0b1ce34900fab63422cf,2026-08-19,stock,stock_baseline_v1,SMR,SMR,IWM,9.289999961853027,stock_failed_bounce,0.2707,stock_downside_continuation,0.2147,stock_event_risk,0.1367,38.46,risk_off_pressure,supportive,50.65,65.0,35.89,51.4,12.0,0.4626,-0.0226,0.3341,0.42,87.5,"{""expected"": 9.26, ""lower"": 8.93, ""upper"": 9.59}","{""bounce_target_zone"": {""base"": 9.69, ""conservative"": 9.69, ""extended"": 10.67, ""meaning"": ""概率反抽情景参考区间，不是目标价承诺。"", ""not_trading_instruction"": true, ""source"": ""scenario_path + atr + recent_resistance""}, ""breakdown_level"": {""confidence"": ""low"", ""distance_pct"": -0.1884, ""meaning"": ""跌破该价位说明个股跌破结构风险上升"", ""not_trading_instruction"": true, ""price"": 7.54, ""source"": ""recent_low + risk_activation""}, ""breakout_level"": {""confidence"": ""low"", ""distance_pct"": 0.091, ""meaning"": ""突破该价位说明个股突破情景需要重新评估"", ""not_trading_instruction"": true, ""price"": 10.14, ""source"": ""recent_high + primary_confirmation""}, ""failed_bounce_warning_zone"": {""critical_warning"": 7.54, ""first_warning"": 8.99, ""meaning"": ""跌入该区间说明失败反抽风险上升。"", ""not_trading_instruction"": true, ""source"": ""risk_path + atr + recent_support""}, ""nearest_resistance"": {""confidence"": ""low"", ""distance_pct"": 0.0865, ""meaning"": ""最近阻力代理，来自近期高点和 ATR 区间"", ""not_trading_instruction"": true, ""price"": 10.09, ""source"": ""price_structure + volatility_band""}, ""nearest_support"": {""confidence"": ""low"", ""distance_pct"": -0.0577, ""meaning"": ""最近支撑代理，来自近期低点和 ATR 区间"", ""not_trading_instruction"": true, ""price"": 8.75, ""source"": ""price_structure + volatility_band""}, ""primary_confirmation_level"": {""confidence"": ""low"", ""distance_pct"": 0.091, ""meaning"": ""站上该价位说明个股主路径正在兑现"", ""not_trading_instruction"": true, ""price"": 10.14, ""source"": ""price_structure + scenario_path""}, ""primary_invalidation_level"": {""confidence"": ""low"", ""distance_pct"": -0.1884, ""meaning"": ""跌破该价位说明个股主路径失效概率上升"", ""not_trading_instruction"": true, ""price"": 7.54, ""source"": ""recent_low + volatility_band""}, ""risk_scenario_activation_level"": {""confidence"": ""low"", ""distance_pct"": -0.1884, ""meaning"": ""跌破该价位说明个股风险路径权重上升"", ""not_trading_instruction"": true, ""price"": 7.54, ""source"": ""volatility_band""}, ""trend_repair_confirmation_level"": {""confidence"": ""low"", ""distance_pct"": 0.091, ""meaning"": ""突破该价位说明个股趋势修复概率提高"", ""not_trading_instruction"": true, ""price"": 10.14, ""source"": ""recent_high + scenario_path""}}","{""conflicting"": [""大盘风险背景压低个股置信度"", ""个股相对弱于大盘/benchmark"", ""基础财务指标偏弱"", ""个股 Alpha 评分已接入"", ""主路径和第二路径差距较小""], ""market_context"": ""risk_off_pressure"", ""missing"": [""options_volatility"", ""single_stock_options""], ""price_close"": 9.289999961853027, ""sector_relative_strength_20d"": 0.1119, ""supporting"": [""个股跑赢所属板块"", ""成交量确认当前路径"", ""历史相似结构支持主路径""]}","{""10d"": 9.08, ""1d"": 9.26, ""20d"": 9.05, ""3d"": 9.21, ""5d"": 9.15, ""60d"": 9.08}",,,,,,,,,,,,,,,,,,,,,,,,,,,not_yet_validated,pending,,,,,,,,,,,,false
8414fc9b3f6ed9b87961,2026-08-19,stock,stock_baseline_v1,TSLA,TSLA,QQQ,351.1199951171875,stock_failed_bounce,0.2718,stock_downside_continuation,0.2643,stock_event_risk,0.1395,33.77,risk_off_pressure,conflicting,70.52,42.43,20.61,69.32,0,0.3189,-0.0156,0.2058,0.23,87.5,"{""expected"": 350.43, ""lower"": 344.97, ""upper"": 355.89}","{""bounce_target_zone"": {""base"": 357.78, ""conservative"": 357.78, ""extended"": 360.5, ""meaning"": ""概率反抽情景参考区间，不是目标价承诺。"", ""not_trading_instruction"": true, ""source"": ""scenario_path + atr + recent_resistance""}, ""breakdown_level"": {""confidence"": ""low"", ""distance_pct"": -0.1531, ""meaning"": ""跌破该价位说明个股跌破结构风险上升"", ""not_trading_instruction"": true, ""price"": 297.38, ""source"": ""recent_low + risk_activation""}, ""breakout_level"": {""confidence"": ""low"", ""distance_pct"": 0.0142, ""meaning"": ""突破该价位说明个股突破情景需要重新评估"", ""not_trading_instruction"": true, ""price"": 356.11, ""source"": ""recent_high + primary_confirmation""}, ""failed_bounce_warning_zone"": {""critical_warning"": 297.38, ""first_warning"": 346.13, ""meaning"": ""跌入该区间说明失败反抽风险上升。"", ""not_trading_instruction"": true, ""source"": ""risk_path + atr + recent_support""}, ""nearest_resistance"": {""confidence"": ""low"", ""distance_pct"": 0.0014, ""meaning"": ""最近阻力代理，来自近期高点和 ATR 区间"", ""not_trading_instruction"": true, ""price"": 351.62, ""source"": ""price_structure + volatility_band""}, ""nearest_support"": {""confidence"": ""low"", ""distance_pct"": -0.0253, ""meaning"": ""最近支撑代理，来自近期低点和 ATR 区间"", ""not_trading_instruction"": true, ""price"": 342.24, ""source"": ""price_structure + volatility_band""}, ""primary_confirmation_level"": {""confidence"": ""low"", ""distance_pct"": 0.0142, ""meaning"": ""站上该价位说明个股主路径正在兑现"", ""not_trading_instruction"": true, ""price"": 356.11, ""source"": ""price_structure + scenario_path""}, ""primary_invalidation_level"": {""confidence"": ""low"", ""distance_pct"": -0.1531, ""meaning"": ""跌破该价位说明个股主路径失效概率上升"", ""not_trading_instruction"": true, ""price"": 297.38, ""source"": ""recent_low + volatility_band""}, ""risk_scenario_activation_level"": {""confidence"": ""low"", ""distance_pct"": -0.1531, ""meaning"": ""跌破该价位说明个股风险路径权重上升"", ""not_trading_instruction"": true, ""price"": 297.38, ""source"": ""volatility_band""}, ""trend_repair_confirmation_level"": {""confidence"": ""low"", ""distance_pct"": 0.0014, ""meaning"": ""突破该价位说明个股趋势修复概率提高"", ""not_trading_instruction"": true, ""price"": 351.62, ""source"": ""recent_high + scenario_path""}}","{""conflicting"": [""大盘风险背景压低个股置信度"", ""个股弱于所属板块"", ""个股相对弱于大盘/benchmark"", ""公司新闻或财报事件风险上升"", ""历史相似结构与主路径冲突"", ""个股 Alpha 评分已接入"", ""主路径和第二路径差距较小""], ""market_context"": ""risk_off_pressure"", ""missing"": [""options_volatility"", ""single_stock_options""], ""price_close"": 351.1199951171875, ""sector_relative_strength_20d"": -0.1013, ""supporting"": [""价格结构支持主路径""]}","{""10d"": 346.46, ""1d"": 350.43, ""20d"": 345.72, ""3d"": 349.23, ""5d"": 348.09, ""60d"": 345.63}",,,,,,,,,,,,,,,,,,,,,,,,,,,not_yet_validated,pending,,,,,,,,,,,,false
f6ad79e164c5412d5c0d,2026-08-20,stock,stock_baseline_v1,CEG,CEG,SPY,272.9200134277344,stock_failed_bounce,0.2743,stock_downside_continuation,0.2275,stock_event_risk,0.1129,34.69,risk_off_pressure,supportive,52.84,33.49,32.3,51.4,35.0,0.4858,-0.0147,0.1471,0.45,87.5,"{""expected"": 272.43, ""lower"": 267.23, ""upper"": 277.62}","{""bounce_target_zone"": {""base"": 279.26, ""conservative"": 279.26, ""extended"": 295.45, ""meaning"": ""概率反抽情景参考区间，不是目标价承诺。"", ""not_trading_instruction"": true, ""source"": ""scenario_path + atr + recent_resistance""}, ""breakdown_level"": {""confidence"": ""low"", ""distance_pct"": -0.0614, ""meaning"": ""跌破该价位说明个股跌破结构风险上升"", ""not_trading_instruction"": true, ""price"": 256.16, ""source"": ""recent_low + risk_activation""}, ""breakout_level"": {""confidence"": ""low"", ""distance_pct"": 0.0516, ""meaning"": ""突破该价位说明个股突破情景需要重新评估"", ""not_trading_instruction"": true, ""price"": 287.0, ""source"": ""recent_high + primary_confirmation""}, ""failed_bounce_warning_zone"": {""critical_warning"": 256.16, ""first_warning"": 268.17, ""meaning"": ""跌入该区间说明失败反抽风险上升。"", ""not_trading_instruction"": true, ""source"": ""risk_path + atr + recent_support""}, ""nearest_resistance"": {""confidence"": ""low"", ""distance_pct"": 0.0464, ""meaning"": ""最近阻力代理，来自近期高点和 ATR 区间"", ""not_trading_instruction"": true, ""price"": 285.6, ""source"": ""price_structure + volatility_band""}, ""nearest_support"": {""confidence"": ""low"", ""distance_pct"": -0.031, ""meaning"": ""最近支撑代理，来自近期低点和 ATR 区间"", ""not_trading_instruction"": true, ""price"": 264.47, ""source"": ""price_structure + volatility_band""}, ""primary_confirmation_level"": {""confidence"": ""low"", ""distance_pct"": 0.0516, ""meaning"": ""站上该价位说明个股主路径正在兑现"", ""not_trading_instruction"": true, ""price"": 287.0, ""source"": ""price_structure + scenario_path""}, ""primary_invalidation_level"": {""confidence"": ""low"", ""distance_pct"": -0.0614, ""meaning"": ""跌破该价位说明个股主路径失效概率上升"", ""not_trading_instruction"": true, ""price"": 256.16, ""source"": ""recent_low + volatility_band""}, ""risk_scenario_activation_level"": {""confidence"": ""low"", ""distance_pct"": -0.0614, ""meaning"": ""跌破该价位说明个股风险路径权重上升"", ""not_trading_instruction"": true, ""price"": 256.16, ""source"": ""volatility_band""}, ""trend_repair_confirmation_level"": {""confidence"": ""low"", ""distance_pct"": 0.0516, ""meaning"": ""突破该价位说明个股趋势修复概率提高"", ""not_trading_instruction"": true, ""price"": 287.0, ""source"": ""recent_high + scenario_path""}}","{""conflicting"": [""大盘风险背景压低个股置信度"", ""成交量不确认当前路径"", ""个股相对弱于大盘/benchmark"", ""历史相似结构与主路径冲突"", ""个股 Alpha 评分已接入"", ""主路径和第二路径差距较小""], ""market_context"": ""risk_off_pressure"", ""missing"": [""options_volatility"", ""single_stock_options""], ""price_close"": 272.9200134277344, ""sector_relative_strength_20d"": 0.0427, ""supporting"": [""个股跑赢所属板块"", ""基础财务指标偏支持""]}","{""10d"": 269.28, ""1d"": 272.43, ""20d"": 268.81, ""3d"": 271.52, ""5d"": 270.6, ""60d"": 268.92}",,,,,,,,,,,,,,,,,,,,,,,,,,,not_yet_validated,pending,,,,,,,,,,,,false
71262bd2724f9ab24c6d,2026-08-20,stock,stock_baseline_v1,NVDA,NVDA,QQQ,216.85000610351562,stock_failed_bounce,0.2808,stock_event_risk,0.176,stock_downside_continuation,0.1745,49.12,risk_off_pressure,neutral,52.8,44.58,55.26,100,43.5,0.563,-0.0086,0.1102,0.49,87.5,"{""expected"": 216.58, ""lower"": 213.48, ""upper"": 219.67}","{""bounce_target_zone"": {""base"": 220.63, ""conservative"": 220.63, ""extended"": 232.96, ""meaning"": ""概率反抽情景参考区间，不是目标价承诺。"", ""not_trading_instruction"": true, ""source"": ""scenario_path + atr + recent_resistance""}, ""breakdown_level"": {""confidence"": ""low"", ""distance_pct"": -0.1238, ""meaning"": ""跌破该价位说明个股跌破结构风险上升"", ""not_trading_instruction"": true, ""price"": 190.01, ""source"": ""recent_low + risk_activation""}, ""breakout_level"": {""confidence"": ""low"", ""distance_pct"": 0.051, ""meaning"": ""突破该价位说明个股突破情景需要重新评估"", ""not_trading_instruction"": true, ""price"": 227.92, ""source"": ""recent_high + primary_confirmation""}, ""failed_bounce_warning_zone"": {""critical_warning"": 190.01, ""first_warning"": 213.83, ""meaning"": ""跌入该区间说明失败反抽风险上升。"", ""not_trading_instruction"": true, ""source"": ""risk_path + atr + recent_support""}, ""nearest_resistance"": {""confidence"": ""low"", ""distance_pct"": 0.0348, ""meaning"": ""最近阻力代理，来自近期高点和 ATR 区间"", ""not_trading_instruction"": true, ""price"": 224.41, ""source"": ""price_structure + volatility_band""}, ""nearest_support"": {""confidence"": ""low"", ""distance_pct"": -0.0232, ""meaning"": ""最近支撑代理，来自近期低点和 ATR 区间"", ""not_trading_instruction"": true, ""price"": 211.81, ""source"": ""price_structure + volatility_band""}, ""primary_confirmation_level"": {""confidence"": ""low"", ""distance_pct"": 0.051, ""meaning"": ""站上该价位说明个股主路径正在兑现"", ""not_trading_instruction"": true, ""price"": 227.92, ""source"": ""price_structure + scenario_path""}, ""primary_invalidation_level"": {""confidence"": ""low"", ""distance_pct"": -0.1238, ""meaning"": ""跌破该价位说明个股主路径失效概率上升"", ""not_trading_instruction"": true, ""price"": 190.01, ""source"": ""recent_low + volatility_band""}, ""risk_scenario_activation_level"": {""confidence"": ""low"", ""distance_pct"": -0.1238, ""meaning"": ""跌破该价位说明个股风险路径权重上升"", ""not_trading_instruction"": true, ""price"": 190.01, ""source"": ""volatility_band""}, ""trend_repair_confirmation_level"": {""confidence"": ""low"", ""distance_pct"": 0.051, ""meaning"": ""突破该价位说明个股趋势修复概率提高"", ""not_trading_instruction"": true, ""price"": 227.92, ""source"": ""recent_high + scenario_path""}}","{""conflicting"": [""大盘风险背景压低个股置信度"", ""公司新闻或财报事件风险上升"", ""财报日期临近"", ""个股 Alpha 评分已接入""], ""market_context"": ""risk_off_pressure"", ""missing"": [""options_volatility"", ""single_stock_options""], ""price_close"": 216.85000610351562, ""sector_relative_strength_20d"": 0.0127, ""supporting"": [""价格站在 20d 均线上方。"", ""基础财务指标已接入且收入增长为正。""]}","{""10d"": 214.86, ""1d"": 216.58, ""20d"": 214.71, ""3d"": 216.06, ""5d"": 215.56, ""60d"": 214.99}",,,,,,,,,,,,,,,,,,,,,,,,,,,not_yet_validated,pending,,,,,,,,,,,,false
0f562f4408baff96b496,2026-08-20,stock,stock_baseline_v1,SMR,SMR,IWM,9.069999694824219,stock_failed_bounce,0.2866,stock_downside_continuation,0.2139,stock_event_risk,0.1314,32.97,risk_off_pressure,supportive,37.13,59.73,26.46,51.4,6.5,0.4143,-0.0265,0.3498,0.38,87.5,"{""expected"": 9.04, ""lower"": 8.71, ""upper"": 9.37}","{""bounce_target_zone"": {""base"": 9.47, ""conservative"": 9.47, ""extended"": 10.67, ""meaning"": ""概率反抽情景参考区间，不是目标价承诺。"", ""not_trading_instruction"": true, ""source"": ""scenario_path + atr + recent_resistance""}, ""breakdown_level"": {""confidence"": ""low"", ""distance_pct"": -0.1687, ""meaning"": ""跌破该价位说明个股跌破结构风险上升"", ""not_trading_instruction"": true, ""price"": 7.54, ""source"": ""recent_low + risk_activation""}, ""breakout_level"": {""confidence"": ""low"", ""distance_pct"": 0.1174, ""meaning"": ""突破该价位说明个股突破情景需要重新评估"", ""not_trading_instruction"": true, ""price"": 10.14, ""source"": ""recent_high + primary_confirmation""}, ""failed_bounce_warning_zone"": {""critical_warning"": 7.54, ""first_warning"": 8.77, ""meaning"": ""跌入该区间说明失败反抽风险上升。"", ""not_trading_instruction"": true, ""source"": ""risk_path + atr + recent_support""}, ""nearest_resistance"": {""confidence"": ""low"", ""distance_pct"": 0.0877, ""meaning"": ""最近阻力代理，来自近期高点和 ATR 区间"", ""not_trading_instruction"": true, ""price"": 9.86, ""source"": ""price_structure + volatility_band""}, ""nearest_support"": {""confidence"": ""low"", ""distance_pct"": -0.0584, ""meaning"": ""最近支撑代理，来自近期低点和 ATR 区间"", ""not_trading_instruction"": true, ""price"": 8.54, ""source"": ""price_structure + volatility_band""}, ""primary_confirmation_level"": {""confidence"": ""low"", ""distance_pct"": 0.1174, ""meaning"": ""站上该价位说明个股主路径正在兑现"", ""not_trading_instruction"": true, ""price"": 10.14, ""source"": ""price_structure + scenario_path""}, ""primary_invalidation_level"": {""confidence"": ""low"", ""distance_pct"": -0.1687, ""meaning"": ""跌破该价位说明个股主路径失效概率上升"", ""not_trading_instruction"": true, ""price"": 7.54, ""source"": ""recent_low + volatility_band""}, ""risk_scenario_activation_level"": {""confidence"": ""low"", ""distance_pct"": -0.1687, ""meaning"": ""跌破该价位说明个股风险路径权重上升"", ""not_trading_instruction"": true, ""price"": 7.54, ""source"": ""volatility_band""}, ""trend_repair_confirmation_level"": {""confidence"": ""low"", ""distance_pct"": 0.1174, ""meaning"": ""突破该价位说明个股趋势修复概率提高"", ""not_trading_instruction"": true, ""price"": 10.14, ""source"": ""recent_high + scenario_path""}}","{""conflicting"": [""大盘风险背景压低个股置信度"", ""价格结构与主路径冲突"", ""个股相对弱于大盘/benchmark"", ""基础财务指标偏弱"", ""个股 Alpha 评分已接入"", ""主路径和第二路径差距较小""], ""market_context"": ""risk_off_pressure"", ""missing"": [""options_volatility"", ""single_stock_options""], ""price_close"": 9.069999694824219, ""sector_relative_strength_20d"": 0.0819, ""supporting"": [""个股跑赢所属板块""]}","{""10d"": 8.84, ""1d"": 9.04, ""20d"": 8.82, ""3d"": 8.98, ""5d"": 8.93, ""60d"": 8.83}",,,,,,,,,,,,,,,,,,,,,,,,,,,not_yet_validated,pending,,,,,,,,,,,,false
77617958d6ae93afee5e,2026-08-20,stock,stock_baseline_v1,TSLA,TSLA,QQQ,345.1300048828125,stock_failed_bounce,0.2581,stock_downside_continuation,0.2111,stock_event_risk,0.1493,42.07,risk_off_pressure,neutral,57.13,56.09,43.41,73.0,0,0.4218,-0.0098,0.2193,0.27,87.5,"{""expected"": 344.63, ""lower"": 339.22, ""upper"": 350.05}","{""bounce_target_zone"": {""base"": 351.73, ""conservative"": 351.73, ""extended"": 360.42, ""meaning"": ""概率反抽情景参考区间，不是目标价承诺。"", ""not_trading_instruction"": true, ""source"": ""scenario_path + atr + recent_resistance""}, ""breakdown_level"": {""confidence"": ""low"", ""distance_pct"": -0.1384, ""meaning"": ""跌破该价位说明个股跌破结构风险上升"", ""not_trading_instruction"": true, ""price"": 297.38, ""source"": ""recent_low + risk_activation""}, ""breakout_level"": {""confidence"": ""low"", ""distance_pct"": 0.0188, ""meaning"": ""突破该价位说明个股突破情景需要重新评估"", ""not_trading_instruction"": true, ""price"": 351.62, ""source"": ""recent_high + primary_confirmation""}, ""failed_bounce_warning_zone"": {""critical_warning"": 297.38, ""first_warning"": 340.18, ""meaning"": ""跌入该区间说明失败反抽风险上升。"", ""not_trading_instruction"": true, ""source"": ""risk_path + atr + recent_support""}, ""nearest_resistance"": {""confidence"": ""low"", ""distance_pct"": 0.0188, ""meaning"": ""最近阻力代理，来自近期高点和 ATR 区间"", ""not_trading_instruction"": true, ""price"": 351.62, ""source"": ""price_structure + volatility_band""}, ""nearest_support"": {""confidence"": ""low"", ""distance_pct"": -0.0255, ""meaning"": ""最近支撑代理，来自近期低点和 ATR 区间"", ""not_trading_instruction"": true, ""price"": 336.33, ""source"": ""price_structure + volatility_band""}, ""primary_confirmation_level"": {""confidence"": ""low"", ""distance_pct"": 0.0188, ""meaning"": ""站上该价位说明个股主路径正在兑现"", ""not_trading_instruction"": true, ""price"": 351.62, ""source"": ""price_structure + scenario_path""}, ""primary_invalidation_level"": {""confidence"": ""low"", ""distance_pct"": -0.1384, ""meaning"": ""跌破该价位说明个股主路径失效概率上升"", ""not_trading_instruction"": true, ""price"": 297.38, ""source"": ""recent_low + volatility_band""}, ""risk_scenario_activation_level"": {""confidence"": ""low"", ""distance_pct"": -0.1384, ""meaning"": ""跌破该价位说明个股风险路径权重上升"", ""not_trading_instruction"": true, ""price"": 297.38, ""source"": ""volatility_band""}, ""trend_repair_confirmation_level"": {""confidence"": ""low"", ""distance_pct"": 0.0188, ""meaning"": ""突破该价位说明个股趋势修复概率提高"", ""not_trading_instruction"": true, ""price"": 351.62, ""source"": ""recent_high + scenario_path""}}","{""conflicting"": [""大盘风险背景压低个股置信度"", ""公司新闻或财报事件风险上升"", ""个股 Alpha 评分已接入"", ""主路径和第二路径差距较小""], ""market_context"": ""risk_off_pressure"", ""missing"": [""options_volatility"", ""single_stock_options""], ""price_close"": 345.1300048828125, ""sector_relative_strength_20d"": 0.0068, ""supporting"": [""历史相似结构支持主路径""]}","{""10d"": 341.65, ""1d"": 344.63, ""20d"": 341.33, ""3d"": 343.73, ""5d"": 342.86, ""60d"": 341.74}",,,,,,,,,,,,,,,,,,,,,,,,,,,not_yet_validated,pending,,,,,,,,,,,,false
1a7eccbe7083fce9e9d8,2026-08-21,stock,stock_baseline_v1,CEG,CEG,SPY,272.8800048828125,stock_failed_bounce,0.2804,stock_downside_continuation,0.2229,stock_event_risk,0.1105,35.14,risk_off_pressure,supportive,50.71,34.81,35.75,53.96,35.0,0.4867,-0.0141,0.141,0.45,87.5,"{""expected"": 272.41, ""lower"": 267.43, ""upper"": 277.39}","{""bounce_target_zone"": {""base"": 278.95, ""conservative"": 278.95, ""extended"": 295.1, ""meaning"": ""概率反抽情景参考区间，不是目标价承诺。"", ""not_trading_instruction"": true, ""source"": ""scenario_path + atr + recent_resistance""}, ""breakdown_level"": {""confidence"": ""low"", ""distance_pct"": -0.0613, ""meaning"": ""跌破该价位说明个股跌破结构风险上升"", ""not_trading_instruction"": true, ""price"": 256.16, ""source"": ""recent_low + risk_activation""}, ""breakout_level"": {""confidence"": ""low"", ""distance_pct"": 0.0517, ""meaning"": ""突破该价位说明个股突破情景需要重新评估"", ""not_trading_instruction"": true, ""price"": 287.0, ""source"": ""recent_high + primary_confirmation""}, ""failed_bounce_warning_zone"": {""critical_warning"": 256.16, ""first_warning"": 268.33, ""meaning"": ""跌入该区间说明失败反抽风险上升。"", ""not_trading_instruction"": true, ""source"": ""risk_path + atr + recent_support""}, ""nearest_resistance"": {""confidence"": ""low"", ""distance_pct"": 0.0445, ""meaning"": ""最近阻力代理，来自近期高点和 ATR 区间"", ""not_trading_instruction"": true, ""price"": 285.02, ""source"": ""price_structure + volatility_band""}, ""nearest_support"": {""confidence"": ""low"", ""distance_pct"": -0.0297, ""meaning"": ""最近支撑代理，来自近期低点和 ATR 区间"", ""not_trading_instruction"": true, ""price"": 264.78, ""source"": ""price_structure + volatility_band""}, ""primary_confirmation_level"": {""confidence"": ""low"", ""distance_pct"": 0.0517, ""meaning"": ""站上该价位说明个股主路径正在兑现"", ""not_trading_instruction"": true, ""price"": 287.0, ""source"": ""price_structure + scenario_path""}, ""primary_invalidation_level"": {""confidence"": ""low"", ""distance_pct"": -0.0613, ""meaning"": ""跌破该价位说明个股主路径失效概率上升"", ""not_trading_instruction"": true, ""price"": 256.16, ""source"": ""recent_low + volatility_band""}, ""risk_scenario_activation_level"": {""confidence"": ""low"", ""distance_pct"": -0.0613, ""meaning"": ""跌破该价位说明个股风险路径权重上升"", ""not_trading_instruction"": true, ""price"": 256.16, ""source"": ""volatility_band""}, ""trend_repair_confirmation_level"": {""confidence"": ""low"", ""distance_pct"": 0.0517, ""meaning"": ""突破该价位说明个股趋势修复概率提高"", ""not_trading_instruction"": true, ""price"": 287.0, ""source"": ""recent_high + scenario_path""}}","{""conflicting"": [""大盘风险背景压低个股置信度"", ""成交量不确认当前路径"", ""个股相对弱于大盘/benchmark"", ""历史相似结构与主路径冲突"", ""个股 Alpha 评分已接入"", ""主路径和第二路径差距较小""], ""market_context"": ""risk_off_pressure"", ""missing"": [""options_volatility"", ""single_stock_options""], ""price_close"": 272.8800048828125, ""sector_relative_strength_20d"": 0.0707, ""supporting"": [""个股跑赢所属板块"", ""基础财务指标偏支持""]}","{""10d"": 269.38, ""1d"": 272.41, ""20d"": 268.93, ""3d"": 271.54, ""5d"": 270.66, ""60d"": 269.03}",,,,,,,,,,,,,,,,,,,,,,,,,,,not_yet_validated,pending,,,,,,,,,,,,false
889f563371e075f5dc62,2026-08-21,stock,stock_baseline_v1,NVDA,NVDA,QQQ,214.72000122070312,stock_failed_bounce,0.2859,stock_downside_continuation,0.1744,stock_event_risk,0.174,46.78,risk_off_pressure,neutral,48.24,50.63,52.05,100,41.5,0.5423,-0.0082,0.1018,0.48,87.5,"{""expected"": 214.47, ""lower"": 211.64, ""upper"": 217.3}","{""bounce_target_zone"": {""base"": 218.17, ""conservative"": 218.17, ""extended"": 232.52, ""meaning"": ""概率反抽情景参考区间，不是目标价承诺。"", ""not_trading_instruction"": true, ""source"": ""scenario_path + atr + recent_resistance""}, ""breakdown_level"": {""confidence"": ""low"", ""distance_pct"": -0.1151, ""meaning"": ""跌破该价位说明个股跌破结构风险上升"", ""not_trading_instruction"": true, ""price"": 190.01, ""source"": ""recent_low + risk_activation""}, ""breakout_level"": {""confidence"": ""low"", ""distance_pct"": 0.0615, ""meaning"": ""突破该价位说明个股突破情景需要重新评估"", ""not_trading_instruction"": true, ""price"": 227.92, ""source"": ""recent_high + primary_confirmation""}, ""failed_bounce_warning_zone"": {""critical_warning"": 190.01, ""first_warning"": 212.13, ""meaning"": ""跌入该区间说明失败反抽风险上升。"", ""not_trading_instruction"": true, ""source"": ""risk_path + atr + recent_support""}, ""nearest_resistance"": {""confidence"": ""low"", ""distance_pct"": 0.0321, ""meaning"": ""最近阻力代理，来自近期高点和 ATR 区间"", ""not_trading_instruction"": true, ""price"": 221.62, ""source"": ""price_structure + volatility_band""}, ""nearest_support"": {""confidence"": ""low"", ""distance_pct"": -0.0214, ""meaning"": ""最近支撑代理，来自近期低点和 ATR 区间"", ""not_trading_instruction"": true, ""price"": 210.12, ""source"": ""price_structure + volatility_band""}, ""primary_confirmation_level"": {""confidence"": ""low"", ""distance_pct"": 0.0615, ""meaning"": ""站上该价位说明个股主路径正在兑现"", ""not_trading_instruction"": true, ""price"": 227.92, ""source"": ""price_structure + scenario_path""}, ""primary_invalidation_level"": {""confidence"": ""low"", ""distance_pct"": -0.1151, ""meaning"": ""跌破该价位说明个股主路径失效概率上升"", ""not_trading_instruction"": true, ""price"": 190.01, ""source"": ""recent_low + volatility_band""}, ""risk_scenario_activation_level"": {""confidence"": ""low"", ""distance_pct"": -0.1151, ""meaning"": ""跌破该价位说明个股风险路径权重上升"", ""not_trading_instruction"": true, ""price"": 190.01, ""source"": ""volatility_band""}, ""trend_repair_confirmation_level"": {""confidence"": ""low"", ""distance_pct"": 0.0615, ""meaning"": ""突破该价位说明个股趋势修复概率提高"", ""not_trading_instruction"": true, ""price"": 227.92, ""source"": ""recent_high + scenario_path""}}","{""conflicting"": [""大盘风险背景压低个股置信度"", ""公司新闻或财报事件风险上升"", ""财报日期临近"", ""历史相似结构与主路径冲突"", ""个股 Alpha 评分已接入""], ""market_context"": ""risk_off_pressure"", ""missing"": [""options_volatility"", ""single_stock_options""], ""price_close"": 214.72000122070312, ""sector_relative_strength_20d"": -0.0041, ""supporting"": [""价格站在 20d 均线上方。"", ""基础财务指标已接入且收入增长为正。""]}","{""10d"": 212.87, ""1d"": 214.47, ""20d"": 212.72, ""3d"": 213.99, ""5d"": 213.53, ""60d"": 212.95}",,,,,,,,,,,,,,,,,,,,,,,,,,,not_yet_validated,pending,,,,,,,,,,,,false
842d96d4a1b047fef2cd,2026-08-21,stock,stock_baseline_v1,SMR,SMR,IWM,9.399999618530273,stock_failed_bounce,0.2247,stock_downside_continuation,0.1782,stock_event_risk,0.1359,41.74,risk_off_pressure,supportive,57.1,68.32,50.83,51.4,15.0,0.5454,-0.0043,0.3262,0.54,87.5,"{""expected"": 9.39, ""lower"": 9.07, ""upper"": 9.7}","{""bounce_target_zone"": {""base"": 9.79, ""conservative"": 9.79, ""extended"": 10.65, ""meaning"": ""概率反抽情景参考区间，不是目标价承诺。"", ""not_trading_instruction"": true, ""source"": ""scenario_path + atr + recent_resistance""}, ""breakdown_level"": {""confidence"": ""low"", ""distance_pct"": -0.1979, ""meaning"": ""跌破该价位说明个股跌破结构风险上升"", ""not_trading_instruction"": true, ""price"": 7.54, ""source"": ""recent_low + risk_activation""}, ""breakout_level"": {""confidence"": ""low"", ""distance_pct"": 0.0782, ""meaning"": ""突破该价位说明个股突破情景需要重新评估"", ""not_trading_instruction"": true, ""price"": 10.14, ""source"": ""recent_high + primary_confirmation""}, ""failed_bounce_warning_zone"": {""critical_warning"": 7.54, ""first_warning"": 9.11, ""meaning"": ""跌入该区间说明失败反抽风险上升。"", ""not_trading_instruction"": true, ""source"": ""risk_path + atr + recent_support""}, ""nearest_resistance"": {""confidence"": ""low"", ""distance_pct"": 0.0782, ""meaning"": ""最近阻力代理，来自近期高点和 ATR 区间"", ""not_trading_instruction"": true, ""price"": 10.14, ""source"": ""price_structure + volatility_band""}, ""nearest_support"": {""confidence"": ""low"", ""distance_pct"": -0.0548, ""meaning"": ""最近支撑代理，来自近期低点和 ATR 区间"", ""not_trading_instruction"": true, ""price"": 8.89, ""source"": ""price_structure + volatility_band""}, ""primary_confirmation_level"": {""confidence"": ""low"", ""distance_pct"": 0.0782, ""meaning"": ""站上该价位说明个股主路径正在兑现"", ""not_trading_instruction"": true, ""price"": 10.14, ""source"": ""price_structure + scenario_path""}, ""primary_invalidation_level"": {""confidence"": ""low"", ""distance_pct"": -0.1979, ""meaning"": ""跌破该价位说明个股主路径失效概率上升"", ""not_trading_instruction"": true, ""price"": 7.54, ""source"": ""recent_low + volatility_band""}, ""risk_scenario_activation_level"": {""confidence"": ""low"", ""distance_pct"": -0.1979, ""meaning"": ""跌破该价位说明个股风险路径权重上升"", ""not_trading_instruction"": true, ""price"": 7.54, ""source"": ""volatility_band""}, ""trend_repair_confirmation_level"": {""confidence"": ""low"", ""distance_pct"": 0.0782, ""meaning"": ""突破该价位说明个股趋势修复概率提高"", ""not_trading_instruction"": true, ""price"": 10.14, ""source"": ""recent_high + scenario_path""}}","{""conflicting"": [""大盘风险背景压低个股置信度"", ""基础财务指标偏弱"", ""个股 Alpha 评分已接入"", ""主路径和第二路径差距较小""], ""market_context"": ""risk_off_pressure"", ""missing"": [""options_volatility"", ""single_stock_options""], ""price_close"": 9.399999618530273, ""sector_relative_strength_20d"": 0.238, ""supporting"": [""个股跑赢所属板块"", ""成交量确认当前路径"", ""历史相似结构支持主路径""]}","{""10d"": 9.29, ""1d"": 9.39, ""20d"": 9.3, ""3d"": 9.36, ""5d"": 9.33, ""60d"": 9.36}",,,,,,,,,,,,,,,,,,,,,,,,,,,not_yet_validated,pending,,,,,,,,,,,,false
706906b374997ae09049,2026-08-21,stock,stock_baseline_v1,TSLA,TSLA,QQQ,362.8599853515625,stock_failed_bounce,0.2421,stock_trend_repair,0.1793,stock_downside_continuation,0.1774,49.7,risk_off_pressure,supportive,76.65,80.02,57.11,100,12.5,0.5232,-0.0034,0.1792,0.43,87.5,"{""expected"": 362.53, ""lower"": 356.87, ""upper"": 368.19}","{""bounce_target_zone"": {""base"": 369.77, ""conservative"": 369.77, ""extended"": 375.71, ""meaning"": ""概率反抽情景参考区间，不是目标价承诺。"", ""not_trading_instruction"": true, ""source"": ""scenario_path + atr + recent_resistance""}, ""breakdown_level"": {""confidence"": ""low"", ""distance_pct"": -0.1805, ""meaning"": ""跌破该价位说明个股跌破结构风险上升"", ""not_trading_instruction"": true, ""price"": 297.38, ""source"": ""recent_low + risk_activation""}, ""breakout_level"": {""confidence"": ""low"", ""distance_pct"": 0.0143, ""meaning"": ""突破该价位说明个股突破情景需要重新评估"", ""not_trading_instruction"": true, ""price"": 368.04, ""source"": ""recent_high + primary_confirmation""}, ""failed_bounce_warning_zone"": {""critical_warning"": 297.38, ""first_warning"": 357.34, ""meaning"": ""跌入该区间说明失败反抽风险上升。"", ""not_trading_instruction"": true, ""source"": ""risk_path + atr + recent_support""}, ""nearest_resistance"": {""confidence"": ""low"", ""distance_pct"": 0.01, ""meaning"": ""最近阻力代理，来自近期高点和 ATR 区间"", ""not_trading_instruction"": true, ""price"": 366.5, ""source"": ""price_structure + volatility_band""}, ""nearest_support"": {""confidence"": ""low"", ""distance_pct"": -0.0254, ""meaning"": ""最近支撑代理，来自近期低点和 ATR 区间"", ""not_trading_instruction"": true, ""price"": 353.65, ""source"": ""price_structure + volatility_band""}, ""primary_confirmation_level"": {""confidence"": ""low"", ""distance_pct"": 0.0143, ""meaning"": ""站上该价位说明个股主路径正在兑现"", ""not_trading_instruction"": true, ""price"": 368.04, ""source"": ""price_structure + scenario_path""}, ""primary_invalidation_level"": {""confidence"": ""low"", ""distance_pct"": -0.1805, ""meaning"": ""跌破该价位说明个股主路径失效概率上升"", ""not_trading_instruction"": true, ""price"": 297.38, ""source"": ""recent_low + volatility_band""}, ""risk_scenario_activation_level"": {""confidence"": ""low"", ""distance_pct"": -0.1805, ""meaning"": ""跌破该价位说明个股风险路径权重上升"", ""not_trading_instruction"": true, ""price"": 297.38, ""source"": ""volatility_band""}, ""trend_repair_confirmation_level"": {""confidence"": ""low"", ""distance_pct"": 0.01, ""meaning"": ""突破该价位说明个股趋势修复概率提高"", ""not_trading_instruction"": true, ""price"": 366.5, ""source"": ""recent_high + scenario_path""}}","{""conflicting"": [""大盘风险背景压低个股置信度"", ""公司新闻或财报事件风险上升"", ""个股 Alpha 评分已接入"", ""主路径和第二路径差距较小""], ""market_context"": ""risk_off_pressure"", ""missing"": [""options_volatility"", ""single_stock_options""], ""price_close"": 362.8599853515625, ""sector_relative_strength_20d"": 0.0805, ""supporting"": [""个股跑赢所属板块"", ""价格结构支持主路径"", ""成交量确认当前路径"", ""历史相似结构支持主路径""]}","{""10d"": 360.48, ""1d"": 362.53, ""20d"": 360.62, ""3d"": 361.91, ""5d"": 361.29, ""60d"": 361.64}",,,,,,,,,,,,,,,,,,,,,,,,,,,not_yet_validated,pending,,,,,,,,,,,,false
42dfbb04c4f83a8efaae,2026-08-24,stock,stock_baseline_v1,CEG,CEG,SPY,273.42999267578125,stock_failed_bounce,0.2751,stock_downside_continuation,0.2241,stock_event_risk,0.1108,38.58,risk_off_pressure,supportive,53.33,55.46,41.24,56.52,35.0,0.5038,-0.0127,0.133,0.46,87.5,"{""expected"": 273.0, ""lower"": 268.29, ""upper"": 277.71}","{""bounce_target_zone"": {""base"": 279.17, ""conservative"": 279.17, ""extended"": 294.66, ""meaning"": ""概率反抽情景参考区间，不是目标价承诺。"", ""not_trading_instruction"": true, ""source"": ""scenario_path + atr + recent_resistance""}, ""breakdown_level"": {""confidence"": ""low"", ""distance_pct"": -0.0632, ""meaning"": ""跌破该价位说明个股跌破结构风险上升"", ""not_trading_instruction"": true, ""price"": 256.16, ""source"": ""recent_low + risk_activation""}, ""breakout_level"": {""confidence"": ""low"", ""distance_pct"": 0.0496, ""meaning"": ""突破该价位说明个股突破情景需要重新评估"", ""not_trading_instruction"": true, ""price"": 287.0, ""source"": ""recent_high + primary_confirmation""}, ""failed_bounce_warning_zone"": {""critical_warning"": 256.16, ""first_warning"": 269.12, ""meaning"": ""跌入该区间说明失败反抽风险上升。"", ""not_trading_instruction"": true, ""source"": ""risk_path + atr + recent_support""}, ""nearest_resistance"": {""confidence"": ""low"", ""distance_pct"": 0.042, ""meaning"": ""最近阻力代理，来自近期高点和 ATR 区间"", ""not_trading_instruction"": true, ""price"": 284.91, ""source"": ""price_structure + volatility_band""}, ""nearest_support"": {""confidence"": ""low"", ""distance_pct"": -0.028, ""meaning"": ""最近支撑代理，来自近期低点和 ATR 区间"", ""not_trading_instruction"": true, ""price"": 265.77, ""source"": ""price_structure + volatility_band""}, ""primary_confirmation_level"": {""confidence"": ""low"", ""distance_pct"": 0.0496, ""meaning"": ""站上该价位说明个股主路径正在兑现"", ""not_trading_instruction"": true, ""price"": 287.0, ""source"": ""price_structure + scenario_path""}, ""primary_invalidation_level"": {""confidence"": ""low"", ""distance_pct"": -0.0632, ""meaning"": ""跌破该价位说明个股主路径失效概率上升"", ""not_trading_instruction"": true, ""price"": 256.16, ""source"": ""recent_low + volatility_band""}, ""risk_scenario_activation_level"": {""confidence"": ""low"", ""distance_pct"": -0.0632, ""meaning"": ""跌破该价位说明个股风险路径权重上升"", ""not_trading_instruction"": true, ""price"": 256.16, ""source"": ""volatility_band""}, ""trend_repair_confirmation_level"": {""confidence"": ""low"", ""distance_pct"": 0.0496, ""meaning"": ""突破该价位说明个股趋势修复概率提高"", ""not_trading_instruction"": true, ""price"": 287.0, ""source"": ""recent_high + scenario_path""}}","{""conflicting"": [""大盘风险背景压低个股置信度"", ""个股相对弱于大盘/benchmark"", ""历史相似结构与主路径冲突"", ""个股 Alpha 评分已接入"", ""主路径和第二路径差距较小""], ""market_context"": ""risk_off_pressure"", ""missing"": [""options_volatility"", ""single_stock_options""], ""price_close"": 273.42999267578125, ""sector_relative_strength_20d"": 0.0666, ""supporting"": [""个股跑赢所属板块"", ""基础财务指标偏支持""]}","{""10d"": 270.21, ""1d"": 273.0, ""20d"": 269.82, ""3d"": 272.19, ""5d"": 271.38, ""60d"": 269.96}",,,,,,,,,,,,,,,,,,,,,,,,,,,not_yet_validated,pending,,,,,,,,,,,,false
5ae7b5d51c6c36481176,2026-08-24,stock,stock_baseline_v1,NVDA,NVDA,QQQ,208.47999572753906,stock_failed_bounce,0.2895,stock_event_risk,0.1677,stock_downside_continuation,0.167,50.4,risk_off_pressure,supportive,35.65,65.93,55.74,100,53.0,0.6123,-0.0075,0.1072,0.52,87.5,"{""expected"": 208.25, ""lower"": 205.36, ""upper"": 211.14}","{""bounce_target_zone"": {""base"": 212.01, ""conservative"": 212.01, ""extended"": 232.62, ""meaning"": ""概率反抽情景参考区间，不是目标价承诺。"", ""not_trading_instruction"": true, ""source"": ""scenario_path + atr + recent_resistance""}, ""breakdown_level"": {""confidence"": ""low"", ""distance_pct"": -0.0886, ""meaning"": ""跌破该价位说明个股跌破结构风险上升"", ""not_trading_instruction"": true, ""price"": 190.01, ""source"": ""recent_low + risk_activation""}, ""breakout_level"": {""confidence"": ""low"", ""distance_pct"": 0.0932, ""meaning"": ""突破该价位说明个股突破情景需要重新评估"", ""not_trading_instruction"": true, ""price"": 227.92, ""source"": ""recent_high + primary_confirmation""}, ""failed_bounce_warning_zone"": {""critical_warning"": 190.01, ""first_warning"": 205.66, ""meaning"": ""跌入该区间说明失败反抽风险上升。"", ""not_trading_instruction"": true, ""source"": ""risk_path + atr + recent_support""}, ""nearest_resistance"": {""confidence"": ""low"", ""distance_pct"": 0.0338, ""meaning"": ""最近阻力代理，来自近期高点和 ATR 区间"", ""not_trading_instruction"": true, ""price"": 215.54, ""source"": ""price_structure + volatility_band""}, ""nearest_support"": {""confidence"": ""low"", ""distance_pct"": -0.0226, ""meaning"": ""最近支撑代理，来自近期低点和 ATR 区间"", ""not_trading_instruction"": true, ""price"": 203.78, ""source"": ""price_structure + volatility_band""}, ""primary_confirmation_level"": {""confidence"": ""low"", ""distance_pct"": 0.0932, ""meaning"": ""站上该价位说明个股主路径正在兑现"", ""not_trading_instruction"": true, ""price"": 227.92, ""source"": ""price_structure + scenario_path""}, ""primary_invalidation_level"": {""confidence"": ""low"", ""distance_pct"": -0.0886, ""meaning"": ""跌破该价位说明个股主路径失效概率上升"", ""not_trading_instruction"": true, ""price"": 190.01, ""source"": ""recent_low + volatility_band""}, ""risk_scenario_activation_level"": {""confidence"": ""low"", ""distance_pct"": -0.0886, ""meaning"": ""跌破该价位说明个股风险路径权重上升"", ""not_trading_instruction"": true, ""price"": 190.01, ""source"": ""volatility_band""}, ""trend_repair_confirmation_level"": {""confidence"": ""low"", ""distance_pct"": 0.0932, ""meaning"": ""突破该价位说明个股趋势修复概率提高"", ""not_trading_instruction"": true, ""price"": 227.92, ""source"": ""recent_high + scenario_path""}}","{""conflicting"": [""大盘风险背景压低个股置信度"", ""价格结构与主路径冲突"", ""公司新闻或财报事件风险上升"", ""财报日期临近"", ""历史相似结构与主路径冲突"", ""个股 Alpha 评分已接入""], ""market_context"": ""risk_off_pressure"", ""missing"": [""options_volatility"", ""single_stock_options""], ""price_close"": 208.47999572753906, ""sector_relative_strength_20d"": 0.0279, ""supporting"": [""个股跑赢所属板块"", ""成交量确认当前路径""]}","{""10d"": 206.72, ""1d"": 208.25, ""20d"": 206.62, ""3d"": 207.8, ""5d"": 207.35, ""60d"": 206.91}",,,,,,,,,,,,,,,,,,,,,,,,,,,not_yet_validated,pending,,,,,,,,,,,,false
b6c7df2f5ef18f7a436b,2026-08-24,stock,stock_baseline_v1,SMR,SMR,IWM,9.050000190734863,stock_failed_bounce,0.2592,stock_downside_continuation,0.2229,stock_event_risk,0.1343,39.45,risk_off_pressure,supportive,43.76,86.63,32.63,51.4,11.5,0.4599,-0.0221,0.3513,0.4,87.5,"{""expected"": 9.02, ""lower"": 8.71, ""upper"": 9.34}","{""bounce_target_zone"": {""base"": 9.43, ""conservative"": 9.43, ""extended"": 10.64, ""meaning"": ""概率反抽情景参考区间，不是目标价承诺。"", ""not_trading_instruction"": true, ""source"": ""scenario_path + atr + recent_resistance""}, ""breakdown_level"": {""confidence"": ""low"", ""distance_pct"": -0.1669, ""meaning"": ""跌破该价位说明个股跌破结构风险上升"", ""not_trading_instruction"": true, ""price"": 7.54, ""source"": ""recent_low + risk_activation""}, ""breakout_level"": {""confidence"": ""low"", ""distance_pct"": 0.1199, ""meaning"": ""突破该价位说明个股突破情景需要重新评估"", ""not_trading_instruction"": true, ""price"": 10.14, ""source"": ""recent_high + primary_confirmation""}, ""failed_bounce_warning_zone"": {""critical_warning"": 7.54, ""first_warning"": 8.76, ""meaning"": ""跌入该区间说明失败反抽风险上升。"", ""not_trading_instruction"": true, ""source"": ""risk_path + atr + recent_support""}, ""nearest_resistance"": {""confidence"": ""low"", ""distance_pct"": 0.0844, ""meaning"": ""最近阻力代理，来自近期高点和 ATR 区间"", ""not_trading_instruction"": true, ""price"": 9.81, ""source"": ""price_structure + volatility_band""}, ""nearest_support"": {""confidence"": ""low"", ""distance_pct"": -0.0563, ""meaning"": ""最近支撑代理，来自近期低点和 ATR 区间"", ""not_trading_instruction"": true, ""price"": 8.54, ""source"": ""price_structure + volatility_band""}, ""primary_confirmation_level"": {""confidence"": ""low"", ""distance_pct"": 0.1199, ""meaning"": ""站上该价位说明个股主路径正在兑现"", ""not_trading_instruction"": true, ""price"": 10.14, ""source"": ""price_structure + scenario_path""}, ""primary_invalidation_level"": {""confidence"": ""low"", ""distance_pct"": -0.1669, ""meaning"": ""跌破该价位说明个股主路径失效概率上升"", ""not_trading_instruction"": true, ""price"": 7.54, ""source"": ""recent_low + volatility_band""}, ""risk_scenario_activation_level"": {""confidence"": ""low"", ""distance_pct"": -0.1669, ""meaning"": ""跌破该价位说明个股风险路径权重上升"", ""not_trading_instruction"": true, ""price"": 7.54, ""source"": ""volatility_band""}, ""trend_repair_confirmation_level"": {""confidence"": ""low"", ""distance_pct"": 0.1199, ""meaning"": ""突破该价位说明个股趋势修复概率提高"", ""not_trading_instruction"": true, ""price"": 10.14, ""source"": ""recent_high + scenario_path""}}","{""conflicting"": [""大盘风险背景压低个股置信度"", ""个股相对弱于大盘/benchmark"", ""基础财务指标偏弱"", ""个股 Alpha 评分已接入"", ""主路径和第二路径差距较小""], ""market_context"": ""risk_off_pressure"", ""missing"": [""options_volatility"", ""single_stock_options""], ""price_close"": 9.050000190734863, ""sector_relative_strength_20d"": 0.1136, ""supporting"": [""个股跑赢所属板块"", ""成交量确认当前路径"", ""历史相似结构支持主路径""]}","{""10d"": 8.85, ""1d"": 9.02, ""20d"": 8.83, ""3d"": 8.97, ""5d"": 8.92, ""60d"": 8.85}",,,,,,,,,,,,,,,,,,,,,,,,,,,not_yet_validated,pending,,,,,,,,,,,,false
ce18f3c2c88cb020b891,2026-08-24,stock,stock_baseline_v1,TSLA,TSLA,QQQ,348.95001220703125,stock_failed_bounce,0.2392,stock_downside_continuation,0.1899,stock_event_risk,0.1403,43.78,risk_off_pressure,supportive,59.88,62.78,51.36,89.0,9.5,0.4924,-0.005,0.1993,0.41,87.5,"{""expected"": 348.59, ""lower"": 342.72, ""upper"": 354.46}","{""bounce_target_zone"": {""base"": 356.12, ""conservative"": 356.12, ""extended"": 376.06, ""meaning"": ""概率反抽情景参考区间，不是目标价承诺。"", ""not_trading_instruction"": true, ""source"": ""scenario_path + atr + recent_resistance""}, ""breakdown_level"": {""confidence"": ""low"", ""distance_pct"": -0.1478, ""meaning"": ""跌破该价位说明个股跌破结构风险上升"", ""not_trading_instruction"": true, ""price"": 297.38, ""source"": ""recent_low + risk_activation""}, ""breakout_level"": {""confidence"": ""low"", ""distance_pct"": 0.0503, ""meaning"": ""突破该价位说明个股突破情景需要重新评估"", ""not_trading_instruction"": true, ""price"": 366.5, ""source"": ""recent_high + primary_confirmation""}, ""failed_bounce_warning_zone"": {""critical_warning"": 297.38, ""first_warning"": 343.57, ""meaning"": ""跌入该区间说明失败反抽风险上升。"", ""not_trading_instruction"": true, ""source"": ""risk_path + atr + recent_support""}, ""nearest_resistance"": {""confidence"": ""low"", ""distance_pct"": 0.0411, ""meaning"": ""最近阻力代理，来自近期高点和 ATR 区间"", ""not_trading_instruction"": true, ""price"": 363.29, ""source"": ""price_structure + volatility_band""}, ""nearest_support"": {""confidence"": ""low"", ""distance_pct"": -0.0274, ""meaning"": ""最近支撑代理，来自近期低点和 ATR 区间"", ""not_trading_instruction"": true, ""price"": 339.39, ""source"": ""price_structure + volatility_band""}, ""primary_confirmation_level"": {""confidence"": ""low"", ""distance_pct"": 0.0503, ""meaning"": ""站上该价位说明个股主路径正在兑现"", ""not_trading_instruction"": true, ""price"": 366.5, ""source"": ""price_structure + scenario_path""}, ""primary_invalidation_level"": {""confidence"": ""low"", ""distance_pct"": -0.1478, ""meaning"": ""跌破该价位说明个股主路径失效概率上升"", ""not_trading_instruction"": true, ""price"": 297.38, ""source"": ""recent_low + volatility_band""}, ""risk_scenario_activation_level"": {""confidence"": ""low"", ""distance_pct"": -0.1478, ""meaning"": ""跌破该价位说明个股风险路径权重上升"", ""not_trading_instruction"": true, ""price"": 297.38, ""source"": ""volatility_band""}, ""trend_repair_confirmation_level"": {""confidence"": ""low"", ""distance_pct"": 0.0503, ""meaning"": ""突破该价位说明个股趋势修复概率提高"", ""not_trading_instruction"": true, ""price"": 366.5, ""source"": ""recent_high + scenario_path""}}","{""conflicting"": [""大盘风险背景压低个股置信度"", ""公司新闻或财报事件风险上升"", ""个股 Alpha 评分已接入"", ""主路径和第二路径差距较小""], ""market_context"": ""risk_off_pressure"", ""missing"": [""options_volatility"", ""single_stock_options""], ""price_close"": 348.95001220703125, ""sector_relative_strength_20d"": 0.0612, ""supporting"": [""个股跑赢所属板块"", ""成交量确认当前路径"", ""历史相似结构支持主路径""]}","{""10d"": 346.3, ""1d"": 348.59, ""20d"": 346.34, ""3d"": 347.9, ""5d"": 347.22, ""60d"": 347.22}",,,,,,,,,,,,,,,,,,,,,,,,,,,not_yet_validated,pending,,,,,,,,,,,,false
1af3b8dd91addaed0a95,2026-08-25,stock,stock_baseline_v1,CEG,CEG,SPY,278.4200134277344,stock_failed_bounce,0.2559,stock_downside_continuation,0.203,stock_event_risk,0.1208,44.76,risk_off_pressure,supportive,66.18,53.56,52.76,53.96,37.0,0.5582,-0.0078,0.1273,0.55,87.5,"{""expected"": 278.08, ""lower"": 273.49, ""upper"": 282.67}","{""bounce_target_zone"": {""base"": 284.01, ""conservative"": 284.01, ""extended"": 294.46, ""meaning"": ""概率反抽情景参考区间，不是目标价承诺。"", ""not_trading_instruction"": true, ""source"": ""scenario_path + atr + recent_resistance""}, ""breakdown_level"": {""confidence"": ""low"", ""distance_pct"": -0.08, ""meaning"": ""跌破该价位说明个股跌破结构风险上升"", ""not_trading_instruction"": true, ""price"": 256.16, ""source"": ""recent_low + risk_activation""}, ""breakout_level"": {""confidence"": ""low"", ""distance_pct"": 0.0308, ""meaning"": ""突破该价位说明个股突破情景需要重新评估"", ""not_trading_instruction"": true, ""price"": 287.0, ""source"": ""recent_high + primary_confirmation""}, ""failed_bounce_warning_zone"": {""critical_warning"": 256.16, ""first_warning"": 274.23, ""meaning"": ""跌入该区间说明失败反抽风险上升。"", ""not_trading_instruction"": true, ""source"": ""risk_path + atr + recent_support""}, ""nearest_resistance"": {""confidence"": ""low"", ""distance_pct"": 0.0308, ""meaning"": ""最近阻力代理，来自近期高点和 ATR 区间"", ""not_trading_instruction"": true, ""price"": 287.0, ""source"": ""price_structure + volatility_band""}, ""nearest_support"": {""confidence"": ""low"", ""distance_pct"": -0.0268, ""meaning"": ""最近支撑代理，来自近期低点和 ATR 区间"", ""not_trading_instruction"": true, ""price"": 270.96, ""source"": ""price_structure + volatility_band""}, ""primary_confirmation_level"": {""confidence"": ""low"", ""distance_pct"": 0.0308, ""meaning"": ""站上该价位说明个股主路径正在兑现"", ""not_trading_instruction"": true, ""price"": 287.0, ""source"": ""price_structure + scenario_path""}, ""primary_invalidation_level"": {""confidence"": ""low"", ""distance_pct"": -0.08, ""meaning"": ""跌破该价位说明个股主路径失效概率上升"", ""not_trading_instruction"": true, ""price"": 256.16, ""source"": ""recent_low + volatility_band""}, ""risk_scenario_activation_level"": {""confidence"": ""low"", ""distance_pct"": -0.08, ""meaning"": ""跌破该价位说明个股风险路径权重上升"", ""not_trading_instruction"": true, ""price"": 256.16, ""source"": ""volatility_band""}, ""trend_repair_confirmation_level"": {""confidence"": ""low"", ""distance_pct"": 0.0308, ""meaning"": ""突破该价位说明个股趋势修复概率提高"", ""not_trading_instruction"": true, ""price"": 287.0, ""source"": ""recent_high + scenario_path""}}","{""conflicting"": [""大盘风险背景压低个股置信度"", ""个股 Alpha 评分已接入"", ""主路径和第二路径差距较小""], ""market_context"": ""risk_off_pressure"", ""missing"": [""options_volatility"", ""single_stock_options""], ""price_close"": 278.4200134277344, ""sector_relative_strength_20d"": 0.1201, ""supporting"": [""个股跑赢所属板块"", ""价格结构支持主路径"", ""基础财务指标偏支持"", ""历史相似结构支持主路径""]}","{""10d"": 275.91, ""1d"": 278.08, ""20d"": 275.77, ""3d"": 277.44, ""5d"": 276.8, ""60d"": 276.24}",,,,,,,,,,,,,,,,,,,,,,,,,,,not_yet_validated,pending,,,,,,,,,,,,false
05f4cd72189a44961392,2026-08-25,stock,stock_baseline_v1,NVDA,NVDA,QQQ,213.0500030517578,stock_failed_bounce,0.2703,stock_downside_continuation,0.1706,stock_event_risk,0.1698,48.63,risk_off_pressure,neutral,46.98,61.13,59.44,100,41.5,0.5694,-0.0061,0.0999,0.54,87.5,"{""expected"": 212.84, ""lower"": 210.08, ""upper"": 215.59}","{""bounce_target_zone"": {""base"": 216.41, ""conservative"": 216.41, ""extended"": 232.4, ""meaning"": ""概率反抽情景参考区间，不是目标价承诺。"", ""not_trading_instruction"": true, ""source"": ""scenario_path + atr + recent_resistance""}, ""breakdown_level"": {""confidence"": ""low"", ""distance_pct"": -0.1081, ""meaning"": ""跌破该价位说明个股跌破结构风险上升"", ""not_trading_instruction"": true, ""price"": 190.01, ""source"": ""recent_low + risk_activation""}, ""breakout_level"": {""confidence"": ""low"", ""distance_pct"": 0.0698, ""meaning"": ""突破该价位说明个股突破情景需要重新评估"", ""not_trading_instruction"": true, ""price"": 227.92, ""source"": ""recent_high + primary_confirmation""}, ""failed_bounce_warning_zone"": {""critical_warning"": 190.01, ""first_warning"": 210.53, ""meaning"": ""跌入该区间说明失败反抽风险上升。"", ""not_trading_instruction"": true, ""source"": ""risk_path + atr + recent_support""}, ""nearest_resistance"": {""confidence"": ""low"", ""distance_pct"": 0.0315, ""meaning"": ""最近阻力代理，来自近期高点和 ATR 区间"", ""not_trading_instruction"": true, ""price"": 219.77, ""source"": ""price_structure + volatility_band""}, ""nearest_support"": {""confidence"": ""low"", ""distance_pct"": -0.021, ""meaning"": ""最近支撑代理，来自近期低点和 ATR 区间"", ""not_trading_instruction"": true, ""price"": 208.57, ""source"": ""price_structure + volatility_band""}, ""primary_confirmation_level"": {""confidence"": ""low"", ""distance_pct"": 0.0698, ""meaning"": ""站上该价位说明个股主路径正在兑现"", ""not_trading_instruction"": true, ""price"": 227.92, ""source"": ""price_structure + scenario_path""}, ""primary_invalidation_level"": {""confidence"": ""low"", ""distance_pct"": -0.1081, ""meaning"": ""跌破该价位说明个股主路径失效概率上升"", ""not_trading_instruction"": true, ""price"": 190.01, ""source"": ""recent_low + volatility_band""}, ""risk_scenario_activation_level"": {""confidence"": ""low"", ""distance_pct"": -0.1081, ""meaning"": ""跌破该价位说明个股风险路径权重上升"", ""not_trading_instruction"": true, ""price"": 190.01, ""source"": ""volatility_band""}, ""trend_repair_confirmation_level"": {""confidence"": ""low"", ""distance_pct"": 0.0698, ""meaning"": ""突破该价位说明个股趋势修复概率提高"", ""not_trading_instruction"": true, ""price"": 227.92, ""source"": ""recent_high + scenario_path""}}","{""conflicting"": [""大盘风险背景压低个股置信度"", ""公司新闻或财报事件风险上升"", ""财报日期临近"", ""历史相似结构与主路径冲突"", ""个股 Alpha 评分已接入""], ""market_context"": ""risk_off_pressure"", ""missing"": [""options_volatility"", ""single_stock_options""], ""price_close"": 213.0500030517578, ""sector_relative_strength_20d"": 0.0192, ""supporting"": [""成交量结构支持当前路径。"", ""基础财务指标已接入且收入增长为正。""]}","{""10d"": 211.48, ""1d"": 212.84, ""20d"": 211.42, ""3d"": 212.43, ""5d"": 212.03, ""60d"": 211.76}",,,,,,,,,,,,,,,,,,,,,,,,,,,not_yet_validated,pending,,,,,,,,,,,,false
dcc5ca4a8066204fdcf3,2026-08-25,stock,stock_baseline_v1,SMR,SMR,IWM,9.8100004196167,stock_failed_bounce,0.223,stock_trend_repair,0.1956,stock_downside_continuation,0.1769,49.86,risk_off_pressure,supportive,86.37,93.55,58.18,56.52,16.5,0.5848,-0.0031,0.2968,0.61,87.5,"{""expected"": 9.79, ""lower"": 9.46, ""upper"": 10.13}","{""bounce_target_zone"": {""base"": 10.21, ""conservative"": 10.21, ""extended"": 10.67, ""meaning"": ""概率反抽情景参考区间，不是目标价承诺。"", ""not_trading_instruction"": true, ""source"": ""scenario_path + atr + recent_resistance""}, ""breakdown_level"": {""confidence"": ""low"", ""distance_pct"": -0.2314, ""meaning"": ""跌破该价位说明个股跌破结构风险上升"", ""not_trading_instruction"": true, ""price"": 7.54, ""source"": ""recent_low + risk_activation""}, ""breakout_level"": {""confidence"": ""low"", ""distance_pct"": 0.0331, ""meaning"": ""突破该价位说明个股突破情景需要重新评估"", ""not_trading_instruction"": true, ""price"": 10.14, ""source"": ""recent_high + primary_confirmation""}, ""failed_bounce_warning_zone"": {""critical_warning"": 7.54, ""first_warning"": 9.49, ""meaning"": ""跌入该区间说明失败反抽风险上升。"", ""not_trading_instruction"": true, ""source"": ""risk_path + atr + recent_support""}, ""nearest_resistance"": {""confidence"": ""low"", ""distance_pct"": 0.0331, ""meaning"": ""最近阻力代理，来自近期高点和 ATR 区间"", ""not_trading_instruction"": true, ""price"": 10.14, ""source"": ""price_structure + volatility_band""}, ""nearest_support"": {""confidence"": ""low"", ""distance_pct"": -0.055, ""meaning"": ""最近支撑代理，来自近期低点和 ATR 区间"", ""not_trading_instruction"": true, ""price"": 9.27, ""source"": ""price_structure + volatility_band""}, ""primary_confirmation_level"": {""confidence"": ""low"", ""distance_pct"": 0.0331, ""meaning"": ""站上该价位说明个股主路径正在兑现"", ""not_trading_instruction"": true, ""price"": 10.14, ""source"": ""price_structure + scenario_path""}, ""primary_invalidation_level"": {""confidence"": ""low"", ""distance_pct"": -0.2314, ""meaning"": ""跌破该价位说明个股主路径失效概率上升"", ""not_trading_instruction"": true, ""price"": 7.54, ""source"": ""recent_low + volatility_band""}, ""risk_scenario_activation_level"": {""confidence"": ""low"", ""distance_pct"": -0.2314, ""meaning"": ""跌破该价位说明个股风险路径权重上升"", ""not_trading_instruction"": true, ""price"": 7.54, ""source"": ""volatility_band""}, ""trend_repair_confirmation_level"": {""confidence"": ""low"", ""distance_pct"": 0.0331, ""meaning"": ""突破该价位说明个股趋势修复概率提高"", ""not_trading_instruction"": true, ""price"": 10.14, ""source"": ""recent_high + scenario_path""}}","{""conflicting"": [""大盘风险背景压低个股置信度"", ""基础财务指标偏弱"", ""个股 Alpha 评分已接入"", ""主路径和第二路径差距较小""], ""market_context"": ""risk_off_pressure"", ""missing"": [""options_volatility"", ""single_stock_options""], ""price_close"": 9.8100004196167, ""sector_relative_strength_20d"": 0.242, ""supporting"": [""个股跑赢所属板块"", ""价格结构支持主路径"", ""成交量确认当前路径"", ""历史相似结构支持主路径""]}","{""10d"": 9.7, ""1d"": 9.79, ""20d"": 9.71, ""3d"": 9.76, ""5d"": 9.73, ""60d"": 9.78}",,,,,,,,,,,,,,,,,,,,,,,,,,,not_yet_validated,pending,,,,,,,,,,,,false
00d62060051635e5a3bc,2026-08-25,stock,stock_baseline_v1,TSLA,TSLA,QQQ,350.25,stock_failed_bounce,0.2519,stock_downside_continuation,0.1971,stock_event_risk,0.1478,43.09,risk_off_pressure,supportive,61.59,54.97,51.37,93.0,5.5,0.4717,-0.0079,0.1765,0.41,87.5,"{""expected"": 349.78, ""lower"": 343.87, ""upper"": 355.69}","{""bounce_target_zone"": {""base"": 357.46, ""conservative"": 357.46, ""extended"": 376.12, ""meaning"": ""概率反抽情景参考区间，不是目标价承诺。"", ""not_trading_instruction"": true, ""source"": ""scenario_path + atr + recent_resistance""}, ""breakdown_level"": {""confidence"": ""low"", ""distance_pct"": -0.1509, ""meaning"": ""跌破该价位说明个股跌破结构风险上升"", ""not_trading_instruction"": true, ""price"": 297.38, ""source"": ""recent_low + risk_activation""}, ""breakout_level"": {""confidence"": ""low"", ""distance_pct"": 0.0464, ""meaning"": ""突破该价位说明个股突破情景需要重新评估"", ""not_trading_instruction"": true, ""price"": 366.5, ""source"": ""recent_high + primary_confirmation""}, ""failed_bounce_warning_zone"": {""critical_warning"": 297.38, ""first_warning"": 344.84, ""meaning"": ""跌入该区间说明失败反抽风险上升。"", ""not_trading_instruction"": true, ""source"": ""risk_path + atr + recent_support""}, ""nearest_resistance"": {""confidence"": ""low"", ""distance_pct"": 0.0412, ""meaning"": ""最近阻力代理，来自近期高点和 ATR 区间"", ""not_trading_instruction"": true, ""price"": 364.68, ""source"": ""price_structure + volatility_band""}, ""nearest_support"": {""confidence"": ""low"", ""distance_pct"": -0.0275, ""meaning"": ""最近支撑代理，来自近期低点和 ATR 区间"", ""not_trading_instruction"": true, ""price"": 340.63, ""source"": ""price_structure + volatility_band""}, ""primary_confirmation_level"": {""confidence"": ""low"", ""distance_pct"": 0.0464, ""meaning"": ""站上该价位说明个股主路径正在兑现"", ""not_trading_instruction"": true, ""price"": 366.5, ""source"": ""price_structure + scenario_path""}, ""primary_invalidation_level"": {""confidence"": ""low"", ""distance_pct"": -0.1509, ""meaning"": ""跌破该价位说明个股主路径失效概率上升"", ""not_trading_instruction"": true, ""price"": 297.38, ""source"": ""recent_low + volatility_band""}, ""risk_scenario_activation_level"": {""confidence"": ""low"", ""distance_pct"": -0.1509, ""meaning"": ""跌破该价位说明个股风险路径权重上升"", ""not_trading_instruction"": true, ""price"": 297.38, ""source"": ""volatility_band""}, ""trend_repair_confirmation_level"": {""confidence"": ""low"", ""distance_pct"": 0.0464, ""meaning"": ""突破该价位说明个股趋势修复概率提高"", ""not_trading_instruction"": true, ""price"": 366.5, ""source"": ""recent_high + scenario_path""}}","{""conflicting"": [""大盘风险背景压低个股置信度"", ""公司新闻或财报事件风险上升"", ""个股 Alpha 评分已接入"", ""主路径和第二路径差距较小""], ""market_context"": ""risk_off_pressure"", ""missing"": [""options_volatility"", ""single_stock_options""], ""price_close"": 350.25, ""sector_relative_strength_20d"": 0.0906, ""supporting"": [""个股跑赢所属板块"", ""历史相似结构支持主路径""]}","{""10d"": 346.95, ""1d"": 349.78, ""20d"": 346.79, ""3d"": 348.92, ""5d"": 348.09, ""60d"": 347.47}",,,,,,,,,,,,,,,,,,,,,,,,,,,not_yet_validated,pending,,,,,,,,,,,,false
ad7d608643e826cf97e5,2026-08-26,stock,stock_baseline_v1,CEG,CEG,SPY,279.5199890136719,stock_failed_bounce,0.2515,stock_downside_continuation,0.1995,stock_event_risk,0.1155,43.3,risk_off_pressure,supportive,63.11,51.47,59.8,51.4,37.0,0.5547,-0.0057,0.1148,0.58,87.5,"{""expected"": 279.24, ""lower"": 275.08, ""upper"": 283.39}","{""bounce_target_zone"": {""base"": 284.59, ""conservative"": 284.59, ""extended"": 293.76, ""meaning"": ""概率反抽情景参考区间，不是目标价承诺。"", ""not_trading_instruction"": true, ""source"": ""scenario_path + atr + recent_resistance""}, ""breakdown_level"": {""confidence"": ""low"", ""distance_pct"": -0.0674, ""meaning"": ""跌破该价位说明个股跌破结构风险上升"", ""not_trading_instruction"": true, ""price"": 260.67, ""source"": ""recent_low + risk_activation""}, ""breakout_level"": {""confidence"": ""low"", ""distance_pct"": 0.0268, ""meaning"": ""突破该价位说明个股突破情景需要重新评估"", ""not_trading_instruction"": true, ""price"": 287.0, ""source"": ""recent_high + primary_confirmation""}, ""failed_bounce_warning_zone"": {""critical_warning"": 260.67, ""first_warning"": 275.72, ""meaning"": ""跌入该区间说明失败反抽风险上升。"", ""not_trading_instruction"": true, ""source"": ""risk_path + atr + recent_support""}, ""nearest_resistance"": {""confidence"": ""low"", ""distance_pct"": 0.0268, ""meaning"": ""最近阻力代理，来自近期高点和 ATR 区间"", ""not_trading_instruction"": true, ""price"": 287.0, ""source"": ""price_structure + volatility_band""}, ""nearest_support"": {""confidence"": ""low"", ""distance_pct"": -0.0242, ""meaning"": ""最近支撑代理，来自近期低点和 ATR 区间"", ""not_trading_instruction"": true, ""price"": 272.76, ""source"": ""price_structure + volatility_band""}, ""primary_confirmation_level"": {""confidence"": ""low"", ""distance_pct"": 0.0268, ""meaning"": ""站上该价位说明个股主路径正在兑现"", ""not_trading_instruction"": true, ""price"": 287.0, ""source"": ""price_structure + scenario_path""}, ""primary_invalidation_level"": {""confidence"": ""low"", ""distance_pct"": -0.0674, ""meaning"": ""跌破该价位说明个股主路径失效概率上升"", ""not_trading_instruction"": true, ""price"": 260.67, ""source"": ""recent_low + volatility_band""}, ""risk_scenario_activation_level"": {""confidence"": ""low"", ""distance_pct"": -0.0674, ""meaning"": ""跌破该价位说明个股风险路径权重上升"", ""not_trading_instruction"": true, ""price"": 260.67, ""source"": ""volatility_band""}, ""trend_repair_confirmation_level"": {""confidence"": ""low"", ""distance_pct"": 0.0268, ""meaning"": ""突破该价位说明个股趋势修复概率提高"", ""not_trading_instruction"": true, ""price"": 287.0, ""source"": ""recent_high + scenario_path""}}","{""conflicting"": [""大盘风险背景压低个股置信度"", ""个股 Alpha 评分已接入"", ""主路径和第二路径差距较小""], ""market_context"": ""risk_off_pressure"", ""missing"": [""options_volatility"", ""single_stock_options""], ""price_close"": 279.5199890136719, ""sector_relative_strength_20d"": 0.1148, ""supporting"": [""个股跑赢所属板块"", ""价格结构支持主路径"", ""基础财务指标偏支持""]}","{""10d"": 277.43, ""1d"": 279.24, ""20d"": 277.38, ""3d"": 278.7, ""5d"": 278.16, ""60d"": 277.92}",,,,,,,,,,,,,,,,,,,,,,,,,,,not_yet_validated,pending,,,,,,,,,,,,false
334815a826bfce203e80,2026-08-26,stock,stock_baseline_v1,NVDA,NVDA,QQQ,209.66000366210938,stock_failed_bounce,0.2731,stock_downside_continuation,0.1702,stock_event_risk,0.1691,48.68,risk_off_pressure,neutral,40.9,71.58,53.02,100,47.0,0.5907,-0.0061,0.0984,0.54,87.5,"{""expected"": 209.45, ""lower"": 206.78, ""upper"": 212.13}","{""bounce_target_zone"": {""base"": 212.92, ""conservative"": 212.92, ""extended"": 232.27, ""meaning"": ""概率反抽情景参考区间，不是目标价承诺。"", ""not_trading_instruction"": true, ""source"": ""scenario_path + atr + recent_resistance""}, ""breakdown_level"": {""confidence"": ""low"", ""distance_pct"": -0.0865, ""meaning"": ""跌破该价位说明个股跌破结构风险上升"", ""not_trading_instruction"": true, ""price"": 191.52, ""source"": ""recent_low + risk_activation""}, ""breakout_level"": {""confidence"": ""low"", ""distance_pct"": 0.0871, ""meaning"": ""突破该价位说明个股突破情景需要重新评估"", ""not_trading_instruction"": true, ""price"": 227.92, ""source"": ""recent_high + primary_confirmation""}, ""failed_bounce_warning_zone"": {""critical_warning"": 191.52, ""first_warning"": 207.21, ""meaning"": ""跌入该区间说明失败反抽风险上升。"", ""not_trading_instruction"": true, ""source"": ""risk_path + atr + recent_support""}, ""nearest_resistance"": {""confidence"": ""low"", ""distance_pct"": 0.0311, ""meaning"": ""最近阻力代理，来自近期高点和 ATR 区间"", ""not_trading_instruction"": true, ""price"": 216.19, ""source"": ""price_structure + volatility_band""}, ""nearest_support"": {""confidence"": ""low"", ""distance_pct"": -0.0208, ""meaning"": ""最近支撑代理，来自近期低点和 ATR 区间"", ""not_trading_instruction"": true, ""price"": 205.31, ""source"": ""price_structure + volatility_band""}, ""primary_confirmation_level"": {""confidence"": ""low"", ""distance_pct"": 0.0871, ""meaning"": ""站上该价位说明个股主路径正在兑现"", ""not_trading_instruction"": true, ""price"": 227.92, ""source"": ""price_structure + scenario_path""}, ""primary_invalidation_level"": {""confidence"": ""low"", ""distance_pct"": -0.0865, ""meaning"": ""跌破该价位说明个股主路径失效概率上升"", ""not_trading_instruction"": true, ""price"": 191.52, ""source"": ""recent_low + volatility_band""}, ""risk_scenario_activation_level"": {""confidence"": ""low"", ""distance_pct"": -0.0865, ""meaning"": ""跌破该价位说明个股风险路径权重上升"", ""not_trading_instruction"": true, ""price"": 191.52, ""source"": ""volatility_band""}, ""trend_repair_confirmation_level"": {""confidence"": ""low"", ""distance_pct"": 0.0871, ""meaning"": ""突破该价位说明个股趋势修复概率提高"", ""not_trading_instruction"": true, ""price"": 227.92, ""source"": ""recent_high + scenario_path""}}","{""conflicting"": [""大盘风险背景压低个股置信度"", ""价格结构与主路径冲突"", ""公司新闻或财报事件风险上升"", ""财报日期临近"", ""历史相似结构与主路径冲突"", ""个股 Alpha 评分已接入""], ""market_context"": ""risk_off_pressure"", ""missing"": [""options_volatility"", ""single_stock_options""], ""price_close"": 209.66000366210938, ""sector_relative_strength_20d"": 0.0057, ""supporting"": [""成交量确认当前路径""]}","{""10d"": 208.13, ""1d"": 209.45, ""20d"": 208.07, ""3d"": 209.06, ""5d"": 208.67, ""60d"": 208.38}",,,,,,,,,,,,,,,,,,,,,,,,,,,not_yet_validated,pending,,,,,,,,,,,,false
6599bc1942ea32faf8d0,2026-08-26,stock,stock_baseline_v1,SMR,SMR,IWM,9.270000457763672,stock_failed_bounce,0.2279,stock_downside_continuation,0.1797,stock_event_risk,0.1438,42.52,risk_off_pressure,supportive,49.38,79.35,55.01,53.96,14.5,0.5863,-0.0065,0.3355,0.56,87.5,"{""expected"": 9.25, ""lower"": 8.9, ""upper"": 9.6}","{""bounce_target_zone"": {""base"": 9.69, ""conservative"": 9.69, ""extended"": 10.82, ""meaning"": ""概率反抽情景参考区间，不是目标价承诺。"", ""not_trading_instruction"": true, ""source"": ""scenario_path + atr + recent_resistance""}, ""breakdown_level"": {""confidence"": ""low"", ""distance_pct"": -0.1597, ""meaning"": ""跌破该价位说明个股跌破结构风险上升"", ""not_trading_instruction"": true, ""price"": 7.79, ""source"": ""recent_low + risk_activation""}, ""breakout_level"": {""confidence"": ""low"", ""distance_pct"": 0.1063, ""meaning"": ""突破该价位说明个股突破情景需要重新评估"", ""not_trading_instruction"": true, ""price"": 10.26, ""source"": ""recent_high + primary_confirmation""}, ""failed_bounce_warning_zone"": {""critical_warning"": 7.79, ""first_warning"": 8.95, ""meaning"": ""跌入该区间说明失败反抽风险上升。"", ""not_trading_instruction"": true, ""source"": ""risk_path + atr + recent_support""}, ""nearest_resistance"": {""confidence"": ""low"", ""distance_pct"": 0.0917, ""meaning"": ""最近阻力代理，来自近期高点和 ATR 区间"", ""not_trading_instruction"": true, ""price"": 10.12, ""source"": ""price_structure + volatility_band""}, ""nearest_support"": {""confidence"": ""low"", ""distance_pct"": -0.0611, ""meaning"": ""最近支撑代理，来自近期低点和 ATR 区间"", ""not_trading_instruction"": true, ""price"": 8.7, ""source"": ""price_structure + volatility_band""}, ""primary_confirmation_level"": {""confidence"": ""low"", ""distance_pct"": 0.1063, ""meaning"": ""站上该价位说明个股主路径正在兑现"", ""not_trading_instruction"": true, ""price"": 10.26, ""source"": ""price_structure + scenario_path""}, ""primary_invalidation_level"": {""confidence"": ""low"", ""distance_pct"": -0.1597, ""meaning"": ""跌破该价位说明个股主路径失效概率上升"", ""not_trading_instruction"": true, ""price"": 7.79, ""source"": ""recent_low + volatility_band""}, ""risk_scenario_activation_level"": {""confidence"": ""low"", ""distance_pct"": -0.1597, ""meaning"": ""跌破该价位说明个股风险路径权重上升"", ""not_trading_instruction"": true, ""price"": 7.79, ""source"": ""volatility_band""}, ""trend_repair_confirmation_level"": {""confidence"": ""low"", ""distance_pct"": 0.1063, ""meaning"": ""突破该价位说明个股趋势修复概率提高"", ""not_trading_instruction"": true, ""price"": 10.26, ""source"": ""recent_high + scenario_path""}}","{""conflicting"": [""大盘风险背景压低个股置信度"", ""基础财务指标偏弱"", ""个股 Alpha 评分已接入"", ""主路径和第二路径差距较小""], ""market_context"": ""risk_off_pressure"", ""missing"": [""options_volatility"", ""single_stock_options""], ""price_close"": 9.270000457763672, ""sector_relative_strength_20d"": 0.2525, ""supporting"": [""个股跑赢所属板块"", ""成交量确认当前路径"", ""历史相似结构支持主路径""]}","{""10d"": 9.13, ""1d"": 9.25, ""20d"": 9.14, ""3d"": 9.21, ""5d"": 9.18, ""60d"": 9.21}",,,,,,,,,,,,,,,,,,,,,,,,,,,not_yet_validated,pending,,,,,,,,,,,,false
b7543ac857352002e363,2026-08-26,stock,stock_baseline_v1,TSLA,TSLA,QQQ,345.82000732421875,stock_failed_bounce,0.2532,stock_downside_continuation,0.1946,stock_event_risk,0.1439,40.94,risk_off_pressure,supportive,49.32,54.11,53.8,81.36,7.5,0.4774,-0.0074,0.1869,0.41,87.5,"{""expected"": 345.37, ""lower"": 339.38, ""upper"": 351.36}","{""bounce_target_zone"": {""base"": 353.12, ""conservative"": 353.12, ""extended"": 376.23, ""meaning"": ""概率反抽情景参考区间，不是目标价承诺。"", ""not_trading_instruction"": true, ""source"": ""scenario_path + atr + recent_resistance""}, ""breakdown_level"": {""confidence"": ""low"", ""distance_pct"": -0.1287, ""meaning"": ""跌破该价位说明个股跌破结构风险上升"", ""not_trading_instruction"": true, ""price"": 301.33, ""source"": ""recent_low + risk_activation""}, ""breakout_level"": {""confidence"": ""low"", ""distance_pct"": 0.0598, ""meaning"": ""突破该价位说明个股突破情景需要重新评估"", ""not_trading_instruction"": true, ""price"": 366.5, ""source"": ""recent_high + primary_confirmation""}, ""failed_bounce_warning_zone"": {""critical_warning"": 301.33, ""first_warning"": 340.35, ""meaning"": ""跌入该区间说明失败反抽风险上升。"", ""not_trading_instruction"": true, ""source"": ""risk_path + atr + recent_support""}, ""nearest_resistance"": {""confidence"": ""low"", ""distance_pct"": 0.0422, ""meaning"": ""最近阻力代理，来自近期高点和 ATR 区间"", ""not_trading_instruction"": true, ""price"": 360.41, ""source"": ""price_structure + volatility_band""}, ""nearest_support"": {""confidence"": ""low"", ""distance_pct"": -0.0281, ""meaning"": ""最近支撑代理，来自近期低点和 ATR 区间"", ""not_trading_instruction"": true, ""price"": 336.09, ""source"": ""price_structure + volatility_band""}, ""primary_confirmation_level"": {""confidence"": ""low"", ""distance_pct"": 0.0598, ""meaning"": ""站上该价位说明个股主路径正在兑现"", ""not_trading_instruction"": true, ""price"": 366.5, ""source"": ""price_structure + scenario_path""}, ""primary_invalidation_level"": {""confidence"": ""low"", ""distance_pct"": -0.1287, ""meaning"": ""跌破该价位说明个股主路径失效概率上升"", ""not_trading_instruction"": true, ""price"": 301.33, ""source"": ""recent_low + volatility_band""}, ""risk_scenario_activation_level"": {""confidence"": ""low"", ""distance_pct"": -0.1287, ""meaning"": ""跌破该价位说明个股风险路径权重上升"", ""not_trading_instruction"": true, ""price"": 301.33, ""source"": ""volatility_band""}, ""trend_repair_confirmation_level"": {""confidence"": ""low"", ""distance_pct"": 0.0598, ""meaning"": ""突破该价位说明个股趋势修复概率提高"", ""not_trading_instruction"": true, ""price"": 366.5, ""source"": ""recent_high + scenario_path""}}","{""conflicting"": [""大盘风险背景压低个股置信度"", ""公司新闻或财报事件风险上升"", ""个股 Alpha 评分已接入"", ""主路径和第二路径差距较小""], ""market_context"": ""risk_off_pressure"", ""missing"": [""options_volatility"", ""single_stock_options""], ""price_close"": 345.82000732421875, ""sector_relative_strength_20d"": 0.1095, ""supporting"": [""个股跑赢所属板块"", ""历史相似结构支持主路径""]}","{""10d"": 342.61, ""1d"": 345.37, ""20d"": 342.5, ""3d"": 344.53, ""5d"": 343.72, ""60d"": 343.26}",,,,,,,,,,,,,,,,,,,,,,,,,,,not_yet_validated,pending,,,,,,,,,,,,false
f96bc9fdd8271a19cd20,2026-08-27,stock,stock_baseline_v1,CEG,CEG,SPY,282.4100036621094,stock_failed_bounce,0.2558,stock_downside_continuation,0.2029,stock_event_risk,0.116,44.92,risk_off_pressure,supportive,67.49,49.88,57.59,51.4,37.0,0.5535,-0.0063,0.1087,0.56,87.5,"{""expected"": 282.12, ""lower"": 278.15, ""upper"": 286.09}","{""bounce_target_zone"": {""base"": 287.26, ""conservative"": 287.26, ""extended"": 293.47, ""meaning"": ""概率反抽情景参考区间，不是目标价承诺。"", ""not_trading_instruction"": true, ""source"": ""scenario_path + atr + recent_resistance""}, ""breakdown_level"": {""confidence"": ""low"", ""distance_pct"": -0.077, ""meaning"": ""跌破该价位说明个股跌破结构风险上升"", ""not_trading_instruction"": true, ""price"": 260.67, ""source"": ""recent_low + risk_activation""}, ""breakout_level"": {""confidence"": ""low"", ""distance_pct"": 0.0163, ""meaning"": ""突破该价位说明个股突破情景需要重新评估"", ""not_trading_instruction"": true, ""price"": 287.0, ""source"": ""recent_high + primary_confirmation""}, ""failed_bounce_warning_zone"": {""critical_warning"": 260.67, ""first_warning"": 278.77, ""meaning"": ""跌入该区间说明失败反抽风险上升。"", ""not_trading_instruction"": true, ""source"": ""risk_path + atr + recent_support""}, ""nearest_resistance"": {""confidence"": ""low"", ""distance_pct"": 0.0163, ""meaning"": ""最近阻力代理，来自近期高点和 ATR 区间"", ""not_trading_instruction"": true, ""price"": 287.0, ""source"": ""price_structure + volatility_band""}, ""nearest_support"": {""confidence"": ""low"", ""distance_pct"": -0.0229, ""meaning"": ""最近支撑代理，来自近期低点和 ATR 区间"", ""not_trading_instruction"": true, ""price"": 275.94, ""source"": ""price_structure + volatility_band""}, ""primary_confirmation_level"": {""confidence"": ""low"", ""distance_pct"": 0.0163, ""meaning"": ""站上该价位说明个股主路径正在兑现"", ""not_trading_instruction"": true, ""price"": 287.0, ""source"": ""price_structure + scenario_path""}, ""primary_invalidation_level"": {""confidence"": ""low"", ""distance_pct"": -0.077, ""meaning"": ""跌破该价位说明个股主路径失效概率上升"", ""not_trading_instruction"": true, ""price"": 260.67, ""source"": ""recent_low + volatility_band""}, ""risk_scenario_activation_level"": {""confidence"": ""low"", ""distance_pct"": -0.077, ""meaning"": ""跌破该价位说明个股风险路径权重上升"", ""not_trading_instruction"": true, ""price"": 260.67, ""source"": ""volatility_band""}, ""trend_repair_confirmation_level"": {""confidence"": ""low"", ""distance_pct"": 0.0163, ""meaning"": ""突破该价位说明个股趋势修复概率提高"", ""not_trading_instruction"": true, ""price"": 287.0, ""source"": ""recent_high + scenario_path""}}","{""conflicting"": [""大盘风险背景压低个股置信度"", ""个股 Alpha 评分已接入"", ""主路径和第二路径差距较小""], ""market_context"": ""risk_off_pressure"", ""missing"": [""options_volatility"", ""single_stock_options""], ""price_close"": 282.4100036621094, ""sector_relative_strength_20d"": 0.1047, ""supporting"": [""个股跑赢所属板块"", ""价格结构支持主路径"", ""基础财务指标偏支持"", ""历史相似结构支持主路径""]}","{""10d"": 280.27, ""1d"": 282.12, ""20d"": 280.18, ""3d"": 281.58, ""5d"": 281.03, ""60d"": 280.63}",,,,,,,,,,,,,,,,,,,,,,,,,,,not_yet_validated,pending,,,,,,,,,,,,false
70b47549874d84bd3fee,2026-08-27,stock,stock_baseline_v1,NVDA,NVDA,QQQ,227.97999572753906,stock_failed_bounce,0.233,stock_trend_repair,0.2159,stock_downside_continuation,0.1674,61.5,risk_off_pressure,supportive,75.63,100,75.61,100,60.5,0.7131,-0.0004,0.1087,0.71,87.5,"{""expected"": 227.84, ""lower"": 224.63, ""upper"": 231.04}","{""bounce_target_zone"": {""base"": 231.89, ""conservative"": 231.89, ""extended"": 235.68, ""meaning"": ""概率反抽情景参考区间，不是目标价承诺。"", ""not_trading_instruction"": true, ""source"": ""scenario_path + atr + recent_resistance""}, ""breakdown_level"": {""confidence"": ""low"", ""distance_pct"": -0.1449, ""meaning"": ""跌破该价位说明个股跌破结构风险上升"", ""not_trading_instruction"": true, ""price"": 194.95, ""source"": ""recent_low + risk_activation""}, ""breakout_level"": {""confidence"": ""low"", ""distance_pct"": 0.0129, ""meaning"": ""突破该价位说明个股突破情景需要重新评估"", ""not_trading_instruction"": true, ""price"": 230.91, ""source"": ""recent_high + primary_confirmation""}, ""failed_bounce_warning_zone"": {""critical_warning"": 194.95, ""first_warning"": 224.85, ""meaning"": ""跌入该区间说明失败反抽风险上升。"", ""not_trading_instruction"": true, ""source"": ""risk_path + atr + recent_support""}, ""nearest_resistance"": {""confidence"": ""low"", ""distance_pct"": 0.0109, ""meaning"": ""最近阻力代理，来自近期高点和 ATR 区间"", ""not_trading_instruction"": true, ""price"": 230.47, ""source"": ""price_structure + volatility_band""}, ""nearest_support"": {""confidence"": ""low"", ""distance_pct"": -0.0229, ""meaning"": ""最近支撑代理，来自近期低点和 ATR 区间"", ""not_trading_instruction"": true, ""price"": 222.77, ""source"": ""price_structure + volatility_band""}, ""primary_confirmation_level"": {""confidence"": ""low"", ""distance_pct"": 0.0129, ""meaning"": ""站上该价位说明个股主路径正在兑现"", ""not_trading_instruction"": true, ""price"": 230.91, ""source"": ""price_structure + scenario_path""}, ""primary_invalidation_level"": {""confidence"": ""low"", ""distance_pct"": -0.1449, ""meaning"": ""跌破该价位说明个股主路径失效概率上升"", ""not_trading_instruction"": true, ""price"": 194.95, ""source"": ""recent_low + volatility_band""}, ""risk_scenario_activation_level"": {""confidence"": ""low"", ""distance_pct"": -0.1449, ""meaning"": ""跌破该价位说明个股风险路径权重上升"", ""not_trading_instruction"": true, ""price"": 194.95, ""source"": ""volatility_band""}, ""trend_repair_confirmation_level"": {""confidence"": ""low"", ""distance_pct"": 0.0109, ""meaning"": ""突破该价位说明个股趋势修复概率提高"", ""not_trading_instruction"": true, ""price"": 230.47, ""source"": ""recent_high + scenario_path""}}","{""conflicting"": [""大盘风险背景压低个股置信度"", ""公司新闻或财报事件风险上升"", ""主路径和第二路径差距较小""], ""market_context"": ""risk_off_pressure"", ""missing"": [""options_volatility"", ""single_stock_options""], ""price_close"": 227.97999572753906, ""sector_relative_strength_20d"": 0.0956, ""supporting"": [""个股跑赢所属板块"", ""价格结构支持主路径"", ""成交量确认当前路径"", ""个股相对强于大盘/benchmark"", ""基础财务指标偏支持"", ""历史相似结构支持主路径""]}","{""10d"": 226.93, ""1d"": 227.84, ""20d"": 227.14, ""3d"": 227.55, ""5d"": 227.27, ""60d"": 227.88}",,,,,,,,,,,,,,,,,,,,,,,,,,,not_yet_validated,pending,,,,,,,,,,,,false
1a2525d4f0f4edcede86,2026-08-27,stock,stock_baseline_v1,SMR,SMR,IWM,9.739999771118164,stock_failed_bounce,0.2447,stock_downside_continuation,0.2076,stock_event_risk,0.1329,41.94,risk_off_pressure,supportive,73.09,63.4,39.74,51.4,13.5,0.5203,-0.0144,0.2736,0.59,87.5,"{""expected"": 9.71, ""lower"": 9.37, ""upper"": 10.06}","{""bounce_target_zone"": {""base"": 10.16, ""conservative"": 10.16, ""extended"": 10.82, ""meaning"": ""概率反抽情景参考区间，不是目标价承诺。"", ""not_trading_instruction"": true, ""source"": ""scenario_path + atr + recent_resistance""}, ""breakdown_level"": {""confidence"": ""low"", ""distance_pct"": -0.1489, ""meaning"": ""跌破该价位说明个股跌破结构风险上升"", ""not_trading_instruction"": true, ""price"": 8.29, ""source"": ""recent_low + risk_activation""}, ""breakout_level"": {""confidence"": ""low"", ""distance_pct"": 0.0529, ""meaning"": ""突破该价位说明个股突破情景需要重新评估"", ""not_trading_instruction"": true, ""price"": 10.26, ""source"": ""recent_high + primary_confirmation""}, ""failed_bounce_warning_zone"": {""critical_warning"": 8.29, ""first_warning"": 9.42, ""meaning"": ""跌入该区间说明失败反抽风险上升。"", ""not_trading_instruction"": true, ""source"": ""risk_path + atr + recent_support""}, ""nearest_resistance"": {""confidence"": ""low"", ""distance_pct"": 0.0529, ""meaning"": ""最近阻力代理，来自近期高点和 ATR 区间"", ""not_trading_instruction"": true, ""price"": 10.26, ""source"": ""price_structure + volatility_band""}, ""nearest_support"": {""confidence"": ""low"", ""distance_pct"": -0.0576, ""meaning"": ""最近支撑代理，来自近期低点和 ATR 区间"", ""not_trading_instruction"": true, ""price"": 9.18, ""source"": ""price_structure + volatility_band""}, ""primary_confirmation_level"": {""confidence"": ""low"", ""distance_pct"": 0.0529, ""meaning"": ""站上该价位说明个股主路径正在兑现"", ""not_trading_instruction"": true, ""price"": 10.26, ""source"": ""price_structure + scenario_path""}, ""primary_invalidation_level"": {""confidence"": ""low"", ""distance_pct"": -0.1489, ""meaning"": ""跌破该价位说明个股主路径失效概率上升"", ""not_trading_instruction"": true, ""price"": 8.29, ""source"": ""recent_low + volatility_band""}, ""risk_scenario_activation_level"": {""confidence"": ""low"", ""distance_pct"": -0.1489, ""meaning"": ""跌破该价位说明个股风险路径权重上升"", ""not_trading_instruction"": true, ""price"": 8.29, ""source"": ""volatility_band""}, ""trend_repair_confirmation_level"": {""confidence"": ""low"", ""distance_pct"": 0.0529, ""meaning"": ""突破该价位说明个股趋势修复概率提高"", ""not_trading_instruction"": true, ""price"": 10.26, ""source"": ""recent_high + scenario_path""}}","{""conflicting"": [""大盘风险背景压低个股置信度"", ""个股相对弱于大盘/benchmark"", ""基础财务指标偏弱"", ""个股 Alpha 评分已接入"", ""主路径和第二路径差距较小""], ""market_context"": ""risk_off_pressure"", ""missing"": [""options_volatility"", ""single_stock_options""], ""price_close"": 9.739999771118164, ""sector_relative_strength_20d"": 0.1657, ""supporting"": [""个股跑赢所属板块"", ""价格结构支持主路径"", ""成交量确认当前路径"", ""历史相似结构支持主路径""]}","{""10d"": 9.56, ""1d"": 9.71, ""20d"": 9.56, ""3d"": 9.67, ""5d"": 9.62, ""60d"": 9.6}",,,,,,,,,,,,,,,,,,,,,,,,,,,not_yet_validated,pending,,,,,,,,,,,,false
64364b5cb73a363137f7,2026-08-27,stock,stock_baseline_v1,TSLA,TSLA,QQQ,354.80999755859375,stock_failed_bounce,0.2525,stock_downside_continuation,0.1894,stock_event_risk,0.1474,42.84,risk_off_pressure,supportive,61.64,56.35,55.28,81.0,5.5,0.4771,-0.0068,0.1657,0.43,87.5,"{""expected"": 354.37, ""lower"": 348.52, ""upper"": 360.22}","{""bounce_target_zone"": {""base"": 361.94, ""conservative"": 361.94, ""extended"": 376.0, ""meaning"": ""概率反抽情景参考区间，不是目标价承诺。"", ""not_trading_instruction"": true, ""source"": ""scenario_path + atr + recent_resistance""}, ""breakdown_level"": {""confidence"": ""low"", ""distance_pct"": -0.1489, ""meaning"": ""跌破该价位说明个股跌破结构风险上升"", ""not_trading_instruction"": true, ""price"": 301.97, ""source"": ""recent_low + risk_activation""}, ""breakout_level"": {""confidence"": ""low"", ""distance_pct"": 0.0329, ""meaning"": ""突破该价位说明个股突破情景需要重新评估"", ""not_trading_instruction"": true, ""price"": 366.5, ""source"": ""recent_high + primary_confirmation""}, ""failed_bounce_warning_zone"": {""critical_warning"": 301.97, ""first_warning"": 349.46, ""meaning"": ""跌入该区间说明失败反抽风险上升。"", ""not_trading_instruction"": true, ""source"": ""risk_path + atr + recent_support""}, ""nearest_resistance"": {""confidence"": ""low"", ""distance_pct"": 0.0329, ""meaning"": ""最近阻力代理，来自近期高点和 ATR 区间"", ""not_trading_instruction"": true, ""price"": 366.5, ""source"": ""price_structure + volatility_band""}, ""nearest_support"": {""confidence"": ""low"", ""distance_pct"": -0.0268, ""meaning"": ""最近支撑代理，来自近期低点和 ATR 区间"", ""not_trading_instruction"": true, ""price"": 345.31, ""source"": ""price_structure + volatility_band""}, ""primary_confirmation_level"": {""confidence"": ""low"", ""distance_pct"": 0.0329, ""meaning"": ""站上该价位说明个股主路径正在兑现"", ""not_trading_instruction"": true, ""price"": 366.5, ""source"": ""price_structure + scenario_path""}, ""primary_invalidation_level"": {""confidence"": ""low"", ""distance_pct"": -0.1489, ""meaning"": ""跌破该价位说明个股主路径失效概率上升"", ""not_trading_instruction"": true, ""price"": 301.97, ""source"": ""recent_low + volatility_band""}, ""risk_scenario_activation_level"": {""confidence"": ""low"", ""distance_pct"": -0.1489, ""meaning"": ""跌破该价位说明个股风险路径权重上升"", ""not_trading_instruction"": true, ""price"": 301.97, ""source"": ""volatility_band""}, ""trend_repair_confirmation_level"": {""confidence"": ""low"", ""distance_pct"": 0.0329, ""meaning"": ""突破该价位说明个股趋势修复概率提高"", ""not_trading_instruction"": true, ""price"": 366.5, ""source"": ""recent_high + scenario_path""}}","{""conflicting"": [""大盘风险背景压低个股置信度"", ""公司新闻或财报事件风险上升"", ""个股 Alpha 评分已接入"", ""主路径和第二路径差距较小""], ""market_context"": ""risk_off_pressure"", ""missing"": [""options_volatility"", ""single_stock_options""], ""price_close"": 354.80999755859375, ""sector_relative_strength_20d"": 0.1178, ""supporting"": [""个股跑赢所属板块"", ""历史相似结构支持主路径""]}","{""10d"": 351.69, ""1d"": 354.37, ""20d"": 351.6, ""3d"": 353.55, ""5d"": 352.76, ""60d"": 352.38}",,,,,,,,,,,,,,,,,,,,,,,,,,,not_yet_validated,pending,,,,,,,,,,,,false
20ce848d225ea67602cb,2026-08-28,stock,stock_baseline_v1,CEG,CEG,SPY,276.75,stock_failed_bounce,0.2559,stock_downside_continuation,0.2029,stock_event_risk,0.117,43.71,risk_off_pressure,supportive,58.2,50.84,55.61,53.96,37.0,0.5467,-0.0067,0.1125,0.56,87.5,"{""expected"": 276.46, ""lower"": 272.43, ""upper"": 280.49}","{""bounce_target_zone"": {""base"": 281.66, ""conservative"": 281.66, ""extended"": 293.54, ""meaning"": ""概率反抽情景参考区间，不是目标价承诺。"", ""not_trading_instruction"": true, ""source"": ""scenario_path + atr + recent_resistance""}, ""breakdown_level"": {""confidence"": ""low"", ""distance_pct"": -0.0581, ""meaning"": ""跌破该价位说明个股跌破结构风险上升"", ""not_trading_instruction"": true, ""price"": 260.67, ""source"": ""recent_low + risk_activation""}, ""breakout_level"": {""confidence"": ""low"", ""distance_pct"": 0.037, ""meaning"": ""突破该价位说明个股突破情景需要重新评估"", ""not_trading_instruction"": true, ""price"": 287.0, ""source"": ""recent_high + primary_confirmation""}, ""failed_bounce_warning_zone"": {""critical_warning"": 260.67, ""first_warning"": 273.07, ""meaning"": ""跌入该区间说明失败反抽风险上升。"", ""not_trading_instruction"": true, ""source"": ""risk_path + atr + recent_support""}, ""nearest_resistance"": {""confidence"": ""low"", ""distance_pct"": 0.0355, ""meaning"": ""最近阻力代理，来自近期高点和 ATR 区间"", ""not_trading_instruction"": true, ""price"": 286.57, ""source"": ""price_structure + volatility_band""}, ""nearest_support"": {""confidence"": ""low"", ""distance_pct"": -0.0236, ""meaning"": ""最近支撑代理，来自近期低点和 ATR 区间"", ""not_trading_instruction"": true, ""price"": 270.21, ""source"": ""price_structure + volatility_band""}, ""primary_confirmation_level"": {""confidence"": ""low"", ""distance_pct"": 0.037, ""meaning"": ""站上该价位说明个股主路径正在兑现"", ""not_trading_instruction"": true, ""price"": 287.0, ""source"": ""price_structure + scenario_path""}, ""primary_invalidation_level"": {""confidence"": ""low"", ""distance_pct"": -0.0581, ""meaning"": ""跌破该价位说明个股主路径失效概率上升"", ""not_trading_instruction"": true, ""price"": 260.67, ""source"": ""recent_low + volatility_band""}, ""risk_scenario_activation_level"": {""confidence"": ""low"", ""distance_pct"": -0.0581, ""meaning"": ""跌破该价位说明个股风险路径权重上升"", ""not_trading_instruction"": true, ""price"": 260.67, ""source"": ""volatility_band""}, ""trend_repair_confirmation_level"": {""confidence"": ""low"", ""distance_pct"": 0.037, ""meaning"": ""突破该价位说明个股趋势修复概率提高"", ""not_trading_instruction"": true, ""price"": 287.0, ""source"": ""recent_high + scenario_path""}}","{""conflicting"": [""大盘风险背景压低个股置信度"", ""个股 Alpha 评分已接入"", ""主路径和第二路径差距较小""], ""market_context"": ""risk_off_pressure"", ""missing"": [""options_volatility"", ""single_stock_options""], ""price_close"": 276.75, ""sector_relative_strength_20d"": 0.0898, ""supporting"": [""个股跑赢所属板块"", ""基础财务指标偏支持"", ""历史相似结构支持主路径""]}","{""10d"": 274.59, ""1d"": 276.46, ""20d"": 274.48, ""3d"": 275.91, ""5d"": 275.36, ""60d"": 274.9}",,,,,,,,,,,,,,,,,,,,,,,,,,,not_yet_validated,pending,,,,,,,,,,,,false
84455dc8de9c7dc5374a,2026-08-28,stock,stock_baseline_v1,NVDA,NVDA,QQQ,217.5500030517578,stock_failed_bounce,0.2407,stock_downside_continuation,0.173,stock_event_risk,0.139,52.55,risk_off_pressure,supportive,55.81,71.84,62.16,100,59.0,0.6498,-0.0028,0.1201,0.66,87.5,"{""expected"": 217.38, ""lower"": 214.0, ""upper"": 220.76}","{""bounce_target_zone"": {""base"": 221.68, ""conservative"": 221.68, ""extended"": 235.97, ""meaning"": ""概率反抽情景参考区间，不是目标价承诺。"", ""not_trading_instruction"": true, ""source"": ""scenario_path + atr + recent_resistance""}, ""breakdown_level"": {""confidence"": ""low"", ""distance_pct"": -0.0952, ""meaning"": ""跌破该价位说明个股跌破结构风险上升"", ""not_trading_instruction"": true, ""price"": 196.85, ""source"": ""recent_low + risk_activation""}, ""breakout_level"": {""confidence"": ""low"", ""distance_pct"": 0.0594, ""meaning"": ""突破该价位说明个股突破情景需要重新评估"", ""not_trading_instruction"": true, ""price"": 230.47, ""source"": ""recent_high + primary_confirmation""}, ""failed_bounce_warning_zone"": {""critical_warning"": 196.85, ""first_warning"": 214.46, ""meaning"": ""跌入该区间说明失败反抽风险上升。"", ""not_trading_instruction"": true, ""source"": ""risk_path + atr + recent_support""}, ""nearest_resistance"": {""confidence"": ""low"", ""distance_pct"": 0.0379, ""meaning"": ""最近阻力代理，来自近期高点和 ATR 区间"", ""not_trading_instruction"": true, ""price"": 225.8, ""source"": ""price_structure + volatility_band""}, ""nearest_support"": {""confidence"": ""low"", ""distance_pct"": -0.0253, ""meaning"": ""最近支撑代理，来自近期低点和 ATR 区间"", ""not_trading_instruction"": true, ""price"": 212.05, ""source"": ""price_structure + volatility_band""}, ""primary_confirmation_level"": {""confidence"": ""low"", ""distance_pct"": 0.0594, ""meaning"": ""站上该价位说明个股主路径正在兑现"", ""not_trading_instruction"": true, ""price"": 230.47, ""source"": ""price_structure + scenario_path""}, ""primary_invalidation_level"": {""confidence"": ""low"", ""distance_pct"": -0.0952, ""meaning"": ""跌破该价位说明个股主路径失效概率上升"", ""not_trading_instruction"": true, ""price"": 196.85, ""source"": ""recent_low + volatility_band""}, ""risk_scenario_activation_level"": {""confidence"": ""low"", ""distance_pct"": -0.0952, ""meaning"": ""跌破该价位说明个股风险路径权重上升"", ""not_trading_instruction"": true, ""price"": 196.85, ""source"": ""volatility_band""}, ""trend_repair_confirmation_level"": {""confidence"": ""low"", ""distance_pct"": 0.0594, ""meaning"": ""突破该价位说明个股趋势修复概率提高"", ""not_trading_instruction"": true, ""price"": 230.47, ""source"": ""recent_high + scenario_path""}}","{""conflicting"": [""大盘风险背景压低个股置信度"", ""公司新闻或财报事件风险上升"", ""主路径和第二路径差距较小""], ""market_context"": ""risk_off_pressure"", ""missing"": [""options_volatility"", ""single_stock_options""], ""price_close"": 217.5500030517578, ""sector_relative_strength_20d"": 0.0247, ""supporting"": [""个股跑赢所属板块"", ""成交量确认当前路径"", ""个股相对强于大盘/benchmark"", ""基础财务指标偏支持""]}","{""10d"": 216.23, ""1d"": 217.38, ""20d"": 216.33, ""3d"": 217.04, ""5d"": 216.69, ""60d"": 216.93}",,,,,,,,,,,,,,,,,,,,,,,,,,,not_yet_validated,pending,,,,,,,,,,,,false
0134afee01c6d96d5f26,2026-08-28,stock,stock_baseline_v1,SMR,SMR,IWM,9.289999961853027,stock_failed_bounce,0.2588,stock_downside_continuation,0.2135,stock_event_risk,0.1394,37.1,risk_off_pressure,supportive,46.98,63.16,41.4,53.96,11.5,0.4962,-0.0215,0.2861,0.53,87.5,"{""expected"": 9.26, ""lower"": 8.92, ""upper"": 9.6}","{""bounce_target_zone"": {""base"": 9.71, ""conservative"": 9.71, ""extended"": 10.82, ""meaning"": ""概率反抽情景参考区间，不是目标价承诺。"", ""not_trading_instruction"": true, ""source"": ""scenario_path + atr + recent_resistance""}, ""breakdown_level"": {""confidence"": ""low"", ""distance_pct"": -0.1076, ""meaning"": ""跌破该价位说明个股跌破结构风险上升"", ""not_trading_instruction"": true, ""price"": 8.29, ""source"": ""recent_low + risk_activation""}, ""breakout_level"": {""confidence"": ""low"", ""distance_pct"": 0.1039, ""meaning"": ""突破该价位说明个股突破情景需要重新评估"", ""not_trading_instruction"": true, ""price"": 10.26, ""source"": ""recent_high + primary_confirmation""}, ""failed_bounce_warning_zone"": {""critical_warning"": 8.29, ""first_warning"": 8.97, ""meaning"": ""跌入该区间说明失败反抽风险上升。"", ""not_trading_instruction"": true, ""source"": ""risk_path + atr + recent_support""}, ""nearest_resistance"": {""confidence"": ""low"", ""distance_pct"": 0.0904, ""meaning"": ""最近阻力代理，来自近期高点和 ATR 区间"", ""not_trading_instruction"": true, ""price"": 10.13, ""source"": ""price_structure + volatility_band""}, ""nearest_support"": {""confidence"": ""low"", ""distance_pct"": -0.0603, ""meaning"": ""最近支撑代理，来自近期低点和 ATR 区间"", ""not_trading_instruction"": true, ""price"": 8.73, ""source"": ""price_structure + volatility_band""}, ""primary_confirmation_level"": {""confidence"": ""low"", ""distance_pct"": 0.1039, ""meaning"": ""站上该价位说明个股主路径正在兑现"", ""not_trading_instruction"": true, ""price"": 10.26, ""source"": ""price_structure + scenario_path""}, ""primary_invalidation_level"": {""confidence"": ""low"", ""distance_pct"": -0.1076, ""meaning"": ""跌破该价位说明个股主路径失效概率上升"", ""not_trading_instruction"": true, ""price"": 8.29, ""source"": ""recent_low + volatility_band""}, ""risk_scenario_activation_level"": {""confidence"": ""low"", ""distance_pct"": -0.1076, ""meaning"": ""跌破该价位说明个股风险路径权重上升"", ""not_trading_instruction"": true, ""price"": 8.29, ""source"": ""volatility_band""}, ""trend_repair_confirmation_level"": {""confidence"": ""low"", ""distance_pct"": 0.1039, ""meaning"": ""突破该价位说明个股趋势修复概率提高"", ""not_trading_instruction"": true, ""price"": 10.26, ""source"": ""recent_high + scenario_path""}}","{""conflicting"": [""大盘风险背景压低个股置信度"", ""个股相对弱于大盘/benchmark"", ""基础财务指标偏弱"", ""个股 Alpha 评分已接入"", ""主路径和第二路径差距较小""], ""market_context"": ""risk_off_pressure"", ""missing"": [""options_volatility"", ""single_stock_options""], ""price_close"": 9.289999961853027, ""sector_relative_strength_20d"": 0.1399, ""supporting"": [""个股跑赢所属板块"", ""成交量确认当前路径""]}","{""10d"": 9.08, ""1d"": 9.26, ""20d"": 9.06, ""3d"": 9.21, ""5d"": 9.15, ""60d"": 9.09}",,,,,,,,,,,,,,,,,,,,,,,,,,,not_yet_validated,pending,,,,,,,,,,,,false
f7b2e00d67d41f80aafb,2026-08-28,stock,stock_baseline_v1,TSLA,TSLA,QQQ,348.75,stock_failed_bounce,0.2708,stock_downside_continuation,0.1912,stock_event_risk,0.1459,39.54,risk_off_pressure,supportive,46.58,59.47,51.71,65.0,5.5,0.4654,-0.0092,0.18,0.4,87.5,"{""expected"": 348.26, ""lower"": 342.15, ""upper"": 354.36}","{""bounce_target_zone"": {""base"": 356.21, ""conservative"": 356.21, ""extended"": 376.44, ""meaning"": ""概率反抽情景参考区间，不是目标价承诺。"", ""not_trading_instruction"": true, ""source"": ""scenario_path + atr + recent_resistance""}, ""breakdown_level"": {""confidence"": ""low"", ""distance_pct"": -0.1099, ""meaning"": ""跌破该价位说明个股跌破结构风险上升"", ""not_trading_instruction"": true, ""price"": 310.43, ""source"": ""recent_low + risk_activation""}, ""breakout_level"": {""confidence"": ""low"", ""distance_pct"": 0.0509, ""meaning"": ""突破该价位说明个股突破情景需要重新评估"", ""not_trading_instruction"": true, ""price"": 366.5, ""source"": ""recent_high + primary_confirmation""}, ""failed_bounce_warning_zone"": {""critical_warning"": 310.43, ""first_warning"": 343.16, ""meaning"": ""跌入该区间说明失败反抽风险上升。"", ""not_trading_instruction"": true, ""source"": ""risk_path + atr + recent_support""}, ""nearest_resistance"": {""confidence"": ""low"", ""distance_pct"": 0.0428, ""meaning"": ""最近阻力代理，来自近期高点和 ATR 区间"", ""not_trading_instruction"": true, ""price"": 363.67, ""source"": ""price_structure + volatility_band""}, ""nearest_support"": {""confidence"": ""low"", ""distance_pct"": -0.0285, ""meaning"": ""最近支撑代理，来自近期低点和 ATR 区间"", ""not_trading_instruction"": true, ""price"": 338.81, ""source"": ""price_structure + volatility_band""}, ""primary_confirmation_level"": {""confidence"": ""low"", ""distance_pct"": 0.0509, ""meaning"": ""站上该价位说明个股主路径正在兑现"", ""not_trading_instruction"": true, ""price"": 366.5, ""source"": ""price_structure + scenario_path""}, ""primary_invalidation_level"": {""confidence"": ""low"", ""distance_pct"": -0.1099, ""meaning"": ""跌破该价位说明个股主路径失效概率上升"", ""not_trading_instruction"": true, ""price"": 310.43, ""source"": ""recent_low + volatility_band""}, ""risk_scenario_activation_level"": {""confidence"": ""low"", ""distance_pct"": -0.1099, ""meaning"": ""跌破该价位说明个股风险路径权重上升"", ""not_trading_instruction"": true, ""price"": 310.43, ""source"": ""volatility_band""}, ""trend_repair_confirmation_level"": {""confidence"": ""low"", ""distance_pct"": 0.0509, ""meaning"": ""突破该价位说明个股趋势修复概率提高"", ""not_trading_instruction"": true, ""price"": 366.5, ""source"": ""recent_high + scenario_path""}}","{""conflicting"": [""大盘风险背景压低个股置信度"", ""公司新闻或财报事件风险上升"", ""个股 Alpha 评分已接入"", ""主路径和第二路径差距较小""], ""market_context"": ""risk_off_pressure"", ""missing"": [""options_volatility"", ""single_stock_options""], ""price_close"": 348.75, ""sector_relative_strength_20d"": 0.111, ""supporting"": [""个股跑赢所属板块"", ""历史相似结构支持主路径""]}","{""10d"": 345.13, ""1d"": 348.26, ""20d"": 344.91, ""3d"": 347.32, ""5d"": 346.41, ""60d"": 345.55}",,,,,,,,,,,,,,,,,,,,,,,,,,,not_yet_validated,pending,,,,,,,,,,,,false
c37b0a98ba086448ff4e,2026-08-31,stock,stock_baseline_v1,CEG,CEG,SPY,274.7699890136719,stock_bounce,0.2568,stock_sideways,0.2025,stock_downside_continuation,0.145,52.56,market_tailwind,supportive,54.81,58.98,50.75,56.52,44.0,0.5492,0.007,0.1087,0.86,87.5,"{""expected"": 274.86, ""lower"": 271.0, ""upper"": 278.73}","{""bounce_target_zone"": {""base"": 284.59, ""conservative"": 280.11, ""extended"": 293.28, ""meaning"": ""概率反抽情景参考区间，不是目标价承诺。"", ""not_trading_instruction"": true, ""source"": ""scenario_path + atr + recent_resistance""}, ""breakdown_level"": {""confidence"": ""low"", ""distance_pct"": -0.0513, ""meaning"": ""跌破该价位说明个股跌破结构风险上升"", ""not_trading_instruction"": true, ""price"": 260.67, ""source"": ""recent_low + risk_activation""}, ""breakout_level"": {""confidence"": ""low"", ""distance_pct"": 0.0445, ""meaning"": ""突破该价位说明个股突破情景需要重新评估"", ""not_trading_instruction"": true, ""price"": 287.0, ""source"": ""recent_high + primary_confirmation""}, ""failed_bounce_warning_zone"": {""critical_warning"": 260.67, ""first_warning"": 271.0, ""meaning"": ""跌入该区间说明失败反抽风险上升。"", ""not_trading_instruction"": true, ""source"": ""risk_path + atr + recent_support""}, ""nearest_resistance"": {""confidence"": ""low"", ""distance_pct"": 0.0343, ""meaning"": ""最近阻力代理，来自近期高点和 ATR 区间"", ""not_trading_instruction"": true, ""price"": 284.19, ""source"": ""price_structure + volatility_band""}, ""nearest_support"": {""confidence"": ""low"", ""distance_pct"": -0.0229, ""meaning"": ""最近支撑代理，来自近期低点和 ATR 区间"", ""not_trading_instruction"": true, ""price"": 268.49, ""source"": ""price_structure + volatility_band""}, ""primary_confirmation_level"": {""confidence"": ""low"", ""distance_pct"": 0.0445, ""meaning"": ""站上该价位说明个股主路径正在兑现"", ""not_trading_instruction"": true, ""price"": 287.0, ""source"": ""price_structure + scenario_path""}, ""primary_invalidation_level"": {""confidence"": ""low"", ""distance_pct"": -0.0513, ""meaning"": ""跌破该价位说明个股主路径失效概率上升"", ""not_trading_instruction"": true, ""price"": 260.67, ""source"": ""recent_low + volatility_band""}, ""risk_scenario_activation_level"": {""confidence"": ""low"", ""distance_pct"": -0.0513, ""meaning"": ""跌破该价位说明个股风险路径权重上升"", ""not_trading_instruction"": true, ""price"": 260.67, ""source"": ""volatility_band""}, ""trend_repair_confirmation_level"": {""confidence"": ""low"", ""distance_pct"": 0.0445, ""meaning"": ""突破该价位说明个股趋势修复概率提高"", ""not_trading_instruction"": true, ""price"": 287.0, ""source"": ""recent_high + scenario_path""}}","{""conflicting"": [""个股 Alpha 评分已接入"", ""主路径和第二路径差距较小""], ""market_context"": ""market_tailwind"", ""missing"": [""options_volatility"", ""single_stock_options""], ""price_close"": 274.7699890136719, ""sector_relative_strength_20d"": 0.0519, ""supporting"": [""大盘背景支持该股主路径"", ""个股跑赢所属板块"", ""基础财务指标偏支持"", ""历史相似结构支持主路径""]}","{""10d"": 275.14, ""1d"": 274.86, ""20d"": 275.68, ""3d"": 274.96, ""5d"": 275.04, ""60d"": 276.7}",,,,,,,,,,,,,,,,,,,,,,,,,,,not_yet_validated,pending,,,,,,,,,,,,false
a748e241e8cc3cfebd30,2026-08-31,stock,stock_baseline_v1,NVDA,NVDA,QQQ,220.77999877929688,stock_failed_bounce,0.2567,stock_downside_continuation,0.1845,stock_event_risk,0.1475,52.18,risk_off_pressure,supportive,65.76,59.37,61.8,100,55.5,0.6377,-0.0063,0.117,0.56,87.5,"{""expected"": 220.54, ""lower"": 217.19, ""upper"": 223.88}","{""bounce_target_zone"": {""base"": 224.87, ""conservative"": 224.87, ""extended"": 235.92, ""meaning"": ""概率反抽情景参考区间，不是目标价承诺。"", ""not_trading_instruction"": true, ""source"": ""scenario_path + atr + recent_resistance""}, ""breakdown_level"": {""confidence"": ""low"", ""distance_pct"": -0.0613, ""meaning"": ""跌破该价位说明个股跌破结构风险上升"", ""not_trading_instruction"": true, ""price"": 207.25, ""source"": ""recent_low + risk_activation""}, ""breakout_level"": {""confidence"": ""low"", ""distance_pct"": 0.0439, ""meaning"": ""突破该价位说明个股突破情景需要重新评估"", ""not_trading_instruction"": true, ""price"": 230.47, ""source"": ""recent_high + primary_confirmation""}, ""failed_bounce_warning_zone"": {""critical_warning"": 207.25, ""first_warning"": 217.72, ""meaning"": ""跌入该区间说明失败反抽风险上升。"", ""not_trading_instruction"": true, ""source"": ""risk_path + atr + recent_support""}, ""nearest_resistance"": {""confidence"": ""low"", ""distance_pct"": 0.037, ""meaning"": ""最近阻力代理，来自近期高点和 ATR 区间"", ""not_trading_instruction"": true, ""price"": 228.95, ""source"": ""price_structure + volatility_band""}, ""nearest_support"": {""confidence"": ""low"", ""distance_pct"": -0.0247, ""meaning"": ""最近支撑代理，来自近期低点和 ATR 区间"", ""not_trading_instruction"": true, ""price"": 215.33, ""source"": ""price_structure + volatility_band""}, ""primary_confirmation_level"": {""confidence"": ""low"", ""distance_pct"": 0.0439, ""meaning"": ""站上该价位说明个股主路径正在兑现"", ""not_trading_instruction"": true, ""price"": 230.47, ""source"": ""price_structure + scenario_path""}, ""primary_invalidation_level"": {""confidence"": ""low"", ""distance_pct"": -0.0613, ""meaning"": ""跌破该价位说明个股主路径失效概率上升"", ""not_trading_instruction"": true, ""price"": 207.25, ""source"": ""recent_low + volatility_band""}, ""risk_scenario_activation_level"": {""confidence"": ""low"", ""distance_pct"": -0.0613, ""meaning"": ""跌破该价位说明个股风险路径权重上升"", ""not_trading_instruction"": true, ""price"": 207.25, ""source"": ""volatility_band""}, ""trend_repair_confirmation_level"": {""confidence"": ""low"", ""distance_pct"": 0.0439, ""meaning"": ""突破该价位说明个股趋势修复概率提高"", ""not_trading_instruction"": true, ""price"": 230.47, ""source"": ""recent_high + scenario_path""}}","{""conflicting"": [""大盘风险背景压低个股置信度"", ""公司新闻或财报事件风险上升"", ""主路径和第二路径差距较小""], ""market_context"": ""risk_off_pressure"", ""missing"": [""options_volatility"", ""single_stock_options""], ""price_close"": 220.77999877929688, ""sector_relative_strength_20d"": 0.0209, ""supporting"": [""个股跑赢所属板块"", ""价格结构支持主路径"", ""基础财务指标偏支持""]}","{""10d"": 219.0, ""1d"": 220.54, ""20d"": 218.95, ""3d"": 220.07, ""5d"": 219.62, ""60d"": 219.38}",,,,,,,,,,,,,,,,,,,,,,,,,,,not_yet_validated,pending,,,,,,,,,,,,false
b0b734aab2fb6c14c7a6,2026-08-31,stock,stock_baseline_v1,SMR,SMR,IWM,9.270000457763672,stock_failed_bounce,0.2573,stock_downside_continuation,0.2183,stock_event_risk,0.1397,35.03,risk_off_pressure,supportive,51.73,49.66,35.52,51.4,7.5,0.4393,-0.0237,0.2736,0.49,87.5,"{""expected"": 9.24, ""lower"": 8.91, ""upper"": 9.57}","{""bounce_target_zone"": {""base"": 9.67, ""conservative"": 9.67, ""extended"": 10.79, ""meaning"": ""概率反抽情景参考区间，不是目标价承诺。"", ""not_trading_instruction"": true, ""source"": ""scenario_path + atr + recent_resistance""}, ""breakdown_level"": {""confidence"": ""low"", ""distance_pct"": -0.0798, ""meaning"": ""跌破该价位说明个股跌破结构风险上升"", ""not_trading_instruction"": true, ""price"": 8.53, ""source"": ""recent_low + risk_activation""}, ""breakout_level"": {""confidence"": ""low"", ""distance_pct"": 0.1063, ""meaning"": ""突破该价位说明个股突破情景需要重新评估"", ""not_trading_instruction"": true, ""price"": 10.26, ""source"": ""recent_high + primary_confirmation""}, ""failed_bounce_warning_zone"": {""critical_warning"": 8.53, ""first_warning"": 8.97, ""meaning"": ""跌入该区间说明失败反抽风险上升。"", ""not_trading_instruction"": true, ""source"": ""risk_path + atr + recent_support""}, ""nearest_resistance"": {""confidence"": ""low"", ""distance_pct"": 0.0864, ""meaning"": ""最近阻力代理，来自近期高点和 ATR 区间"", ""not_trading_instruction"": true, ""price"": 10.07, ""source"": ""price_structure + volatility_band""}, ""nearest_support"": {""confidence"": ""low"", ""distance_pct"": -0.0576, ""meaning"": ""最近支撑代理，来自近期低点和 ATR 区间"", ""not_trading_instruction"": true, ""price"": 8.74, ""source"": ""price_structure + volatility_band""}, ""primary_confirmation_level"": {""confidence"": ""low"", ""distance_pct"": 0.1063, ""meaning"": ""站上该价位说明个股主路径正在兑现"", ""not_trading_instruction"": true, ""price"": 10.26, ""source"": ""price_structure + scenario_path""}, ""primary_invalidation_level"": {""confidence"": ""low"", ""distance_pct"": -0.0798, ""meaning"": ""跌破该价位说明个股主路径失效概率上升"", ""not_trading_instruction"": true, ""price"": 8.53, ""source"": ""recent_low + volatility_band""}, ""risk_scenario_activation_level"": {""confidence"": ""low"", ""distance_pct"": -0.0798, ""meaning"": ""跌破该价位说明个股风险路径权重上升"", ""not_trading_instruction"": true, ""price"": 8.53, ""source"": ""volatility_band""}, ""trend_repair_confirmation_level"": {""confidence"": ""low"", ""distance_pct"": 0.1063, ""meaning"": ""突破该价位说明个股趋势修复概率提高"", ""not_trading_instruction"": true, ""price"": 10.26, ""source"": ""recent_high + scenario_path""}}","{""conflicting"": [""大盘风险背景压低个股置信度"", ""个股相对弱于大盘/benchmark"", ""基础财务指标偏弱"", ""个股 Alpha 评分已接入"", ""主路径和第二路径差距较小""], ""market_context"": ""risk_off_pressure"", ""missing"": [""options_volatility"", ""single_stock_options""], ""price_close"": 9.270000457763672, ""sector_relative_strength_20d"": 0.0769, ""supporting"": [""个股跑赢所属板块""]}","{""10d"": 9.06, ""1d"": 9.24, ""20d"": 9.04, ""3d"": 9.19, ""5d"": 9.13, ""60d"": 9.05}",,,,,,,,,,,,,,,,,,,,,,,,,,,not_yet_validated,pending,,,,,,,,,,,,false
395fa943a7ea61a6702f,2026-08-31,stock,stock_baseline_v1,TSLA,TSLA,QQQ,367.95001220703125,stock_failed_bounce,0.2397,stock_trend_repair,0.1865,stock_downside_continuation,0.1723,51.89,risk_off_pressure,supportive,74.05,87.4,63.38,100,23.5,0.5689,-0.0031,0.1395,0.65,87.5,"{""expected"": 367.58, ""lower"": 360.94, ""upper"": 374.23}","{""bounce_target_zone"": {""base"": 376.05, ""conservative"": 376.05, ""extended"": 379.73, ""meaning"": ""概率反抽情景参考区间，不是目标价承诺。"", ""not_trading_instruction"": true, ""source"": ""scenario_path + atr + recent_resistance""}, ""breakdown_level"": {""confidence"": ""low"", ""distance_pct"": -0.1425, ""meaning"": ""跌破该价位说明个股跌破结构风险上升"", ""not_trading_instruction"": true, ""price"": 315.52, ""source"": ""recent_low + risk_activation""}, ""breakout_level"": {""confidence"": ""low"", ""distance_pct"": 0.0165, ""meaning"": ""突破该价位说明个股突破情景需要重新评估"", ""not_trading_instruction"": true, ""price"": 374.03, ""source"": ""recent_high + primary_confirmation""}, ""failed_bounce_warning_zone"": {""critical_warning"": 315.52, ""first_warning"": 361.47, ""meaning"": ""跌入该区间说明失败反抽风险上升。"", ""not_trading_instruction"": true, ""source"": ""risk_path + atr + recent_support""}, ""nearest_resistance"": {""confidence"": ""low"", ""distance_pct"": 0.0026, ""meaning"": ""最近阻力代理，来自近期高点和 ATR 区间"", ""not_trading_instruction"": true, ""price"": 368.92, ""source"": ""price_structure + volatility_band""}, ""nearest_support"": {""confidence"": ""low"", ""distance_pct"": -0.0294, ""meaning"": ""最近支撑代理，来自近期低点和 ATR 区间"", ""not_trading_instruction"": true, ""price"": 357.14, ""source"": ""price_structure + volatility_band""}, ""primary_confirmation_level"": {""confidence"": ""low"", ""distance_pct"": 0.0165, ""meaning"": ""站上该价位说明个股主路径正在兑现"", ""not_trading_instruction"": true, ""price"": 374.03, ""source"": ""price_structure + scenario_path""}, ""primary_invalidation_level"": {""confidence"": ""low"", ""distance_pct"": -0.1425, ""meaning"": ""跌破该价位说明个股主路径失效概率上升"", ""not_trading_instruction"": true, ""price"": 315.52, ""source"": ""recent_low + volatility_band""}, ""risk_scenario_activation_level"": {""confidence"": ""low"", ""distance_pct"": -0.1425, ""meaning"": ""跌破该价位说明个股风险路径权重上升"", ""not_trading_instruction"": true, ""price"": 315.52, ""source"": ""volatility_band""}, ""trend_repair_confirmation_level"": {""confidence"": ""low"", ""distance_pct"": 0.0026, ""meaning"": ""突破该价位说明个股趋势修复概率提高"", ""not_trading_instruction"": true, ""price"": 368.92, ""source"": ""recent_high + scenario_path""}}","{""conflicting"": [""大盘风险背景压低个股置信度"", ""公司新闻或财报事件风险上升"", ""个股 Alpha 评分已接入"", ""主路径和第二路径差距较小""], ""market_context"": ""risk_off_pressure"", ""missing"": [""options_volatility"", ""single_stock_options""], ""price_close"": 367.95001220703125, ""sector_relative_strength_20d"": 0.1561, ""supporting"": [""个股跑赢所属板块"", ""价格结构支持主路径"", ""成交量确认当前路径"", ""个股相对强于大盘/benchmark"", ""历史相似结构支持主路径""]}","{""10d"": 365.3, ""1d"": 367.58, ""20d"": 365.53, ""3d"": 366.88, ""5d"": 366.19, ""60d"": 366.81}",,,,,,,,,,,,,,,,,,,,,,,,,,,not_yet_validated,pending,,,,,,,,,,,,false
40d2f4779da4022e363d,2026-09-01,stock,stock_baseline_v1,CEG,CEG,SPY,280.30999755859375,stock_failed_bounce,0.2535,stock_downside_continuation,0.201,stock_event_risk,0.117,47.0,risk_off_pressure,supportive,63.22,57.45,58.96,72,39.0,0.5652,-0.0073,0.117,0.54,87.5,"{""expected"": 280.0, ""lower"": 275.75, ""upper"": 284.24}","{""bounce_target_zone"": {""base"": 285.5, ""conservative"": 285.5, ""extended"": 293.91, ""meaning"": ""概率反抽情景参考区间，不是目标价承诺。"", ""not_trading_instruction"": true, ""source"": ""scenario_path + atr + recent_resistance""}, ""breakdown_level"": {""confidence"": ""low"", ""distance_pct"": -0.07, ""meaning"": ""跌破该价位说明个股跌破结构风险上升"", ""not_trading_instruction"": true, ""price"": 260.67, ""source"": ""recent_low + risk_activation""}, ""breakout_level"": {""confidence"": ""low"", ""distance_pct"": 0.0239, ""meaning"": ""突破该价位说明个股突破情景需要重新评估"", ""not_trading_instruction"": true, ""price"": 287.0, ""source"": ""recent_high + primary_confirmation""}, ""failed_bounce_warning_zone"": {""critical_warning"": 260.67, ""first_warning"": 276.42, ""meaning"": ""跌入该区间说明失败反抽风险上升。"", ""not_trading_instruction"": true, ""source"": ""risk_path + atr + recent_support""}, ""nearest_resistance"": {""confidence"": ""low"", ""distance_pct"": 0.0239, ""meaning"": ""最近阻力代理，来自近期高点和 ATR 区间"", ""not_trading_instruction"": true, ""price"": 287.0, ""source"": ""price_structure + volatility_band""}, ""nearest_support"": {""confidence"": ""low"", ""distance_pct"": -0.0247, ""meaning"": ""最近支撑代理，来自近期低点和 ATR 区间"", ""not_trading_instruction"": true, ""price"": 273.4, ""source"": ""price_structure + volatility_band""}, ""primary_confirmation_level"": {""confidence"": ""low"", ""distance_pct"": 0.0239, ""meaning"": ""站上该价位说明个股主路径正在兑现"", ""not_trading_instruction"": true, ""price"": 287.0, ""source"": ""price_structure + scenario_path""}, ""primary_invalidation_level"": {""confidence"": ""low"", ""distance_pct"": -0.07, ""meaning"": ""跌破该价位说明个股主路径失效概率上升"", ""not_trading_instruction"": true, ""price"": 260.67, ""source"": ""recent_low + volatility_band""}, ""risk_scenario_activation_level"": {""confidence"": ""low"", ""distance_pct"": -0.07, ""meaning"": ""跌破该价位说明个股风险路径权重上升"", ""not_trading_instruction"": true, ""price"": 260.67, ""source"": ""volatility_band""}, ""trend_repair_confirmation_level"": {""confidence"": ""low"", ""distance_pct"": 0.0239, ""meaning"": ""突破该价位说明个股趋势修复概率提高"", ""not_trading_instruction"": true, ""price"": 287.0, ""source"": ""recent_high + scenario_path""}}","{""conflicting"": [""大盘风险背景压低个股置信度"", ""个股 Alpha 评分已接入"", ""主路径和第二路径差距较小""], ""market_context"": ""risk_off_pressure"", ""missing"": [""options_volatility"", ""single_stock_options""], ""price_close"": 280.30999755859375, ""sector_relative_strength_20d"": 0.0647, ""supporting"": [""个股跑赢所属板块"", ""价格结构支持主路径"", ""近期公司新闻偏支持"", ""基础财务指标偏支持"", ""历史相似结构支持主路径""]}","{""10d"": 277.99, ""1d"": 280.0, ""20d"": 277.85, ""3d"": 279.41, ""5d"": 278.82, ""60d"": 278.27}",,,,,,,,,,,,,,,,,,,,,,,,,,,not_yet_validated,pending,,,,,,,,,,,,false
7a6630a2df31a9cfa250,2026-09-01,stock,stock_baseline_v1,NVDA,NVDA,QQQ,217.44000244140625,stock_failed_bounce,0.2538,stock_downside_continuation,0.1825,stock_event_risk,0.1458,46.02,market_headwind,neutral,55.71,56.6,63.79,100,47.5,0.6086,-0.0064,0.1167,0.55,87.5,"{""expected"": 217.21, ""lower"": 213.92, ""upper"": 220.49}","{""bounce_target_zone"": {""base"": 221.44, ""conservative"": 221.44, ""extended"": 235.81, ""meaning"": ""概率反抽情景参考区间，不是目标价承诺。"", ""not_trading_instruction"": true, ""source"": ""scenario_path + atr + recent_resistance""}, ""breakdown_level"": {""confidence"": ""low"", ""distance_pct"": -0.0469, ""meaning"": ""跌破该价位说明个股跌破结构风险上升"", ""not_trading_instruction"": true, ""price"": 207.25, ""source"": ""recent_low + risk_activation""}, ""breakout_level"": {""confidence"": ""low"", ""distance_pct"": 0.0599, ""meaning"": ""突破该价位说明个股突破情景需要重新评估"", ""not_trading_instruction"": true, ""price"": 230.47, ""source"": ""recent_high + primary_confirmation""}, ""failed_bounce_warning_zone"": {""critical_warning"": 207.25, ""first_warning"": 214.44, ""meaning"": ""跌入该区间说明失败反抽风险上升。"", ""not_trading_instruction"": true, ""source"": ""risk_path + atr + recent_support""}, ""nearest_resistance"": {""confidence"": ""low"", ""distance_pct"": 0.0368, ""meaning"": ""最近阻力代理，来自近期高点和 ATR 区间"", ""not_trading_instruction"": true, ""price"": 225.45, ""source"": ""price_structure + volatility_band""}, ""nearest_support"": {""confidence"": ""low"", ""distance_pct"": -0.0246, ""meaning"": ""最近支撑代理，来自近期低点和 ATR 区间"", ""not_trading_instruction"": true, ""price"": 212.1, ""source"": ""price_structure + volatility_band""}, ""primary_confirmation_level"": {""confidence"": ""low"", ""distance_pct"": 0.0599, ""meaning"": ""站上该价位说明个股主路径正在兑现"", ""not_trading_instruction"": true, ""price"": 230.47, ""source"": ""price_structure + scenario_path""}, ""primary_invalidation_level"": {""confidence"": ""low"", ""distance_pct"": -0.0469, ""meaning"": ""跌破该价位说明个股主路径失效概率上升"", ""not_trading_instruction"": true, ""price"": 207.25, ""source"": ""recent_low + volatility_band""}, ""risk_scenario_activation_level"": {""confidence"": ""low"", ""distance_pct"": -0.0469, ""meaning"": ""跌破该价位说明个股风险路径权重上升"", ""not_trading_instruction"": true, ""price"": 207.25, ""source"": ""volatility_band""}, ""trend_repair_confirmation_level"": {""confidence"": ""low"", ""distance_pct"": 0.0599, ""meaning"": ""突破该价位说明个股趋势修复概率提高"", ""not_trading_instruction"": true, ""price"": 230.47, ""source"": ""recent_high + scenario_path""}}","{""conflicting"": [""大盘风险背景压低个股置信度"", ""公司新闻或财报事件风险上升"", ""历史相似结构与主路径冲突"", ""个股 Alpha 评分已接入"", ""主路径和第二路径差距较小""], ""market_context"": ""market_headwind"", ""missing"": [""options_volatility"", ""single_stock_options""], ""price_close"": 217.44000244140625, ""sector_relative_strength_20d"": -0.0055, ""supporting"": [""个股相对强于大盘/benchmark"", ""基础财务指标偏支持""]}","{""10d"": 215.72, ""1d"": 217.21, ""20d"": 215.66, ""3d"": 216.76, ""5d"": 216.32, ""60d"": 216.05}",,,,,,,,,,,,,,,,,,,,,,,,,,,not_yet_validated,pending,,,,,,,,,,,,false
1e72108783c4e5721481,2026-09-01,stock,stock_baseline_v1,SMR,SMR,IWM,9.210000038146973,stock_failed_bounce,0.2818,stock_downside_continuation,0.2247,stock_event_risk,0.1334,31.28,risk_off_pressure,neutral,38.65,29.06,37.51,53.96,0,0.3717,-0.0282,0.274,0.46,87.5,"{""expected"": 9.18, ""lower"": 8.85, ""upper"": 9.5}","{""bounce_target_zone"": {""base"": 9.61, ""conservative"": 9.61, ""extended"": 10.79, ""meaning"": ""概率反抽情景参考区间，不是目标价承诺。"", ""not_trading_instruction"": true, ""source"": ""scenario_path + atr + recent_resistance""}, ""breakdown_level"": {""confidence"": ""low"", ""distance_pct"": -0.0793, ""meaning"": ""跌破该价位说明个股跌破结构风险上升"", ""not_trading_instruction"": true, ""price"": 8.48, ""source"": ""recent_low + risk_activation""}, ""breakout_level"": {""confidence"": ""low"", ""distance_pct"": 0.1135, ""meaning"": ""突破该价位说明个股突破情景需要重新评估"", ""not_trading_instruction"": true, ""price"": 10.26, ""source"": ""recent_high + primary_confirmation""}, ""failed_bounce_warning_zone"": {""critical_warning"": 8.53, ""first_warning"": 8.91, ""meaning"": ""跌入该区间说明失败反抽风险上升。"", ""not_trading_instruction"": true, ""source"": ""risk_path + atr + recent_support""}, ""nearest_resistance"": {""confidence"": ""low"", ""distance_pct"": 0.0866, ""meaning"": ""最近阻力代理，来自近期高点和 ATR 区间"", ""not_trading_instruction"": true, ""price"": 10.01, ""source"": ""price_structure + volatility_band""}, ""nearest_support"": {""confidence"": ""low"", ""distance_pct"": -0.0577, ""meaning"": ""最近支撑代理，来自近期低点和 ATR 区间"", ""not_trading_instruction"": true, ""price"": 8.68, ""source"": ""price_structure + volatility_band""}, ""primary_confirmation_level"": {""confidence"": ""low"", ""distance_pct"": 0.1135, ""meaning"": ""站上该价位说明个股主路径正在兑现"", ""not_trading_instruction"": true, ""price"": 10.26, ""source"": ""price_structure + scenario_path""}, ""primary_invalidation_level"": {""confidence"": ""low"", ""distance_pct"": -0.0738, ""meaning"": ""跌破该价位说明个股主路径失效概率上升"", ""not_trading_instruction"": true, ""price"": 8.53, ""source"": ""recent_low + volatility_band""}, ""risk_scenario_activation_level"": {""confidence"": ""low"", ""distance_pct"": -0.0793, ""meaning"": ""跌破该价位说明个股风险路径权重上升"", ""not_trading_instruction"": true, ""price"": 8.48, ""source"": ""volatility_band""}, ""trend_repair_confirmation_level"": {""confidence"": ""low"", ""distance_pct"": 0.1135, ""meaning"": ""突破该价位说明个股趋势修复概率提高"", ""not_trading_instruction"": true, ""price"": 10.26, ""source"": ""recent_high + scenario_path""}}","{""conflicting"": [""大盘风险背景压低个股置信度"", ""价格结构与主路径冲突"", ""成交量不确认当前路径"", ""个股相对弱于大盘/benchmark"", ""基础财务指标偏弱"", ""历史相似结构与主路径冲突"", ""个股 Alpha 评分已接入"", ""主路径和第二路径差距较小""], ""market_context"": ""risk_off_pressure"", ""missing"": [""options_volatility"", ""single_stock_options""], ""price_close"": 9.210000038146973, ""sector_relative_strength_20d"": 0.0111, ""supporting"": [""当前没有足够强的多源支持证据。""]}","{""10d"": 8.97, ""1d"": 9.18, ""20d"": 8.94, ""3d"": 9.12, ""5d"": 9.06, ""60d"": 8.95}",,,,,,,,,,,,,,,,,,,,,,,,,,,not_yet_validated,pending,,,,,,,,,,,,false
73ef20d6b7af19c7ba8b,2026-09-01,stock,stock_baseline_v1,TSLA,TSLA,QQQ,356.0899963378906,stock_failed_bounce,0.2526,stock_downside_continuation,0.1849,stock_event_risk,0.1519,45.54,market_headwind,supportive,58.67,61.29,61.47,100,10.5,0.5102,-0.0078,0.1627,0.51,87.5,"{""expected"": 355.59, ""lower"": 348.83, ""upper"": 362.35}","{""bounce_target_zone"": {""base"": 364.33, ""conservative"": 364.33, ""extended"": 379.91, ""meaning"": ""概率反抽情景参考区间，不是目标价承诺。"", ""not_trading_instruction"": true, ""source"": ""scenario_path + atr + recent_resistance""}, ""breakdown_level"": {""confidence"": ""low"", ""distance_pct"": -0.1139, ""meaning"": ""跌破该价位说明个股跌破结构风险上升"", ""not_trading_instruction"": true, ""price"": 315.52, ""source"": ""recent_low + risk_activation""}, ""breakout_level"": {""confidence"": ""low"", ""distance_pct"": 0.036, ""meaning"": ""突破该价位说明个股突破情景需要重新评估"", ""not_trading_instruction"": true, ""price"": 368.92, ""source"": ""recent_high + primary_confirmation""}, ""failed_bounce_warning_zone"": {""critical_warning"": 315.52, ""first_warning"": 349.91, ""meaning"": ""跌入该区间说明失败反抽风险上升。"", ""not_trading_instruction"": true, ""source"": ""risk_path + atr + recent_support""}, ""nearest_resistance"": {""confidence"": ""low"", ""distance_pct"": 0.036, ""meaning"": ""最近阻力代理，来自近期高点和 ATR 区间"", ""not_trading_instruction"": true, ""price"": 368.92, ""source"": ""price_structure + volatility_band""}, ""nearest_support"": {""confidence"": ""low"", ""distance_pct"": -0.0308, ""meaning"": ""最近支撑代理，来自近期低点和 ATR 区间"", ""not_trading_instruction"": true, ""price"": 345.1, ""source"": ""price_structure + volatility_band""}, ""primary_confirmation_level"": {""confidence"": ""low"", ""distance_pct"": 0.036, ""meaning"": ""站上该价位说明个股主路径正在兑现"", ""not_trading_instruction"": true, ""price"": 368.92, ""source"": ""price_structure + scenario_path""}, ""primary_invalidation_level"": {""confidence"": ""low"", ""distance_pct"": -0.1139, ""meaning"": ""跌破该价位说明个股主路径失效概率上升"", ""not_trading_instruction"": true, ""price"": 315.52, ""source"": ""recent_low + volatility_band""}, ""risk_scenario_activation_level"": {""confidence"": ""low"", ""distance_pct"": -0.1139, ""meaning"": ""跌破该价位说明个股风险路径权重上升"", ""not_trading_instruction"": true, ""price"": 315.52, ""source"": ""volatility_band""}, ""trend_repair_confirmation_level"": {""confidence"": ""low"", ""distance_pct"": 0.036, ""meaning"": ""突破该价位说明个股趋势修复概率提高"", ""not_trading_instruction"": true, ""price"": 368.92, ""source"": ""recent_high + scenario_path""}}","{""conflicting"": [""大盘风险背景压低个股置信度"", ""公司新闻或财报事件风险上升"", ""个股 Alpha 评分已接入"", ""主路径和第二路径差距较小""], ""market_context"": ""market_headwind"", ""missing"": [""options_volatility"", ""single_stock_options""], ""price_close"": 356.0899963378906, ""sector_relative_strength_20d"": 0.1184, ""supporting"": [""个股跑赢所属板块"", ""历史相似结构支持主路径""]}","{""10d"": 352.52, ""1d"": 355.59, ""20d"": 352.43, ""3d"": 354.66, ""5d"": 353.75, ""60d"": 353.33}",,,,,,,,,,,,,,,,,,,,,,,,,,,not_yet_validated,pending,,,,,,,,,,,,false
3e47c5727e52d83f528a,2026-09-02,stock,stock_baseline_v1,CEG,CEG,SPY,290.0400085449219,stock_failed_bounce,0.2274,stock_trend_repair,0.2162,stock_downside_continuation,0.1803,48.82,risk_off_pressure,supportive,73.66,63.82,78.98,67.76,49.0,0.656,-0.0001,0.1174,0.73,87.5,"{""expected"": 289.87, ""lower"": 285.46, ""upper"": 294.28}","{""bounce_target_zone"": {""base"": 295.42, ""conservative"": 295.42, ""extended"": 297.98, ""meaning"": ""概率反抽情景参考区间，不是目标价承诺。"", ""not_trading_instruction"": true, ""source"": ""scenario_path + atr + recent_resistance""}, ""breakdown_level"": {""confidence"": ""low"", ""distance_pct"": -0.1012, ""meaning"": ""跌破该价位说明个股跌破结构风险上升"", ""not_trading_instruction"": true, ""price"": 260.67, ""source"": ""recent_low + risk_activation""}, ""breakout_level"": {""confidence"": ""low"", ""distance_pct"": 0.0139, ""meaning"": ""突破该价位说明个股突破情景需要重新评估"", ""not_trading_instruction"": true, ""price"": 294.08, ""source"": ""recent_high + primary_confirmation""}, ""failed_bounce_warning_zone"": {""critical_warning"": 260.67, ""first_warning"": 285.74, ""meaning"": ""跌入该区间说明失败反抽风险上升。"", ""not_trading_instruction"": true, ""source"": ""risk_path + atr + recent_support""}, ""nearest_resistance"": {""confidence"": ""low"", ""distance_pct"": 0.0027, ""meaning"": ""最近阻力代理，来自近期高点和 ATR 区间"", ""not_trading_instruction"": true, ""price"": 290.81, ""source"": ""price_structure + volatility_band""}, ""nearest_support"": {""confidence"": ""low"", ""distance_pct"": -0.0247, ""meaning"": ""最近支撑代理，来自近期低点和 ATR 区间"", ""not_trading_instruction"": true, ""price"": 282.87, ""source"": ""price_structure + volatility_band""}, ""primary_confirmation_level"": {""confidence"": ""low"", ""distance_pct"": 0.0139, ""meaning"": ""站上该价位说明个股主路径正在兑现"", ""not_trading_instruction"": true, ""price"": 294.08, ""source"": ""price_structure + scenario_path""}, ""primary_invalidation_level"": {""confidence"": ""low"", ""distance_pct"": -0.1012, ""meaning"": ""跌破该价位说明个股主路径失效概率上升"", ""not_trading_instruction"": true, ""price"": 260.67, ""source"": ""recent_low + volatility_band""}, ""risk_scenario_activation_level"": {""confidence"": ""low"", ""distance_pct"": -0.1012, ""meaning"": ""跌破该价位说明个股风险路径权重上升"", ""not_trading_instruction"": true, ""price"": 260.67, ""source"": ""volatility_band""}, ""trend_repair_confirmation_level"": {""confidence"": ""low"", ""distance_pct"": 0.0027, ""meaning"": ""突破该价位说明个股趋势修复概率提高"", ""not_trading_instruction"": true, ""price"": 290.81, ""source"": ""recent_high + scenario_path""}}","{""conflicting"": [""大盘风险背景压低个股置信度"", ""历史相似结构与主路径冲突"", ""个股 Alpha 评分已接入"", ""主路径和第二路径差距较小""], ""market_context"": ""risk_off_pressure"", ""missing"": [""options_volatility"", ""single_stock_options""], ""price_close"": 290.0400085449219, ""sector_relative_strength_20d"": 0.1167, ""supporting"": [""个股跑赢所属板块"", ""价格结构支持主路径"", ""成交量确认当前路径"", ""个股相对强于大盘/benchmark"", ""近期公司新闻偏支持"", ""基础财务指标偏支持""]}","{""10d"": 288.73, ""1d"": 289.87, ""20d"": 289.02, ""3d"": 289.53, ""5d"": 289.17, ""60d"": 290.02}",,,,,,,,,,,,,,,,,,,,,,,,,,,not_yet_validated,pending,,,,,,,,,,,,false
ca8a2186c763a5d3ced1,2026-09-02,stock,stock_baseline_v1,NVDA,NVDA,QQQ,224.41000366210938,stock_failed_bounce,0.244,stock_downside_continuation,0.1754,stock_event_risk,0.1412,52.47,market_headwind,supportive,71.29,64.82,63.95,100,61.0,0.6519,-0.0045,0.1216,0.6,87.5,"{""expected"": 224.2, ""lower"": 220.67, ""upper"": 227.73}","{""bounce_target_zone"": {""base"": 228.71, ""conservative"": 228.71, ""extended"": 236.21, ""meaning"": ""概率反抽情景参考区间，不是目标价承诺。"", ""not_trading_instruction"": true, ""source"": ""scenario_path + atr + recent_resistance""}, ""breakdown_level"": {""confidence"": ""low"", ""distance_pct"": -0.0765, ""meaning"": ""跌破该价位说明个股跌破结构风险上升"", ""not_trading_instruction"": true, ""price"": 207.25, ""source"": ""recent_low + risk_activation""}, ""breakout_level"": {""confidence"": ""low"", ""distance_pct"": 0.027, ""meaning"": ""突破该价位说明个股突破情景需要重新评估"", ""not_trading_instruction"": true, ""price"": 230.47, ""source"": ""recent_high + primary_confirmation""}, ""failed_bounce_warning_zone"": {""critical_warning"": 207.25, ""first_warning"": 221.18, ""meaning"": ""跌入该区间说明失败反抽风险上升。"", ""not_trading_instruction"": true, ""source"": ""risk_path + atr + recent_support""}, ""nearest_resistance"": {""confidence"": ""low"", ""distance_pct"": 0.027, ""meaning"": ""最近阻力代理，来自近期高点和 ATR 区间"", ""not_trading_instruction"": true, ""price"": 230.47, ""source"": ""price_structure + volatility_band""}, ""nearest_support"": {""confidence"": ""low"", ""distance_pct"": -0.0256, ""meaning"": ""最近支撑代理，来自近期低点和 ATR 区间"", ""not_trading_instruction"": true, ""price"": 218.67, ""source"": ""price_structure + volatility_band""}, ""primary_confirmation_level"": {""confidence"": ""low"", ""distance_pct"": 0.027, ""meaning"": ""站上该价位说明个股主路径正在兑现"", ""not_trading_instruction"": true, ""price"": 230.47, ""source"": ""price_structure + scenario_path""}, ""primary_invalidation_level"": {""confidence"": ""low"", ""distance_pct"": -0.0765, ""meaning"": ""跌破该价位说明个股主路径失效概率上升"", ""not_trading_instruction"": true, ""price"": 207.25, ""source"": ""recent_low + volatility_band""}, ""risk_scenario_activation_level"": {""confidence"": ""low"", ""distance_pct"": -0.0765, ""meaning"": ""跌破该价位说明个股风险路径权重上升"", ""not_trading_instruction"": true, ""price"": 207.25, ""source"": ""volatility_band""}, ""trend_repair_confirmation_level"": {""confidence"": ""low"", ""distance_pct"": 0.027, ""meaning"": ""突破该价位说明个股趋势修复概率提高"", ""not_trading_instruction"": true, ""price"": 230.47, ""source"": ""recent_high + scenario_path""}}","{""conflicting"": [""大盘风险背景压低个股置信度"", ""公司新闻或财报事件风险上升"", ""历史相似结构与主路径冲突"", ""主路径和第二路径差距较小""], ""market_context"": ""market_headwind"", ""missing"": [""options_volatility"", ""single_stock_options""], ""price_close"": 224.41000366210938, ""sector_relative_strength_20d"": 0.0361, ""supporting"": [""个股跑赢所属板块"", ""价格结构支持主路径"", ""成交量确认当前路径"", ""个股相对强于大盘/benchmark"", ""基础财务指标偏支持""]}","{""10d"": 222.84, ""1d"": 224.2, ""20d"": 222.87, ""3d"": 223.8, ""5d"": 223.39, ""60d"": 223.41}",,,,,,,,,,,,,,,,,,,,,,,,,,,not_yet_validated,pending,,,,,,,,,,,,false
269affc27e1499f90b8d,2026-09-02,stock,stock_baseline_v1,SMR,SMR,IWM,9.5600004196167,stock_failed_bounce,0.2462,stock_downside_continuation,0.1953,stock_event_risk,0.1484,36.35,risk_off_pressure,supportive,62.25,54.72,43.74,51.4,9.5,0.4487,-0.0188,0.2584,0.5,87.5,"{""expected"": 9.53, ""lower"": 9.21, ""upper"": 9.85}","{""bounce_target_zone"": {""base"": 9.95, ""conservative"": 9.95, ""extended"": 10.78, ""meaning"": ""概率反抽情景参考区间，不是目标价承诺。"", ""not_trading_instruction"": true, ""source"": ""scenario_path + atr + recent_resistance""}, ""breakdown_level"": {""confidence"": ""low"", ""distance_pct"": -0.1077, ""meaning"": ""跌破该价位说明个股跌破结构风险上升"", ""not_trading_instruction"": true, ""price"": 8.53, ""source"": ""recent_low + risk_activation""}, ""breakout_level"": {""confidence"": ""low"", ""distance_pct"": 0.0727, ""meaning"": ""突破该价位说明个股突破情景需要重新评估"", ""not_trading_instruction"": true, ""price"": 10.26, ""source"": ""recent_high + primary_confirmation""}, ""failed_bounce_warning_zone"": {""critical_warning"": 8.53, ""first_warning"": 9.27, ""meaning"": ""跌入该区间说明失败反抽风险上升。"", ""not_trading_instruction"": true, ""source"": ""risk_path + atr + recent_support""}, ""nearest_resistance"": {""confidence"": ""low"", ""distance_pct"": 0.0727, ""meaning"": ""最近阻力代理，来自近期高点和 ATR 区间"", ""not_trading_instruction"": true, ""price"": 10.26, ""source"": ""price_structure + volatility_band""}, ""nearest_support"": {""confidence"": ""low"", ""distance_pct"": -0.0544, ""meaning"": ""最近支撑代理，来自近期低点和 ATR 区间"", ""not_trading_instruction"": true, ""price"": 9.04, ""source"": ""price_structure + volatility_band""}, ""primary_confirmation_level"": {""confidence"": ""low"", ""distance_pct"": 0.0727, ""meaning"": ""站上该价位说明个股主路径正在兑现"", ""not_trading_instruction"": true, ""price"": 10.26, ""source"": ""price_structure + scenario_path""}, ""primary_invalidation_level"": {""confidence"": ""low"", ""distance_pct"": -0.1077, ""meaning"": ""跌破该价位说明个股主路径失效概率上升"", ""not_trading_instruction"": true, ""price"": 8.53, ""source"": ""recent_low + volatility_band""}, ""risk_scenario_activation_level"": {""confidence"": ""low"", ""distance_pct"": -0.1077, ""meaning"": ""跌破该价位说明个股风险路径权重上升"", ""not_trading_instruction"": true, ""price"": 8.53, ""source"": ""volatility_band""}, ""trend_repair_confirmation_level"": {""confidence"": ""low"", ""distance_pct"": 0.0727, ""meaning"": ""突破该价位说明个股趋势修复概率提高"", ""not_trading_instruction"": true, ""price"": 10.26, ""source"": ""recent_high + scenario_path""}}","{""conflicting"": [""大盘风险背景压低个股置信度"", ""基础财务指标偏弱"", ""历史相似结构与主路径冲突"", ""个股 Alpha 评分已接入"", ""主路径和第二路径差距较小""], ""market_context"": ""risk_off_pressure"", ""missing"": [""options_volatility"", ""single_stock_options""], ""price_close"": 9.5600004196167, ""sector_relative_strength_20d"": 0.0419, ""supporting"": [""个股跑赢所属板块"", ""价格结构支持主路径""]}","{""10d"": 9.37, ""1d"": 9.53, ""20d"": 9.36, ""3d"": 9.49, ""5d"": 9.44, ""60d"": 9.38}",,,,,,,,,,,,,,,,,,,,,,,,,,,not_yet_validated,pending,,,,,,,,,,,,false
0f8588534b23bb2a9518,2026-09-02,stock,stock_baseline_v1,TSLA,TSLA,QQQ,357.010009765625,stock_failed_bounce,0.2519,stock_downside_continuation,0.1827,stock_event_risk,0.1504,45.69,market_headwind,supportive,60.78,59.42,61.3,100,11.5,0.5232,-0.0069,0.1606,0.51,87.5,"{""expected"": 356.54, ""lower"": 349.99, ""upper"": 363.09}","{""bounce_target_zone"": {""base"": 365.0, ""conservative"": 365.0, ""extended"": 379.58, ""meaning"": ""概率反抽情景参考区间，不是目标价承诺。"", ""not_trading_instruction"": true, ""source"": ""scenario_path + atr + recent_resistance""}, ""breakdown_level"": {""confidence"": ""low"", ""distance_pct"": -0.1162, ""meaning"": ""跌破该价位说明个股跌破结构风险上升"", ""not_trading_instruction"": true, ""price"": 315.52, ""source"": ""recent_low + risk_activation""}, ""breakout_level"": {""confidence"": ""low"", ""distance_pct"": 0.0334, ""meaning"": ""突破该价位说明个股突破情景需要重新评估"", ""not_trading_instruction"": true, ""price"": 368.92, ""source"": ""recent_high + primary_confirmation""}, ""failed_bounce_warning_zone"": {""critical_warning"": 315.52, ""first_warning"": 351.01, ""meaning"": ""跌入该区间说明失败反抽风险上升。"", ""not_trading_instruction"": true, ""source"": ""risk_path + atr + recent_support""}, ""nearest_resistance"": {""confidence"": ""low"", ""distance_pct"": 0.0334, ""meaning"": ""最近阻力代理，来自近期高点和 ATR 区间"", ""not_trading_instruction"": true, ""price"": 368.92, ""source"": ""price_structure + volatility_band""}, ""nearest_support"": {""confidence"": ""low"", ""distance_pct"": -0.0299, ""meaning"": ""最近支撑代理，来自近期低点和 ATR 区间"", ""not_trading_instruction"": true, ""price"": 346.35, ""source"": ""price_structure + volatility_band""}, ""primary_confirmation_level"": {""confidence"": ""low"", ""distance_pct"": 0.0334, ""meaning"": ""站上该价位说明个股主路径正在兑现"", ""not_trading_instruction"": true, ""price"": 368.92, ""source"": ""price_structure + scenario_path""}, ""primary_invalidation_level"": {""confidence"": ""low"", ""distance_pct"": -0.1162, ""meaning"": ""跌破该价位说明个股主路径失效概率上升"", ""not_trading_instruction"": true, ""price"": 315.52, ""source"": ""recent_low + volatility_band""}, ""risk_scenario_activation_level"": {""confidence"": ""low"", ""distance_pct"": -0.1162, ""meaning"": ""跌破该价位说明个股风险路径权重上升"", ""not_trading_instruction"": true, ""price"": 315.52, ""source"": ""volatility_band""}, ""trend_repair_confirmation_level"": {""confidence"": ""low"", ""distance_pct"": 0.0334, ""meaning"": ""突破该价位说明个股趋势修复概率提高"", ""not_trading_instruction"": true, ""price"": 368.92, ""source"": ""recent_high + scenario_path""}}","{""conflicting"": [""大盘风险背景压低个股置信度"", ""公司新闻或财报事件风险上升"", ""个股 Alpha 评分已接入"", ""主路径和第二路径差距较小""], ""market_context"": ""market_headwind"", ""missing"": [""options_volatility"", ""single_stock_options""], ""price_close"": 357.010009765625, ""sector_relative_strength_20d"": 0.1393, ""supporting"": [""个股跑赢所属板块"", ""历史相似结构支持主路径""]}","{""10d"": 353.65, ""1d"": 356.54, ""20d"": 353.61, ""3d"": 355.66, ""5d"": 354.8, ""60d"": 354.54}",,,,,,,,,,,,,,,,,,,,,,,,,,,not_yet_validated,pending,,,,,,,,,,,,false
1a0b5aa8ec69f18cf5cc,2026-09-03,stock,stock_baseline_v1,CEG,CEG,SPY,285.04998779296875,stock_failed_bounce,0.2285,stock_trend_repair,0.2023,stock_downside_continuation,0.1812,47.8,market_headwind,supportive,63.64,66.95,72.97,72,53.5,0.6626,-0.0006,0.1254,0.72,87.5,"{""expected"": 284.87, ""lower"": 280.24, ""upper"": 289.5}","{""bounce_target_zone"": {""base"": 290.69, ""conservative"": 290.69, ""extended"": 304.14, ""meaning"": ""概率反抽情景参考区间，不是目标价承诺。"", ""not_trading_instruction"": true, ""source"": ""scenario_path + atr + recent_resistance""}, ""breakdown_level"": {""confidence"": ""low"", ""distance_pct"": -0.0831, ""meaning"": ""跌破该价位说明个股跌破结构风险上升"", ""not_trading_instruction"": true, ""price"": 261.37, ""source"": ""recent_low + risk_activation""}, ""breakout_level"": {""confidence"": ""low"", ""distance_pct"": 0.0406, ""meaning"": ""突破该价位说明个股突破情景需要重新评估"", ""not_trading_instruction"": true, ""price"": 296.62, ""source"": ""recent_high + primary_confirmation""}, ""failed_bounce_warning_zone"": {""critical_warning"": 261.37, ""first_warning"": 280.53, ""meaning"": ""跌入该区间说明失败反抽风险上升。"", ""not_trading_instruction"": true, ""source"": ""risk_path + atr + recent_support""}, ""nearest_resistance"": {""confidence"": ""low"", ""distance_pct"": 0.0396, ""meaning"": ""最近阻力代理，来自近期高点和 ATR 区间"", ""not_trading_instruction"": true, ""price"": 296.33, ""source"": ""price_structure + volatility_band""}, ""nearest_support"": {""confidence"": ""low"", ""distance_pct"": -0.0264, ""meaning"": ""最近支撑代理，来自近期低点和 ATR 区间"", ""not_trading_instruction"": true, ""price"": 277.53, ""source"": ""price_structure + volatility_band""}, ""primary_confirmation_level"": {""confidence"": ""low"", ""distance_pct"": 0.0406, ""meaning"": ""站上该价位说明个股主路径正在兑现"", ""not_trading_instruction"": true, ""price"": 296.62, ""source"": ""price_structure + scenario_path""}, ""primary_invalidation_level"": {""confidence"": ""low"", ""distance_pct"": -0.0831, ""meaning"": ""跌破该价位说明个股主路径失效概率上升"", ""not_trading_instruction"": true, ""price"": 261.37, ""source"": ""recent_low + volatility_band""}, ""risk_scenario_activation_level"": {""confidence"": ""low"", ""distance_pct"": -0.0831, ""meaning"": ""跌破该价位说明个股风险路径权重上升"", ""not_trading_instruction"": true, ""price"": 261.37, ""source"": ""volatility_band""}, ""trend_repair_confirmation_level"": {""confidence"": ""low"", ""distance_pct"": 0.0406, ""meaning"": ""突破该价位说明个股趋势修复概率提高"", ""not_trading_instruction"": true, ""price"": 296.62, ""source"": ""recent_high + scenario_path""}}","{""conflicting"": [""大盘风险背景压低个股置信度"", ""历史相似结构与主路径冲突"", ""个股 Alpha 评分已接入"", ""主路径和第二路径差距较小""], ""market_context"": ""market_headwind"", ""missing"": [""options_volatility"", ""single_stock_options""], ""price_close"": 285.04998779296875, ""sector_relative_strength_20d"": 0.0998, ""supporting"": [""个股跑赢所属板块"", ""价格结构支持主路径"", ""成交量确认当前路径"", ""个股相对强于大盘/benchmark"", ""近期公司新闻偏支持"", ""基础财务指标偏支持""]}","{""10d"": 283.63, ""1d"": 284.87, ""20d"": 283.89, ""3d"": 284.5, ""5d"": 284.11, ""60d"": 284.88}",,,,,,,,,,,,,,,,,,,,,,,,,,,not_yet_validated,pending,2,failed_bounce_risk,MODERATE_OPPORTUNITY,63.27,53.5,62.99,61.44,48.09,"{""high"": 289.5, ""low"": 280.24, ""mid"": 284.87, ""range_pct"": 0.0325}",,,true
423c1e1a2f5a0ee8efb3,2026-09-03,stock,stock_baseline_v1,NVDA,NVDA,QQQ,228.4499969482422,stock_failed_bounce,0.2609,stock_downside_continuation,0.1875,stock_event_risk,0.1513,50.96,market_headwind,supportive,66.25,61.22,64.52,100,55.5,0.6332,-0.0077,0.1227,0.53,87.5,"{""expected"": 228.16, ""lower"": 224.53, ""upper"": 231.79}","{""bounce_target_zone"": {""base"": 232.88, ""conservative"": 232.88, ""extended"": 236.38, ""meaning"": ""概率反抽情景参考区间，不是目标价承诺。"", ""not_trading_instruction"": true, ""source"": ""scenario_path + atr + recent_resistance""}, ""breakdown_level"": {""confidence"": ""low"", ""distance_pct"": -0.0928, ""meaning"": ""跌破该价位说明个股跌破结构风险上升"", ""not_trading_instruction"": true, ""price"": 207.25, ""source"": ""recent_low + risk_activation""}, ""breakout_level"": {""confidence"": ""low"", ""distance_pct"": 0.0146, ""meaning"": ""突破该价位说明个股突破情景需要重新评估"", ""not_trading_instruction"": true, ""price"": 231.77, ""source"": ""recent_high + primary_confirmation""}, ""failed_bounce_warning_zone"": {""critical_warning"": 207.25, ""first_warning"": 225.13, ""meaning"": ""跌入该区间说明失败反抽风险上升。"", ""not_trading_instruction"": true, ""source"": ""risk_path + atr + recent_support""}, ""nearest_resistance"": {""confidence"": ""low"", ""distance_pct"": 0.0088, ""meaning"": ""最近阻力代理，来自近期高点和 ATR 区间"", ""not_trading_instruction"": true, ""price"": 230.47, ""source"": ""price_structure + volatility_band""}, ""nearest_support"": {""confidence"": ""low"", ""distance_pct"": -0.0259, ""meaning"": ""最近支撑代理，来自近期低点和 ATR 区间"", ""not_trading_instruction"": true, ""price"": 222.54, ""source"": ""price_structure + volatility_band""}, ""primary_confirmation_level"": {""confidence"": ""low"", ""distance_pct"": 0.0146, ""meaning"": ""站上该价位说明个股主路径正在兑现"", ""not_trading_instruction"": true, ""price"": 231.77, ""source"": ""price_structure + scenario_path""}, ""primary_invalidation_level"": {""confidence"": ""low"", ""distance_pct"": -0.0928, ""meaning"": ""跌破该价位说明个股主路径失效概率上升"", ""not_trading_instruction"": true, ""price"": 207.25, ""source"": ""recent_low + volatility_band""}, ""risk_scenario_activation_level"": {""confidence"": ""low"", ""distance_pct"": -0.0928, ""meaning"": ""跌破该价位说明个股风险路径权重上升"", ""not_trading_instruction"": true, ""price"": 207.25, ""source"": ""volatility_band""}, ""trend_repair_confirmation_level"": {""confidence"": ""low"", ""distance_pct"": 0.0088, ""meaning"": ""突破该价位说明个股趋势修复概率提高"", ""not_trading_instruction"": true, ""price"": 230.47, ""source"": ""recent_high + scenario_path""}}","{""conflicting"": [""大盘风险背景压低个股置信度"", ""公司新闻或财报事件风险上升"", ""历史相似结构与主路径冲突"", ""主路径和第二路径差距较小""], ""market_context"": ""market_headwind"", ""missing"": [""options_volatility"", ""single_stock_options""], ""price_close"": 228.4499969482422, ""sector_relative_strength_20d"": 0.0397, ""supporting"": [""个股跑赢所属板块"", ""价格结构支持主路径"", ""个股相对强于大盘/benchmark"", ""基础财务指标偏支持""]}","{""10d"": 226.36, ""1d"": 228.16, ""20d"": 226.27, ""3d"": 227.61, ""5d"": 227.08, ""60d"": 226.7}",,,,,,,,,,,,,,,,,,,,,,,,,,,not_yet_validated,pending,3,failed_bounce_risk,MODERATE_OPPORTUNITY,58.4,55.5,57.25,64.08,48.71,"{""high"": 231.79, ""low"": 224.53, ""mid"": 228.16, ""range_pct"": 0.0318}",,,true
02b1c39de0a39d0fbf2f,2026-09-03,stock,stock_baseline_v1,SMR,SMR,IWM,9.75,stock_failed_bounce,0.2501,stock_downside_continuation,0.1984,stock_event_risk,0.1478,37.61,risk_off_pressure,supportive,63.58,56.0,51.71,51.4,9.5,0.4498,-0.0174,0.2466,0.5,87.5,"{""expected"": 9.72, ""lower"": 9.41, ""upper"": 10.04}","{""bounce_target_zone"": {""base"": 10.13, ""conservative"": 10.13, ""extended"": 10.76, ""meaning"": ""概率反抽情景参考区间，不是目标价承诺。"", ""not_trading_instruction"": true, ""source"": ""scenario_path + atr + recent_resistance""}, ""breakdown_level"": {""confidence"": ""low"", ""distance_pct"": -0.1251, ""meaning"": ""跌破该价位说明个股跌破结构风险上升"", ""not_trading_instruction"": true, ""price"": 8.53, ""source"": ""recent_low + risk_activation""}, ""breakout_level"": {""confidence"": ""low"", ""distance_pct"": 0.0518, ""meaning"": ""突破该价位说明个股突破情景需要重新评估"", ""not_trading_instruction"": true, ""price"": 10.26, ""source"": ""recent_high + primary_confirmation""}, ""failed_bounce_warning_zone"": {""critical_warning"": 8.53, ""first_warning"": 9.47, ""meaning"": ""跌入该区间说明失败反抽风险上升。"", ""not_trading_instruction"": true, ""source"": ""risk_path + atr + recent_support""}, ""nearest_resistance"": {""confidence"": ""low"", ""distance_pct"": 0.0518, ""meaning"": ""最近阻力代理，来自近期高点和 ATR 区间"", ""not_trading_instruction"": true, ""price"": 10.26, ""source"": ""price_structure + volatility_band""}, ""nearest_support"": {""confidence"": ""low"", ""distance_pct"": -0.0519, ""meaning"": ""最近支撑代理，来自近期低点和 ATR 区间"", ""not_trading_instruction"": true, ""price"": 9.24, ""source"": ""price_structure + volatility_band""}, ""primary_confirmation_level"": {""confidence"": ""low"", ""distance_pct"": 0.0518, ""meaning"": ""站上该价位说明个股主路径正在兑现"", ""not_trading_instruction"": true, ""price"": 10.26, ""source"": ""price_structure + scenario_path""}, ""primary_invalidation_level"": {""confidence"": ""low"", ""distance_pct"": -0.1251, ""meaning"": ""跌破该价位说明个股主路径失效概率上升"", ""not_trading_instruction"": true, ""price"": 8.53, ""source"": ""recent_low + volatility_band""}, ""risk_scenario_activation_level"": {""confidence"": ""low"", ""distance_pct"": -0.1251, ""meaning"": ""跌破该价位说明个股风险路径权重上升"", ""not_trading_instruction"": true, ""price"": 8.53, ""source"": ""volatility_band""}, ""trend_repair_confirmation_level"": {""confidence"": ""low"", ""distance_pct"": 0.0518, ""meaning"": ""突破该价位说明个股趋势修复概率提高"", ""not_trading_instruction"": true, ""price"": 10.26, ""source"": ""recent_high + scenario_path""}}","{""conflicting"": [""大盘风险背景压低个股置信度"", ""基础财务指标偏弱"", ""历史相似结构与主路径冲突"", ""个股 Alpha 评分已接入"", ""主路径和第二路径差距较小""], ""market_context"": ""risk_off_pressure"", ""missing"": [""options_volatility"", ""single_stock_options""], ""price_close"": 9.75, ""sector_relative_strength_20d"": 0.0376, ""supporting"": [""个股跑赢所属板块"", ""价格结构支持主路径""]}","{""10d"": 9.57, ""1d"": 9.72, ""20d"": 9.55, ""3d"": 9.68, ""5d"": 9.63, ""60d"": 9.58}",,,,,,,,,,,,,,,,,,,,,,,,,,,not_yet_validated,pending,4,failed_bounce_risk,MODERATE_OPPORTUNITY,53.93,9.5,100,63.87,58.04,"{""high"": 10.04, ""low"": 9.41, ""mid"": 9.72, ""range_pct"": 0.0646}",,,true
a8cb1182ad1226e1b208,2026-09-03,stock,stock_baseline_v1,TSLA,TSLA,QQQ,376.364990234375,stock_failed_bounce,0.2308,stock_trend_repair,0.2161,stock_downside_continuation,0.1659,50.09,market_headwind,supportive,78.66,82.14,75.4,100,23.5,0.6129,-0.0005,0.1425,0.71,87.5,"{""expected"": 376.05, ""lower"": 369.1, ""upper"": 382.99}","{""bounce_target_zone"": {""base"": 384.84, ""conservative"": 384.84, ""extended"": 395.33, ""meaning"": ""概率反抽情景参考区间，不是目标价承诺。"", ""not_trading_instruction"": true, ""source"": ""scenario_path + atr + recent_resistance""}, ""breakdown_level"": {""confidence"": ""low"", ""distance_pct"": -0.1464, ""meaning"": ""跌破该价位说明个股跌破结构风险上升"", ""not_trading_instruction"": true, ""price"": 321.25, ""source"": ""recent_low + risk_activation""}, ""breakout_level"": {""confidence"": ""low"", ""distance_pct"": 0.0204, ""meaning"": ""突破该价位说明个股突破情景需要重新评估"", ""not_trading_instruction"": true, ""price"": 384.04, ""source"": ""recent_high + primary_confirmation""}, ""failed_bounce_warning_zone"": {""critical_warning"": 321.25, ""first_warning"": 369.59, ""meaning"": ""跌入该区间说明失败反抽风险上升。"", ""not_trading_instruction"": true, ""source"": ""risk_path + atr + recent_support""}, ""nearest_resistance"": {""confidence"": ""low"", ""distance_pct"": 0.0204, ""meaning"": ""最近阻力代理，来自近期高点和 ATR 区间"", ""not_trading_instruction"": true, ""price"": 384.04, ""source"": ""price_structure + volatility_band""}, ""nearest_support"": {""confidence"": ""low"", ""distance_pct"": -0.03, ""meaning"": ""最近支撑代理，来自近期低点和 ATR 区间"", ""not_trading_instruction"": true, ""price"": 365.07, ""source"": ""price_structure + volatility_band""}, ""primary_confirmation_level"": {""confidence"": ""low"", ""distance_pct"": 0.0204, ""meaning"": ""站上该价位说明个股主路径正在兑现"", ""not_trading_instruction"": true, ""price"": 384.04, ""source"": ""price_structure + scenario_path""}, ""primary_invalidation_level"": {""confidence"": ""low"", ""distance_pct"": -0.1464, ""meaning"": ""跌破该价位说明个股主路径失效概率上升"", ""not_trading_instruction"": true, ""price"": 321.25, ""source"": ""recent_low + volatility_band""}, ""risk_scenario_activation_level"": {""confidence"": ""low"", ""distance_pct"": -0.1464, ""meaning"": ""跌破该价位说明个股风险路径权重上升"", ""not_trading_instruction"": true, ""price"": 321.25, ""source"": ""volatility_band""}, ""trend_repair_confirmation_level"": {""confidence"": ""low"", ""distance_pct"": 0.0204, ""meaning"": ""突破该价位说明个股趋势修复概率提高"", ""not_trading_instruction"": true, ""price"": 384.04, ""source"": ""recent_high + scenario_path""}}","{""conflicting"": [""大盘风险背景压低个股置信度"", ""公司新闻或财报事件风险上升"", ""历史相似结构与主路径冲突"", ""个股 Alpha 评分已接入"", ""主路径和第二路径差距较小""], ""market_context"": ""market_headwind"", ""missing"": [""options_volatility"", ""single_stock_options""], ""price_close"": 376.364990234375, ""sector_relative_strength_20d"": 0.1918, ""supporting"": [""个股跑赢所属板块"", ""价格结构支持主路径"", ""成交量确认当前路径"", ""个股相对强于大盘/benchmark""]}","{""10d"": 374.09, ""1d"": 376.05, ""20d"": 374.54, ""3d"": 375.43, ""5d"": 374.82, ""60d"": 376.16}",,,,,,,,,,,,,,,,,,,,,,,,,,,not_yet_validated,pending,1,failed_bounce_risk,HIGH_ELASTICITY,69.73,23.5,98.49,63.27,55.38,"{""high"": 382.99, ""low"": 369.1, ""mid"": 376.05, ""range_pct"": 0.0369}",,,true
